ticket_id,category,declared_team,created_at,resolved_at,lead_time_hours,reopened,reassignments,is_hidden_operational_debt,hero_involved,hero_absence_hit,is_cross_team_flow
TCK-00001,mantenimiento_operativo,team_alpha,2026-02-19 06:30:43.884684,2026-02-20 10:37:30.536063,28.1,True,0,True,True,False,False
TCK-00002,retencion_clientes,team_beta,2026-06-20 05:25:36.595322,2026-06-21 03:13:14.523175,21.8,False,0,False,False,False,False
TCK-00003,soporte_reactivo,team_gamma,2026-08-27 00:52:30.501246,2026-08-27 23:07:13.524316,22.2,False,0,False,False,False,False
TCK-00004,deuda_tecnica_critica,team_alpha,2026-01-18 10:53:39.824687,2026-01-19 04:54:30.053317,18.0,True,0,False,True,False,False
TCK-00005,cumplimiento_regulatorio,team_beta,2026-09-03 11:00:31.937049,2026-09-03 22:25:18.189809,11.4,False,0,False,False,False,False
TCK-00006,retencion_clientes,team_beta,2026-06-20 08:34:37.896947,2026-06-21 13:19:12.492941,28.7,False,0,False,False,False,False
TCK-00007,retencion_clientes,team_beta,2026-07-27 17:32:17.564666,2026-07-28 06:36:50.939486,13.1,False,0,False,False,False,False
TCK-00008,soporte_reactivo,team_gamma,2026-04-27 16:06:38.917335,2026-04-29 08:17:54.516472,40.2,False,4,False,False,False,False
TCK-00009,soporte_reactivo,team_alpha,2026-07-14 06:37:29.126454,2026-07-14 14:23:57.175866,7.8,False,0,False,False,False,False
TCK-00010,retencion_clientes,team_alpha,2026-06-15 00:40:40.609232,2026-06-15 09:02:12.716025,8.4,False,0,False,False,False,False
TCK-00011,deuda_tecnica_critica,team_alpha,2026-02-24 04:09:15.705997,2026-02-25 00:14:13.947228,20.1,False,0,False,False,False,False
TCK-00012,mantenimiento_operativo,team_beta,2026-07-10 17:03:51.854725,2026-07-12 00:02:26.685599,31.0,False,0,True,False,False,False
TCK-00013,mantenimiento_operativo,team_alpha,2026-07-20 14:54:28.410306,2026-07-21 03:28:40.569252,12.6,False,0,False,True,False,False
TCK-00014,retencion_clientes,team_beta,2026-04-01 02:35:27.700741,2026-04-01 18:24:06.553499,15.8,False,0,False,False,False,False
TCK-00015,retencion_clientes,team_alpha,2026-05-21 07:28:44.859539,2026-05-22 03:09:16.923614,19.7,False,0,False,False,False,False
TCK-00016,mantenimiento_operativo,team_beta,2026-04-24 00:14:10.372550,2026-04-24 03:41:32.833575,3.5,False,0,True,False,False,False
TCK-00017,deuda_tecnica_critica,team_growth,2025-12-30 17:31:43.502868,2026-01-11 11:56:53.236007,282.4,False,0,False,False,False,False
TCK-00018,mantenimiento_operativo,team_beta,2026-02-20 13:46:08.430709,2026-02-21 03:46:21.004270,14.0,False,0,True,False,False,False
TCK-00019,soporte_reactivo,team_growth,2026-03-26 19:16:08.532095,2026-03-27 12:32:05.052021,17.3,False,0,False,False,False,False
TCK-00020,deuda_tecnica_critica,team_beta,2026-05-18 20:35:11.938529,2026-05-19 18:40:38.819008,22.1,False,0,False,True,False,False
TCK-00021,retencion_clientes,team_alpha,2026-05-23 01:25:23.797280,2026-05-23 14:53:47.757653,13.5,False,0,False,False,False,False
TCK-00022,mantenimiento_operativo,team_alpha,2026-08-21 01:43:54.477133,2026-08-21 11:26:15.600432,9.7,False,0,False,True,False,False
TCK-00023,soporte_reactivo,team_alpha,2026-01-04 18:56:17.470297,2026-01-05 10:18:19.302007,15.4,False,0,False,False,False,False
TCK-00024,mantenimiento_operativo,team_growth,2026-05-27 11:16:14.124061,2026-05-28 04:24:32.557881,17.1,False,0,False,True,False,False
TCK-00025,mantenimiento_operativo,team_beta,2026-05-25 15:43:03.719684,2026-05-26 00:24:56.275790,8.7,False,0,True,False,False,False
TCK-00026,soporte_reactivo,team_alpha,2026-06-03 05:02:27.886692,2026-06-04 00:10:59.336443,19.1,False,0,False,False,False,False
TCK-00027,mantenimiento_operativo,team_beta,2026-07-25 13:01:27.575310,2026-07-26 01:32:56.296234,12.5,False,0,False,True,False,False
TCK-00028,retencion_clientes,team_alpha,2026-06-15 02:56:38.895559,2026-06-17 06:03:59.664921,51.1,False,0,False,False,False,False
TCK-00029,deuda_tecnica_critica,team_beta,2025-12-22 22:38:28.542021,2025-12-27 23:36:09.112541,121.0,False,0,False,False,False,False
TCK-00030,soporte_reactivo,team_beta,2026-08-16 18:21:14.730551,2026-08-17 20:41:59.620029,26.3,False,0,False,False,False,False
TCK-00031,cumplimiento_regulatorio,team_alpha,2026-03-19 10:17:21.771479,2026-03-20 09:46:17.204465,23.5,False,0,False,False,False,False
TCK-00032,soporte_reactivo,team_gamma,2026-05-23 11:11:35.454199,2026-05-24 01:31:05.374037,14.3,True,0,False,False,False,False
TCK-00033,deuda_tecnica_critica,team_growth,2026-06-16 09:24:41.235755,2026-06-18 14:45:01.720341,53.3,False,0,False,True,True,False
TCK-00034,mantenimiento_operativo,team_gamma,2026-06-11 02:26:19.932405,2026-06-11 16:27:01.573230,14.0,False,0,False,True,False,False
TCK-00035,retencion_clientes,team_beta,2026-03-06 03:02:28.328053,2026-03-06 19:32:55.210226,16.5,False,0,False,False,False,False
TCK-00036,mantenimiento_operativo,team_beta,2026-07-14 17:09:25.697931,2026-07-15 18:55:27.560434,25.8,True,0,True,True,False,False
TCK-00037,deuda_tecnica_critica,team_beta,2026-05-27 08:42:08.887197,2026-06-03 11:11:59.745598,170.5,True,0,False,True,False,False
TCK-00038,retencion_clientes,team_alpha,2026-01-31 23:38:21.464353,2026-02-01 15:17:13.484637,15.6,False,0,False,False,False,False
TCK-00039,deuda_tecnica_critica,team_gamma,2026-08-09 14:28:07.997356,2026-08-10 06:31:27.715473,16.1,False,0,False,True,False,False
TCK-00040,cumplimiento_regulatorio,team_gamma,2026-05-03 12:28:00.514509,2026-05-04 01:03:47.176401,12.6,False,0,False,False,False,False
TCK-00041,deuda_tecnica_critica,team_gamma,2026-01-06 17:28:26.049730,2026-01-12 05:03:19.392390,131.6,False,0,False,False,False,False
TCK-00042,mantenimiento_operativo,team_alpha,2026-03-29 14:04:21.102822,2026-03-30 13:12:26.769278,23.1,False,0,False,True,False,False
TCK-00043,deuda_tecnica_critica,team_growth,2026-05-10 02:24:05.363666,2026-05-22 03:20:48.057939,288.9,False,0,False,True,False,False
TCK-00044,cumplimiento_regulatorio,team_beta,2026-08-17 01:17:04.946837,2026-08-17 20:52:48.079499,19.6,False,0,False,False,False,False
TCK-00045,deuda_tecnica_critica,team_beta,2026-02-02 12:47:47.791052,2026-02-03 21:47:35.783261,33.0,False,0,False,True,False,False
TCK-00046,retencion_clientes,team_growth,2026-04-20 00:09:05.321934,2026-04-21 04:32:59.826613,28.4,False,0,False,False,False,False
TCK-00047,cumplimiento_regulatorio,team_beta,2026-05-30 00:41:41.193197,2026-05-30 22:15:16.906811,21.6,False,0,False,False,False,False
TCK-00048,soporte_reactivo,team_gamma,2026-05-26 07:05:38.620127,2026-05-27 22:54:32.135438,39.8,False,4,False,False,False,False
TCK-00049,deuda_tecnica_critica,team_alpha,2026-07-11 18:33:38.890282,2026-07-19 12:44:22.305552,186.2,False,0,False,True,False,False
TCK-00050,retencion_clientes,team_gamma,2026-07-23 23:34:42.592712,2026-07-24 05:44:36.806338,6.2,False,0,False,False,False,False
TCK-00051,cumplimiento_regulatorio,team_gamma,2026-07-24 12:26:57.408519,2026-07-25 10:55:47.277493,22.5,True,0,False,False,False,False
TCK-00052,soporte_reactivo,team_gamma,2026-02-10 14:04:56.089715,2026-02-11 08:49:25.362095,18.7,False,4,False,False,False,False
TCK-00053,soporte_reactivo,team_growth,2026-03-04 08:20:17.869914,2026-03-05 11:40:57.681541,27.3,False,0,False,False,False,False
TCK-00054,mantenimiento_operativo,team_gamma,2026-04-15 14:49:11.538286,2026-04-16 07:19:05.882788,16.5,False,0,False,True,False,False
TCK-00055,soporte_reactivo,team_beta,2026-06-30 02:31:32.146741,2026-06-30 19:43:40.902434,17.2,False,0,False,False,False,False
TCK-00056,soporte_reactivo,team_gamma,2026-05-06 22:05:57.003872,2026-05-07 11:00:49.565763,12.9,False,0,False,False,False,False
TCK-00057,mantenimiento_operativo,team_gamma,2026-04-12 02:22:53.602122,2026-04-12 10:26:03.741047,8.1,True,0,True,True,False,False
TCK-00058,cumplimiento_regulatorio,team_beta,2026-08-24 21:26:20.707429,2026-08-25 08:57:01.607946,11.5,False,0,False,False,False,False
TCK-00059,deuda_tecnica_critica,team_growth,2026-09-04 17:35:55.739648,2026-09-06 05:44:23.412906,36.1,False,0,False,False,False,False
TCK-00060,soporte_reactivo,team_alpha,2026-05-11 15:40:14.454748,2026-05-12 07:34:39.103522,15.9,False,0,False,False,False,False
TCK-00061,retencion_clientes,team_gamma,2026-04-15 16:38:21.249416,2026-04-16 15:54:56.954480,23.3,False,0,False,False,False,False
TCK-00062,deuda_tecnica_critica,team_beta,2026-07-23 10:22:27.031348,2026-07-27 12:54:38.835700,98.5,False,0,False,True,False,False
TCK-00063,mantenimiento_operativo,team_gamma,2026-04-26 05:32:15.342125,2026-04-27 07:12:25.097584,25.7,False,0,True,True,False,False
TCK-00064,deuda_tecnica_critica,team_alpha,2026-07-22 01:14:20.831436,2026-07-22 19:22:55.114400,18.1,False,0,False,False,False,False
TCK-00065,mantenimiento_operativo,team_growth,2026-03-18 14:01:56.344922,2026-03-20 14:33:26.113996,48.5,False,0,True,True,False,False
TCK-00066,mantenimiento_operativo,team_alpha,2026-02-21 06:15:24.091173,2026-02-22 00:09:26.659454,17.9,False,0,True,True,False,False
TCK-00067,soporte_reactivo,team_growth,2026-02-25 03:28:39.631497,2026-02-27 16:26:05.221672,61.0,False,4,False,False,False,False
TCK-00068,retencion_clientes,team_alpha,2026-04-27 10:40:05.555776,2026-04-28 08:15:38.751041,21.6,False,0,False,False,False,False
TCK-00069,mantenimiento_operativo,team_beta,2026-08-17 16:04:53.160833,2026-08-18 04:52:18.585172,12.8,False,0,False,True,False,False
TCK-00070,mantenimiento_operativo,team_alpha,2026-07-26 07:20:48.723997,2026-07-27 17:05:46.002176,33.7,False,0,False,True,False,False
TCK-00071,deuda_tecnica_critica,team_gamma,2026-09-02 06:43:35.958991,2026-09-03 00:51:15.526486,18.1,False,0,False,False,False,False
TCK-00072,deuda_tecnica_critica,team_growth,2026-07-14 08:37:25.255386,2026-07-22 13:11:11.392228,196.6,True,0,False,False,False,False
TCK-00073,mantenimiento_operativo,team_beta,2026-06-07 21:24:33.249889,2026-06-08 13:15:57.881246,15.9,False,0,False,True,False,False
TCK-00074,mantenimiento_operativo,team_growth,2026-08-04 13:21:21.566357,2026-08-04 22:38:05.859142,9.3,False,0,True,False,False,False
TCK-00075,mantenimiento_operativo,team_alpha,2026-08-12 18:46:37.324708,2026-08-13 11:58:30.745261,17.2,False,0,False,True,False,False
TCK-00076,soporte_reactivo,team_beta,2026-01-06 07:14:19.356711,2026-01-07 19:19:10.114682,36.1,False,4,False,False,False,False
TCK-00077,mantenimiento_operativo,team_alpha,2026-09-04 02:27:53.213722,2026-09-04 20:33:54.391234,18.1,False,0,False,True,False,False
TCK-00078,mantenimiento_operativo,team_beta,2026-03-21 11:58:48.871889,2026-03-22 09:06:56.303099,21.1,False,0,False,False,False,False
TCK-00079,cumplimiento_regulatorio,team_gamma,2026-02-15 08:33:10.679659,2026-02-16 04:12:32.814395,19.7,False,0,False,False,False,False
TCK-00080,mantenimiento_operativo,team_alpha,2025-12-25 05:11:54.307400,2025-12-26 01:14:24.931072,20.0,False,0,True,True,False,False
TCK-00081,cumplimiento_regulatorio,team_gamma,2026-02-22 11:19:47.056160,2026-02-22 22:08:15.819097,10.8,False,0,False,False,False,False
TCK-00082,cumplimiento_regulatorio,team_beta,2026-06-26 07:01:05.839681,2026-06-26 18:12:26.511028,11.2,False,0,False,False,False,False
TCK-00083,deuda_tecnica_critica,team_growth,2026-06-12 13:05:14.896149,2026-06-20 09:15:14.590714,188.2,False,0,False,False,False,False
TCK-00084,retencion_clientes,team_beta,2026-06-02 18:10:08.206765,2026-06-03 18:17:11.523243,24.1,False,0,False,False,False,False
TCK-00085,deuda_tecnica_critica,team_gamma,2026-01-16 03:31:34.526682,2026-01-17 03:19:31.353017,23.8,False,0,False,True,False,False
TCK-00086,deuda_tecnica_critica,team_alpha,2026-04-03 12:37:01.318935,2026-04-17 21:04:55.881158,344.5,False,0,False,False,False,False
TCK-00087,soporte_reactivo,team_gamma,2026-02-27 11:36:21.469967,2026-02-27 21:21:22.868301,9.8,False,0,False,False,False,False
TCK-00088,deuda_tecnica_critica,team_beta,2026-07-12 22:10:50.577058,2026-07-17 06:04:33.768490,103.9,False,0,False,False,False,False
TCK-00089,soporte_reactivo,team_alpha,2026-09-04 01:40:25.160768,2026-09-04 13:59:15.042329,12.3,False,0,False,False,False,False
TCK-00090,mantenimiento_operativo,team_beta,2025-12-20 13:22:03.688072,2025-12-21 09:33:49.267307,20.2,False,0,False,True,False,False
TCK-00091,soporte_reactivo,team_alpha,2026-08-23 21:50:36.561444,2026-08-24 10:04:16.294642,12.2,False,0,False,False,False,False
TCK-00092,cumplimiento_regulatorio,team_growth,2026-06-23 03:52:20.505884,2026-06-24 12:19:53.656288,32.5,False,0,False,False,False,False
TCK-00093,mantenimiento_operativo,team_gamma,2026-05-23 16:24:43.916643,2026-05-24 15:00:17.501056,22.6,False,0,False,False,False,False
TCK-00094,mantenimiento_operativo,team_beta,2026-08-08 17:15:32.039449,2026-08-08 23:50:03.895130,6.6,False,0,True,True,False,False
TCK-00095,retencion_clientes,team_growth,2026-01-10 01:56:36.408607,2026-01-11 03:56:44.231411,26.0,False,0,False,False,False,False
TCK-00096,deuda_tecnica_critica,team_gamma,2026-08-22 18:35:09.477241,2026-08-24 07:22:14.981949,36.8,False,0,False,False,False,False
TCK-00097,mantenimiento_operativo,team_alpha,2026-01-15 19:40:14.138590,2026-01-16 07:38:35.291342,12.0,False,0,False,True,False,False
TCK-00098,mantenimiento_operativo,team_alpha,2026-08-17 13:58:43.081576,2026-08-18 02:36:47.257598,12.6,False,0,False,True,False,False
TCK-00099,retencion_clientes,team_alpha,2026-03-26 01:35:47.112987,2026-03-26 07:44:21.629800,6.1,False,0,False,False,False,False
TCK-00100,soporte_reactivo,team_alpha,2026-06-12 23:26:27.598198,2026-06-13 07:47:08.804838,8.3,False,0,False,False,False,False
TCK-00101,soporte_reactivo,team_alpha,2026-03-01 10:26:51.178962,2026-03-03 07:55:31.066159,45.5,True,4,False,False,False,False
TCK-00102,cumplimiento_regulatorio,team_growth,2026-05-06 12:13:25.436773,2026-05-07 20:56:20.019460,32.7,True,0,False,False,False,False
TCK-00103,soporte_reactivo,team_alpha,2026-08-01 20:01:10.871662,2026-08-02 06:36:41.541442,10.6,False,0,False,False,False,False
TCK-00104,soporte_reactivo,team_gamma,2026-08-24 11:49:37.226345,2026-08-27 11:10:47.070640,71.4,False,4,False,False,False,False
TCK-00105,soporte_reactivo,team_alpha,2026-08-13 10:40:06.862257,2026-08-15 12:08:00.084956,49.5,False,4,False,False,False,False
TCK-00106,cumplimiento_regulatorio,team_gamma,2026-05-31 14:06:09.748377,2026-06-01 01:10:18.591106,11.1,False,0,False,False,False,False
TCK-00107,mantenimiento_operativo,team_gamma,2026-03-08 15:11:38.147482,2026-03-09 14:40:45.951020,23.5,False,0,False,True,False,False
TCK-00108,soporte_reactivo,team_alpha,2026-03-11 13:54:36.762910,2026-03-15 10:24:12.076581,92.5,False,4,False,False,False,False
TCK-00109,mantenimiento_operativo,team_beta,2026-08-16 15:04:40.723622,2026-08-17 13:00:40.239702,21.9,False,0,True,True,False,False
TCK-00110,mantenimiento_operativo,team_beta,2026-05-19 19:13:23.925971,2026-05-20 08:21:55.700231,13.1,False,0,False,True,False,False
TCK-00111,retencion_clientes,team_beta,2026-07-24 01:10:44.643392,2026-07-25 15:47:44.936716,38.6,False,0,False,False,False,False
TCK-00112,deuda_tecnica_critica,team_beta,2026-03-16 22:25:03.774132,2026-03-17 20:29:07.303528,22.1,False,0,False,False,False,False
TCK-00113,deuda_tecnica_critica,team_alpha,2026-01-20 02:28:18.852570,2026-01-28 16:33:02.194370,206.1,False,0,False,False,False,False
TCK-00114,deuda_tecnica_critica,team_beta,2026-05-27 04:23:12.784993,2026-05-31 14:28:58.348082,106.1,False,0,False,False,False,False
TCK-00115,mantenimiento_operativo,team_growth,2026-04-28 15:29:11.608300,2026-04-29 01:15:36.667811,9.8,False,0,False,False,False,False
TCK-00116,soporte_reactivo,team_alpha,2026-02-26 15:57:09.595444,2026-02-27 06:23:53.732311,14.4,False,0,False,False,False,False
TCK-00117,retencion_clientes,team_growth,2026-03-28 17:00:59.438749,2026-03-30 18:19:05.863817,49.3,False,0,False,False,False,False
TCK-00118,soporte_reactivo,team_beta,2026-03-02 09:33:10.680885,2026-03-02 22:53:14.613751,13.3,False,0,False,False,False,False
TCK-00119,mantenimiento_operativo,team_beta,2026-06-27 02:12:47.644800,2026-06-27 10:59:33.495151,8.8,False,0,False,True,True,False
TCK-00120,cumplimiento_regulatorio,team_growth,2026-05-23 12:15:37.124383,2026-05-24 05:11:31.195907,16.9,False,0,False,False,False,False
TCK-00121,soporte_reactivo,team_gamma,2026-04-05 18:22:11.659895,2026-04-06 13:32:43.442553,19.2,False,0,False,False,False,False
TCK-00122,cumplimiento_regulatorio,team_alpha,2026-02-21 14:12:56.377441,2026-02-21 21:28:02.627055,7.3,False,0,False,False,False,False
TCK-00123,soporte_reactivo,team_gamma,2026-03-19 17:37:18.959830,2026-03-20 08:28:28.635859,14.9,False,0,False,False,False,False
TCK-00124,retencion_clientes,team_growth,2025-12-27 23:36:28.487491,2025-12-29 13:00:11.313477,37.4,True,0,False,False,False,False
TCK-00125,mantenimiento_operativo,team_beta,2026-08-01 20:12:03.793624,2026-08-02 09:12:55.290378,13.0,False,0,False,True,False,False
TCK-00126,mantenimiento_operativo,team_beta,2026-04-27 05:14:55.594534,2026-04-27 08:26:00.550926,3.2,False,0,True,True,False,False
TCK-00127,mantenimiento_operativo,team_gamma,2026-06-24 13:20:10.017392,2026-06-26 01:15:26.823856,35.9,False,0,False,True,True,False
TCK-00128,mantenimiento_operativo,team_alpha,2026-03-22 15:39:31.647385,2026-03-24 02:29:37.444631,34.8,False,0,True,True,False,False
TCK-00129,soporte_reactivo,team_growth,2026-05-25 17:24:11.201459,2026-05-26 16:04:04.946678,22.7,False,0,False,False,False,False
TCK-00130,retencion_clientes,team_gamma,2026-02-20 12:31:48.409226,2026-02-21 17:13:23.817713,28.7,False,0,False,False,False,False
TCK-00131,retencion_clientes,team_gamma,2026-02-11 05:40:04.460501,2026-02-11 18:21:59.326265,12.7,False,0,False,False,False,False
TCK-00132,deuda_tecnica_critica,team_growth,2026-04-13 07:54:25.869031,2026-04-13 16:57:54.241441,9.1,False,0,False,False,False,False
TCK-00133,cumplimiento_regulatorio,team_beta,2026-04-30 04:41:11.541511,2026-04-30 13:42:06.744893,9.0,False,0,False,False,False,False
TCK-00134,mantenimiento_operativo,team_gamma,2026-09-02 20:57:21.782189,2026-09-03 02:27:15.451742,5.5,False,0,False,True,False,False
TCK-00135,mantenimiento_operativo,team_alpha,2026-06-04 14:16:24.342591,2026-06-05 02:29:25.512861,12.2,False,0,True,True,False,False
TCK-00136,mantenimiento_operativo,team_alpha,2026-01-29 00:13:08.501164,2026-01-29 18:14:58.332931,18.0,False,0,False,True,False,False
TCK-00137,retencion_clientes,team_gamma,2026-01-10 03:12:16.804006,2026-01-10 11:28:09.630544,8.3,True,0,False,False,False,False
TCK-00138,mantenimiento_operativo,team_alpha,2026-06-06 22:11:11.964510,2026-06-07 06:11:22.889865,8.0,False,0,True,True,False,False
TCK-00139,retencion_clientes,team_growth,2026-06-16 20:34:56.337025,2026-06-18 09:52:48.367482,37.3,False,0,False,False,False,False
TCK-00140,retencion_clientes,team_gamma,2026-08-01 11:32:38.566311,2026-08-02 17:32:34.844424,30.0,False,0,False,False,False,False
TCK-00141,soporte_reactivo,team_alpha,2026-01-22 16:58:54.331147,2026-01-24 07:44:46.081864,38.8,False,0,False,False,False,False
TCK-00142,soporte_reactivo,team_gamma,2026-01-27 14:25:03.862693,2026-01-29 22:02:45.549608,55.6,False,4,False,False,False,False
TCK-00143,retencion_clientes,team_growth,2026-07-28 21:00:58.478049,2026-07-29 02:29:08.831886,5.5,False,0,False,False,False,False
TCK-00144,mantenimiento_operativo,team_beta,2026-03-02 20:30:24.455407,2026-03-04 01:04:18.995030,28.6,False,0,True,True,False,False
TCK-00145,retencion_clientes,team_gamma,2026-02-07 03:00:29.256025,2026-02-08 00:48:16.144565,21.8,False,0,False,False,False,False
TCK-00146,retencion_clientes,team_growth,2026-05-26 00:49:00.920957,2026-05-26 06:30:34.884346,5.7,False,0,False,False,False,False
TCK-00147,mantenimiento_operativo,team_gamma,2026-04-29 19:31:23.924065,2026-04-30 14:47:53.926480,19.3,False,0,False,True,False,False
TCK-00148,cumplimiento_regulatorio,team_gamma,2026-06-26 14:03:43.170587,2026-06-27 01:23:09.462512,11.3,True,0,False,False,False,False
TCK-00149,deuda_tecnica_critica,team_growth,2026-06-25 11:43:22.195864,2026-07-07 16:09:19.105826,292.4,False,0,False,False,False,False
TCK-00150,mantenimiento_operativo,team_beta,2026-07-09 17:49:25.822175,2026-07-10 19:51:41.214034,26.0,False,0,False,False,False,False
TCK-00151,mantenimiento_operativo,team_beta,2026-05-06 15:41:17.270468,2026-05-07 08:14:30.937713,16.6,False,0,False,False,False,False
TCK-00152,cumplimiento_regulatorio,team_gamma,2026-06-21 04:10:11.849810,2026-06-21 16:48:57.398477,12.6,False,0,False,False,False,False
TCK-00153,mantenimiento_operativo,team_growth,2026-07-21 05:52:50.327149,2026-07-21 21:03:05.007866,15.2,False,0,True,False,False,False
TCK-00154,deuda_tecnica_critica,team_gamma,2026-06-18 20:38:58.099610,2026-06-19 12:55:17.858384,16.3,False,0,False,False,False,False
TCK-00155,soporte_reactivo,team_beta,2026-04-04 21:35:48.077041,2026-04-05 14:17:22.852727,16.7,False,0,False,False,False,False
TCK-00156,retencion_clientes,team_growth,2026-07-04 16:35:39.616223,2026-07-05 20:01:30.066306,27.4,False,0,False,False,False,False
TCK-00157,retencion_clientes,team_alpha,2026-04-06 02:44:54.553482,2026-04-07 00:57:37.343544,22.2,True,0,False,False,False,False
TCK-00158,cumplimiento_regulatorio,team_alpha,2026-03-01 18:48:43.592207,2026-03-02 12:06:05.153540,17.3,False,0,False,False,False,False
TCK-00159,mantenimiento_operativo,team_alpha,2026-06-06 04:05:41.115087,2026-06-07 02:25:21.362533,22.3,False,0,False,True,False,False
TCK-00160,retencion_clientes,team_growth,2026-04-01 14:17:58.014792,2026-04-02 03:58:01.574106,13.7,False,0,False,False,False,False
TCK-00161,mantenimiento_operativo,team_beta,2026-02-25 03:05:02.110174,2026-02-25 08:24:45.471371,5.3,False,0,True,True,False,False
TCK-00162,deuda_tecnica_critica,team_growth,2026-07-08 09:11:20.622603,2026-07-16 13:06:24.389263,195.9,False,0,False,False,False,False
TCK-00163,cumplimiento_regulatorio,team_growth,2026-07-05 01:44:57.581576,2026-07-06 10:27:36.074886,32.7,False,0,False,False,False,False
TCK-00164,retencion_clientes,team_alpha,2026-01-01 17:46:52.256858,2026-01-02 22:38:07.176745,28.9,False,0,False,False,False,False
TCK-00165,retencion_clientes,team_beta,2026-04-24 21:56:45.128567,2026-04-25 18:10:06.453258,20.2,False,0,False,False,False,False
TCK-00166,cumplimiento_regulatorio,team_growth,2026-06-26 01:03:40.707673,2026-06-26 13:49:36.016415,12.8,False,0,False,False,False,False
TCK-00167,soporte_reactivo,team_alpha,2026-08-21 00:56:47.763270,2026-08-22 13:50:44.231329,36.9,False,4,False,False,False,False
TCK-00168,retencion_clientes,team_beta,2026-03-18 12:48:59.335938,2026-03-19 06:58:24.359949,18.2,False,0,False,False,False,False
TCK-00169,mantenimiento_operativo,team_gamma,2026-06-24 22:26:15.651848,2026-06-25 12:19:39.114983,13.9,False,0,True,True,True,False
TCK-00170,cumplimiento_regulatorio,team_alpha,2026-05-28 07:54:41.752255,2026-05-28 18:46:26.922479,10.9,False,0,False,False,False,False
TCK-00171,soporte_reactivo,team_alpha,2026-04-01 23:24:27.472167,2026-04-02 13:39:07.475854,14.2,False,0,False,False,False,False
TCK-00172,mantenimiento_operativo,team_gamma,2026-07-09 02:20:34.912991,2026-07-09 17:11:45.332118,14.9,False,0,True,True,False,False
TCK-00173,retencion_clientes,team_beta,2026-04-08 13:59:44.532216,2026-04-09 21:00:23.817647,31.0,False,0,False,False,False,False
TCK-00174,deuda_tecnica_critica,team_growth,2026-04-20 20:34:46.912158,2026-05-04 02:51:47.329922,318.3,False,0,False,False,False,False
TCK-00175,retencion_clientes,team_growth,2026-03-13 21:28:21.502018,2026-03-15 00:50:57.432545,27.4,False,0,False,False,False,False
TCK-00176,retencion_clientes,team_alpha,2026-07-17 14:34:40.546306,2026-07-18 06:22:49.721932,15.8,False,0,False,False,False,False
TCK-00177,soporte_reactivo,team_alpha,2026-08-28 07:48:47.724797,2026-08-28 17:04:11.480515,9.3,False,0,False,False,False,False
TCK-00178,mantenimiento_operativo,team_gamma,2026-03-21 16:20:23.173289,2026-03-22 01:23:01.614556,9.0,False,0,True,False,False,False
TCK-00179,soporte_reactivo,team_beta,2026-05-12 00:03:41.558862,2026-05-13 23:30:52.854729,47.5,False,4,False,False,False,False
TCK-00180,soporte_reactivo,team_gamma,2026-06-25 06:11:38.600329,2026-06-26 08:00:27.699869,25.8,False,4,False,False,False,False
TCK-00181,deuda_tecnica_critica,team_growth,2026-06-03 08:57:13.836952,2026-06-04 02:07:18.232069,17.2,False,0,False,True,False,False
TCK-00182,soporte_reactivo,team_gamma,2026-07-19 20:40:47.730045,2026-07-20 17:31:04.599083,20.8,False,0,False,False,False,False
TCK-00183,cumplimiento_regulatorio,team_gamma,2026-02-25 05:11:07.170948,2026-02-25 23:10:59.869839,18.0,False,0,False,False,False,False
TCK-00184,deuda_tecnica_critica,team_alpha,2026-07-05 15:57:57.625649,2026-07-13 06:55:01.035261,183.0,False,0,False,False,False,False
TCK-00185,cumplimiento_regulatorio,team_growth,2026-05-15 07:50:53.353567,2026-05-17 04:11:34.280722,44.3,True,0,False,False,False,False
TCK-00186,cumplimiento_regulatorio,team_alpha,2026-08-11 16:37:19.558205,2026-08-12 11:50:25.828460,19.2,False,0,False,False,False,False
TCK-00187,mantenimiento_operativo,team_growth,2026-01-28 10:11:00.940364,2026-01-29 22:32:04.252699,36.4,False,0,False,False,False,False
TCK-00188,soporte_reactivo,team_gamma,2026-04-11 04:52:52.637105,2026-04-12 09:16:08.691329,28.4,False,4,False,False,False,False
TCK-00189,deuda_tecnica_critica,team_growth,2026-03-04 15:36:48.590223,2026-03-16 18:32:30.742210,290.9,False,0,False,False,False,False
TCK-00190,mantenimiento_operativo,team_gamma,2026-07-06 03:09:49.262537,2026-07-06 16:05:42.567648,12.9,False,0,True,True,False,False
TCK-00191,cumplimiento_regulatorio,team_gamma,2025-12-19 15:29:10.718383,2025-12-20 03:58:21.392065,12.5,False,0,False,False,False,False
TCK-00192,mantenimiento_operativo,team_beta,2026-02-25 12:04:02.027528,2026-02-26 06:35:11.522713,18.5,False,0,True,True,False,False
TCK-00193,retencion_clientes,team_growth,2026-04-16 16:59:59.947009,2026-04-17 09:40:55.805674,16.7,False,0,False,False,False,False
TCK-00194,soporte_reactivo,team_growth,2026-03-05 23:46:06.278013,2026-03-07 08:49:12.463839,33.1,False,0,False,False,False,False
TCK-00195,soporte_reactivo,team_growth,2026-03-12 17:38:11.292493,2026-03-15 12:09:05.018601,66.5,False,4,False,False,False,False
TCK-00196,retencion_clientes,team_growth,2026-06-02 05:01:01.963910,2026-06-03 20:21:36.845529,39.3,False,0,False,False,False,False
TCK-00197,deuda_tecnica_critica,team_growth,2026-04-29 15:03:23.074804,2026-05-01 10:04:57.987130,43.0,False,0,False,False,False,False
TCK-00198,soporte_reactivo,team_gamma,2026-05-27 17:37:53.251365,2026-05-29 03:10:58.241026,33.6,False,4,False,False,False,False
TCK-00199,cumplimiento_regulatorio,team_growth,2026-08-17 07:40:56.582789,2026-08-18 08:35:31.361602,24.9,False,0,False,False,False,False
TCK-00200,retencion_clientes,team_growth,2026-04-11 11:44:07.322699,2026-04-12 14:10:09.417392,26.4,False,0,False,False,False,False
TCK-00201,retencion_clientes,team_alpha,2026-08-19 19:18:24.334803,2026-08-20 05:53:46.073710,10.6,False,0,False,False,False,False
TCK-00202,retencion_clientes,team_growth,2026-06-04 02:26:44.360009,2026-06-05 09:09:30.249616,30.7,True,0,False,False,False,False
TCK-00203,soporte_reactivo,team_beta,2026-07-03 17:47:24.541774,2026-07-04 17:19:10.208924,23.5,False,0,False,False,False,False
TCK-00204,deuda_tecnica_critica,team_growth,2026-03-09 10:15:00.503739,2026-03-27 19:29:07.120471,441.2,False,0,False,False,False,False
TCK-00205,cumplimiento_regulatorio,team_alpha,2026-01-16 14:36:00.399341,2026-01-16 23:29:11.290558,8.9,False,0,False,False,False,False
TCK-00206,mantenimiento_operativo,team_beta,2026-04-07 11:31:35.954348,2026-04-08 01:11:18.118309,13.7,False,0,True,True,False,False
TCK-00207,deuda_tecnica_critica,team_gamma,2026-04-23 19:06:45.819628,2026-04-24 02:39:41.063287,7.5,False,0,False,True,False,False
TCK-00208,retencion_clientes,team_alpha,2026-03-03 18:41:30.569256,2026-03-04 10:15:05.722565,15.6,False,0,False,False,False,False
TCK-00209,retencion_clientes,team_growth,2026-05-17 03:27:40.979131,2026-05-18 07:15:45.563218,27.8,False,0,False,False,False,False
TCK-00210,deuda_tecnica_critica,team_growth,2026-07-03 11:33:26.447651,2026-07-03 22:53:29.339496,11.3,False,0,False,False,False,False
TCK-00211,soporte_reactivo,team_beta,2026-06-29 20:13:06.835971,2026-07-01 06:07:56.462823,33.9,False,4,False,False,False,False
TCK-00212,mantenimiento_operativo,team_gamma,2026-02-25 05:18:06.845503,2026-02-26 00:25:57.626498,19.1,False,0,True,True,False,False
TCK-00213,cumplimiento_regulatorio,team_beta,2026-06-13 13:51:06.341514,2026-06-14 09:49:24.608167,20.0,False,0,False,False,False,False
TCK-00214,mantenimiento_operativo,team_alpha,2026-06-18 11:18:53.985698,2026-06-20 08:03:01.049869,44.7,False,0,False,True,True,False
TCK-00215,cumplimiento_regulatorio,team_gamma,2026-07-15 05:30:41.808529,2026-07-15 14:46:14.200210,9.3,False,0,False,False,False,False
TCK-00216,mantenimiento_operativo,team_gamma,2026-01-19 23:34:45.955042,2026-01-20 11:55:43.632967,12.3,False,0,False,True,False,False
TCK-00217,cumplimiento_regulatorio,team_growth,2026-02-07 23:44:37.653675,2026-02-09 19:56:16.768124,44.2,False,0,False,False,False,False
TCK-00218,soporte_reactivo,team_beta,2026-05-31 03:50:35.461281,2026-06-01 12:34:35.749860,32.7,False,4,False,False,False,False
TCK-00219,cumplimiento_regulatorio,team_alpha,2026-06-18 07:02:13.801692,2026-06-18 14:45:51.626655,7.7,False,0,False,False,False,False
TCK-00220,soporte_reactivo,team_gamma,2026-07-09 08:12:31.233665,2026-07-09 20:26:02.428025,12.2,False,0,False,False,False,False
TCK-00221,deuda_tecnica_critica,team_beta,2026-05-28 15:14:36.384506,2026-05-29 02:14:53.434454,11.0,False,0,False,False,False,False
TCK-00222,retencion_clientes,team_growth,2026-02-20 00:55:16.841166,2026-02-20 19:53:19.473286,19.0,False,0,False,False,False,False
TCK-00223,mantenimiento_operativo,team_beta,2026-04-30 09:33:48.673762,2026-04-30 17:11:21.678483,7.6,False,0,True,True,False,False
TCK-00224,cumplimiento_regulatorio,team_alpha,2026-01-20 08:24:40.037256,2026-01-21 11:10:45.436858,26.8,False,0,False,False,False,False
TCK-00225,soporte_reactivo,team_alpha,2026-08-17 20:36:15.399414,2026-08-18 15:59:40.558255,19.4,False,0,False,False,False,False
TCK-00226,mantenimiento_operativo,team_beta,2026-03-08 12:00:28.053079,2026-03-09 04:09:19.860590,16.1,False,0,False,True,False,False
TCK-00227,soporte_reactivo,team_beta,2026-01-08 05:18:48.231972,2026-01-08 20:02:41.742342,14.7,True,0,False,False,False,False
TCK-00228,retencion_clientes,team_beta,2026-01-28 18:58:31.917897,2026-01-29 04:42:36.400876,9.7,False,0,False,False,False,False
TCK-00229,retencion_clientes,team_gamma,2026-01-16 15:50:26.667585,2026-01-17 06:35:37.038635,14.8,False,0,False,False,False,False
TCK-00230,mantenimiento_operativo,team_alpha,2025-12-31 01:35:33.881848,2026-01-01 00:31:03.123281,22.9,False,0,False,False,False,False
TCK-00231,soporte_reactivo,team_alpha,2026-02-19 04:20:50.007367,2026-02-19 16:49:44.965773,12.5,False,0,False,False,False,False
TCK-00232,retencion_clientes,team_growth,2026-04-05 16:23:31.079286,2026-04-07 07:07:35.753298,38.7,False,0,False,False,False,False
TCK-00233,retencion_clientes,team_alpha,2026-08-05 18:39:51.389483,2026-08-06 17:48:44.473647,23.1,False,0,False,False,False,False
TCK-00234,mantenimiento_operativo,team_gamma,2026-03-06 21:51:47.499210,2026-03-07 04:42:58.767523,6.9,False,0,False,False,False,False
TCK-00235,soporte_reactivo,team_beta,2026-08-20 11:02:53.904987,2026-08-20 23:02:35.574248,12.0,True,0,False,False,False,False
TCK-00236,mantenimiento_operativo,team_growth,2026-01-12 22:06:56.747073,2026-01-14 23:04:30.286631,49.0,False,0,False,True,False,False
TCK-00237,cumplimiento_regulatorio,team_growth,2026-04-16 20:47:35.021547,2026-04-18 09:28:55.583882,36.7,False,0,False,False,False,False
TCK-00238,soporte_reactivo,team_alpha,2026-02-17 02:52:05.638650,2026-02-18 11:18:43.705645,32.4,False,0,False,False,False,False
TCK-00239,cumplimiento_regulatorio,team_beta,2026-05-20 07:44:35.187771,2026-05-20 23:54:02.075481,16.2,False,0,False,False,False,False
TCK-00240,deuda_tecnica_critica,team_gamma,2026-02-09 09:33:59.021575,2026-02-18 08:42:40.594223,215.1,False,0,False,False,False,False
TCK-00241,cumplimiento_regulatorio,team_beta,2026-03-13 05:46:03.613826,2026-03-14 02:59:10.433590,21.2,False,0,False,False,False,False
TCK-00242,soporte_reactivo,team_beta,2026-04-02 12:56:04.416735,2026-04-03 07:32:07.676904,18.6,True,0,False,False,False,False
TCK-00243,soporte_reactivo,team_beta,2026-07-22 15:33:46.514153,2026-07-23 18:01:21.704329,26.5,False,4,False,False,False,False
TCK-00244,mantenimiento_operativo,team_growth,2026-04-26 20:21:49.853219,2026-04-28 04:11:43.208914,31.8,False,0,False,True,False,False
TCK-00245,retencion_clientes,team_beta,2026-04-27 13:57:02.302480,2026-04-28 08:14:35.474036,18.3,False,0,False,False,False,False
TCK-00246,retencion_clientes,team_beta,2026-07-16 22:47:20.423128,2026-07-17 18:37:00.494966,19.8,False,0,False,False,False,False
TCK-00247,mantenimiento_operativo,team_gamma,2026-02-02 00:37:44.244186,2026-02-03 08:13:11.529803,31.6,False,0,False,False,False,False
TCK-00248,deuda_tecnica_critica,team_beta,2026-01-11 21:51:15.786934,2026-01-12 11:26:47.053327,13.6,False,0,False,True,False,False
TCK-00249,soporte_reactivo,team_beta,2026-03-10 15:30:28.016411,2026-03-11 07:53:27.494555,16.4,False,0,False,False,False,False
TCK-00250,mantenimiento_operativo,team_beta,2026-01-09 07:02:12.900378,2026-01-10 00:44:53.623988,17.7,False,0,False,True,False,False
TCK-00251,retencion_clientes,team_gamma,2026-08-16 20:26:44.906186,2026-08-17 18:21:15.243991,21.9,False,0,False,False,False,False
TCK-00252,cumplimiento_regulatorio,team_growth,2026-03-06 08:13:34.959698,2026-03-08 16:09:25.040853,55.9,False,0,False,False,False,False
TCK-00253,soporte_reactivo,team_gamma,2026-05-21 10:43:22.766810,2026-05-23 05:55:06.479331,43.2,False,4,False,False,False,False
TCK-00254,deuda_tecnica_critica,team_growth,2026-01-05 23:51:00.794279,2026-01-20 10:57:45.585855,347.1,False,0,False,True,False,False
TCK-00255,cumplimiento_regulatorio,team_gamma,2026-06-25 06:49:49.510779,2026-06-26 06:05:01.518864,23.3,False,0,False,False,False,False
TCK-00256,mantenimiento_operativo,team_gamma,2026-01-12 06:05:08.301452,2026-01-12 12:02:38.729617,6.0,False,0,True,False,False,False
TCK-00257,mantenimiento_operativo,team_alpha,2026-01-28 00:21:09.315490,2026-01-28 15:32:30.228231,15.2,False,0,False,True,False,False
TCK-00258,retencion_clientes,team_growth,2026-03-14 02:45:41.490858,2026-03-15 16:07:15.624683,37.4,True,0,False,False,False,False
TCK-00259,cumplimiento_regulatorio,team_growth,2025-12-17 09:16:01.340392,2025-12-18 17:02:09.275261,31.8,False,0,False,False,False,False
TCK-00260,deuda_tecnica_critica,team_gamma,2026-04-20 20:54:33.628549,2026-04-22 00:36:34.746991,27.7,False,0,False,True,False,False
TCK-00261,cumplimiento_regulatorio,team_growth,2025-12-28 04:45:49.107883,2025-12-29 10:43:33.351123,30.0,False,0,False,False,False,False
TCK-00262,mantenimiento_operativo,team_alpha,2026-07-18 13:01:32.883922,2026-07-19 04:33:44.567017,15.5,False,0,False,False,False,False
TCK-00263,mantenimiento_operativo,team_beta,2026-01-06 07:09:14.819627,2026-01-06 16:49:40.191546,9.7,False,0,False,True,False,False
TCK-00264,soporte_reactivo,team_beta,2026-04-07 13:39:51.694730,2026-04-10 10:37:25.126011,69.0,False,4,False,False,False,False
TCK-00265,retencion_clientes,team_growth,2026-01-24 15:33:01.276655,2026-01-27 08:21:00.582712,64.8,False,0,False,False,False,False
TCK-00266,deuda_tecnica_critica,team_gamma,2026-02-24 08:54:32.284381,2026-02-25 00:09:55.527207,15.3,False,0,False,True,False,False
TCK-00267,cumplimiento_regulatorio,team_growth,2026-06-17 08:40:02.915499,2026-06-18 09:16:15.060144,24.6,False,0,False,False,False,False
TCK-00268,soporte_reactivo,team_growth,2026-08-31 02:04:43.130931,2026-09-03 14:34:49.315682,84.5,False,4,False,False,False,False
TCK-00269,soporte_reactivo,team_alpha,2026-01-02 18:19:26.090443,2026-01-03 22:38:56.316589,28.3,False,4,False,False,False,False
TCK-00270,deuda_tecnica_critica,team_growth,2026-08-17 23:44:52.421468,2026-08-18 17:33:59.868651,17.8,False,0,False,True,False,False
TCK-00271,mantenimiento_operativo,team_gamma,2026-07-26 08:28:40.723798,2026-07-27 02:23:24.004560,17.9,False,0,False,False,False,False
TCK-00272,mantenimiento_operativo,team_beta,2026-04-03 21:27:56.770962,2026-04-05 00:50:20.028730,27.4,False,0,False,True,False,False
TCK-00273,mantenimiento_operativo,team_gamma,2026-03-26 03:23:01.955197,2026-03-26 10:46:42.833450,7.4,False,0,True,True,False,False
TCK-00274,mantenimiento_operativo,team_gamma,2026-05-22 17:23:36.134089,2026-05-23 03:02:43.655303,9.7,False,0,True,False,False,False
TCK-00275,soporte_reactivo,team_gamma,2026-05-02 10:59:13.935432,2026-05-03 06:32:38.979283,19.6,True,0,False,False,False,False
TCK-00276,mantenimiento_operativo,team_growth,2026-08-13 16:57:27.135492,2026-08-15 00:35:40.694628,31.6,False,0,False,True,False,False
TCK-00277,mantenimiento_operativo,team_growth,2026-04-29 19:31:20.933974,2026-05-01 08:47:41.713632,37.3,False,0,False,True,False,False
TCK-00278,deuda_tecnica_critica,team_beta,2026-08-11 18:23:59.150153,2026-08-12 16:54:40.643642,22.5,False,0,False,True,False,False
TCK-00279,mantenimiento_operativo,team_gamma,2026-01-16 14:05:24.565546,2026-01-17 14:26:41.633565,24.4,False,0,False,True,False,False
TCK-00280,mantenimiento_operativo,team_gamma,2026-08-04 03:36:02.054898,2026-08-04 20:38:37.442363,17.0,False,0,False,True,False,False
TCK-00281,soporte_reactivo,team_alpha,2026-03-09 10:18:48.586956,2026-03-10 03:08:57.949852,16.8,False,0,False,False,False,False
TCK-00282,soporte_reactivo,team_growth,2026-01-19 16:01:18.804483,2026-01-21 00:15:46.204163,32.2,False,0,False,False,False,False
TCK-00283,deuda_tecnica_critica,team_gamma,2026-08-09 18:09:38.355752,2026-08-10 05:00:01.210691,10.8,False,0,False,False,False,False
TCK-00284,soporte_reactivo,team_beta,2026-04-28 18:13:12.015980,2026-04-29 04:45:53.865194,10.5,False,0,False,False,False,False
TCK-00285,mantenimiento_operativo,team_gamma,2026-06-16 08:55:18.421354,2026-06-16 23:37:34.094791,14.7,False,0,True,False,False,False
TCK-00286,retencion_clientes,team_beta,2026-05-21 15:26:47.145563,2026-05-22 03:52:44.530279,12.4,False,0,False,False,False,False
TCK-00287,deuda_tecnica_critica,team_alpha,2026-07-25 22:43:23.739101,2026-08-05 03:19:15.738526,244.6,False,0,False,True,False,False
TCK-00288,mantenimiento_operativo,team_gamma,2026-01-12 03:13:54.581067,2026-01-12 12:28:13.621473,9.2,False,0,False,True,False,False
TCK-00289,soporte_reactivo,team_alpha,2026-07-10 12:49:07.354405,2026-07-12 01:37:57.424853,36.8,False,4,False,False,False,False
TCK-00290,retencion_clientes,team_growth,2026-07-10 22:47:12.392293,2026-07-12 06:08:21.083107,31.4,True,0,False,False,False,False
TCK-00291,deuda_tecnica_critica,team_beta,2026-07-30 05:18:05.908628,2026-07-30 22:04:18.154278,16.8,False,0,False,False,False,False
TCK-00292,mantenimiento_operativo,team_beta,2026-08-10 10:11:44.327484,2026-08-10 23:15:42.612978,13.1,False,0,False,True,False,False
TCK-00293,cumplimiento_regulatorio,team_gamma,2026-06-17 04:46:46.063618,2026-06-17 08:47:08.615379,4.0,False,0,False,False,False,False
TCK-00294,mantenimiento_operativo,team_growth,2026-02-02 09:49:01.794062,2026-02-03 08:50:10.529998,23.0,False,0,False,True,False,False
TCK-00295,cumplimiento_regulatorio,team_growth,2026-06-07 22:37:54.832925,2026-06-09 04:12:12.596910,29.6,False,0,False,False,False,False
TCK-00296,soporte_reactivo,team_alpha,2026-04-23 02:04:21.891933,2026-04-23 22:43:37.689079,20.7,False,0,False,False,False,False
TCK-00297,soporte_reactivo,team_growth,2026-07-03 12:05:41.303986,2026-07-04 10:38:00.510480,22.5,False,0,False,False,False,False
TCK-00298,mantenimiento_operativo,team_alpha,2026-01-08 16:48:22.753541,2026-01-09 10:57:58.167581,18.2,False,0,False,True,False,False
TCK-00299,deuda_tecnica_critica,team_alpha,2026-08-28 14:46:08.900619,2026-08-30 01:27:55.739395,34.7,False,0,False,False,False,False
TCK-00300,deuda_tecnica_critica,team_growth,2026-05-24 08:41:21.566078,2026-05-30 19:46:15.853136,155.1,False,0,False,False,False,False
TCK-00301,mantenimiento_operativo,team_gamma,2026-03-25 10:56:33.693101,2026-03-27 23:37:01.576647,60.7,False,0,False,True,False,False
TCK-00302,retencion_clientes,team_growth,2026-06-24 07:46:16.089690,2026-06-27 20:51:17.158885,85.1,True,0,False,False,False,False
TCK-00303,cumplimiento_regulatorio,team_alpha,2026-07-26 15:52:13.670104,2026-07-27 09:31:02.799558,17.6,False,0,False,False,False,False
TCK-00304,mantenimiento_operativo,team_gamma,2026-03-28 07:27:15.776676,2026-03-28 18:18:52.052406,10.9,False,0,False,False,False,False
TCK-00305,cumplimiento_regulatorio,team_gamma,2026-05-10 13:02:45.520248,2026-05-11 03:04:36.668986,14.0,False,0,False,False,False,False
TCK-00306,deuda_tecnica_critica,team_beta,2026-06-06 15:32:57.935229,2026-06-07 09:16:25.378643,17.7,False,0,False,True,False,False
TCK-00307,deuda_tecnica_critica,team_growth,2026-03-02 03:30:07.035240,2026-03-02 21:26:32.413973,17.9,False,0,False,True,False,False
TCK-00308,deuda_tecnica_critica,team_beta,2026-06-15 11:21:44.965109,2026-06-16 09:13:01.063373,21.9,False,0,False,False,False,False
TCK-00309,retencion_clientes,team_beta,2026-05-14 02:40:50.576698,2026-05-14 13:07:41.324119,10.4,False,0,False,False,False,False
TCK-00310,deuda_tecnica_critica,team_gamma,2025-12-30 15:10:54.995078,2026-01-01 00:24:47.269145,33.2,False,0,False,True,False,False
TCK-00311,mantenimiento_operativo,team_beta,2026-02-01 09:25:43.371787,2026-02-01 18:32:37.755292,9.1,False,0,False,True,False,False
TCK-00312,soporte_reactivo,team_beta,2026-07-28 13:39:01.033689,2026-07-30 20:29:22.846538,54.8,False,4,False,False,False,False
TCK-00313,mantenimiento_operativo,team_beta,2026-07-12 17:36:08.647868,2026-07-13 01:19:23.105973,7.7,False,0,True,False,False,False
TCK-00314,soporte_reactivo,team_growth,2026-01-15 18:37:53.799306,2026-01-17 06:18:28.680533,35.7,False,0,False,False,False,False
TCK-00315,mantenimiento_operativo,team_alpha,2025-12-22 22:07:42.387624,2025-12-23 18:59:54.150002,20.9,False,0,True,False,False,False
TCK-00316,retencion_clientes,team_alpha,2026-06-12 00:19:53.048171,2026-06-12 11:09:50.439083,10.8,False,0,False,False,False,False
TCK-00317,mantenimiento_operativo,team_alpha,2025-12-26 09:57:25.062428,2025-12-26 22:47:35.222661,12.8,False,0,False,False,False,False
TCK-00318,cumplimiento_regulatorio,team_growth,2026-06-12 19:10:47.775375,2026-06-14 01:29:39.723168,30.3,False,0,False,False,False,False
TCK-00319,deuda_tecnica_critica,team_gamma,2026-01-13 12:01:19.366655,2026-01-14 14:49:55.452902,26.8,True,0,False,True,False,False
TCK-00320,mantenimiento_operativo,team_beta,2026-01-21 12:23:09.915705,2026-01-22 06:41:17.332564,18.3,False,0,False,False,False,False
TCK-00321,mantenimiento_operativo,team_alpha,2026-05-07 17:17:13.303703,2026-05-08 10:22:01.870454,17.1,False,0,True,True,False,False
TCK-00322,retencion_clientes,team_beta,2026-05-15 16:58:52.387849,2026-05-16 05:47:49.672100,12.8,False,0,False,False,False,False
TCK-00323,mantenimiento_operativo,team_growth,2026-01-19 08:26:53.996461,2026-01-21 09:45:19.396405,49.3,False,0,False,True,False,False
TCK-00324,retencion_clientes,team_gamma,2026-01-25 18:13:55.051191,2026-01-26 09:42:07.272057,15.5,False,0,False,False,False,False
TCK-00325,retencion_clientes,team_beta,2026-06-04 04:43:59.311206,2026-06-04 20:26:17.739899,15.7,False,0,False,False,False,False
TCK-00326,mantenimiento_operativo,team_gamma,2026-01-14 05:10:32.040611,2026-01-14 23:39:21.107163,18.5,False,0,False,True,False,False
TCK-00327,deuda_tecnica_critica,team_alpha,2026-06-01 18:08:40.217185,2026-06-02 08:52:26.268754,14.7,False,0,False,True,False,False
TCK-00328,mantenimiento_operativo,team_beta,2026-02-13 13:13:49.004007,2026-02-13 21:48:11.681343,8.6,False,0,False,True,False,False
TCK-00329,cumplimiento_regulatorio,team_beta,2026-01-22 13:45:27.379077,2026-01-23 11:23:10.466125,21.6,True,0,False,False,False,False
TCK-00330,cumplimiento_regulatorio,team_growth,2026-03-24 06:36:28.006005,2026-03-24 23:58:10.065892,17.4,False,0,False,False,False,False
TCK-00331,cumplimiento_regulatorio,team_alpha,2026-01-12 17:30:39.895278,2026-01-13 09:45:47.692703,16.3,False,0,False,False,False,False
TCK-00332,mantenimiento_operativo,team_gamma,2026-08-11 09:43:16.635217,2026-08-12 10:14:49.519670,24.5,False,0,False,True,False,False
TCK-00333,soporte_reactivo,team_growth,2026-04-28 08:40:59.596442,2026-04-30 02:39:20.398482,42.0,False,0,False,False,False,False
TCK-00334,mantenimiento_operativo,team_beta,2026-06-24 11:02:42.812765,2026-06-25 12:43:48.697478,25.7,False,0,False,True,True,False
TCK-00335,retencion_clientes,team_growth,2026-01-19 06:20:57.591875,2026-01-19 20:07:24.007836,13.8,False,0,False,False,False,False
TCK-00336,mantenimiento_operativo,team_beta,2026-04-02 19:42:07.821813,2026-04-03 15:10:35.895788,19.5,False,0,False,True,False,False
TCK-00337,cumplimiento_regulatorio,team_beta,2026-05-24 14:20:03.205159,2026-05-25 02:42:08.474591,12.4,False,0,False,False,False,False
TCK-00338,mantenimiento_operativo,team_alpha,2026-01-20 09:52:33.391881,2026-01-20 20:16:37.442606,10.4,False,0,False,True,False,False
TCK-00339,soporte_reactivo,team_alpha,2026-08-12 09:37:22.966982,2026-08-12 23:11:13.289087,13.6,False,0,False,False,False,False
TCK-00340,mantenimiento_operativo,team_growth,2026-03-19 06:17:35.864302,2026-03-19 16:20:56.874467,10.1,False,0,True,False,False,False
TCK-00341,soporte_reactivo,team_beta,2026-07-01 10:35:11.520465,2026-07-03 03:08:40.873238,40.6,False,4,False,False,False,False
TCK-00342,deuda_tecnica_critica,team_growth,2026-02-27 09:33:54.189780,2026-03-01 08:07:52.734080,46.6,False,0,False,True,False,False
TCK-00343,mantenimiento_operativo,team_gamma,2026-07-09 12:52:36.911273,2026-07-09 16:23:51.784056,3.5,False,0,True,False,False,False
TCK-00344,soporte_reactivo,team_alpha,2026-07-17 12:47:20.886873,2026-07-20 14:10:06.748786,73.4,False,4,False,False,False,False
TCK-00345,retencion_clientes,team_alpha,2026-06-04 01:15:09.937482,2026-06-04 12:51:41.748806,11.6,False,0,False,False,False,False
TCK-00346,retencion_clientes,team_beta,2026-06-12 23:47:42.227655,2026-06-13 07:39:29.682077,7.9,False,0,False,False,False,False
TCK-00347,retencion_clientes,team_gamma,2026-04-02 19:40:05.337010,2026-04-03 06:34:06.388466,10.9,False,0,False,False,False,False
TCK-00348,mantenimiento_operativo,team_gamma,2026-07-20 11:40:28.681002,2026-07-21 05:33:12.033710,17.9,False,0,False,True,False,False
TCK-00349,mantenimiento_operativo,team_alpha,2026-08-24 08:01:06.090708,2026-08-24 15:03:14.132165,7.0,False,0,False,True,False,False
TCK-00350,deuda_tecnica_critica,team_growth,2026-08-01 19:28:05.002272,2026-08-03 08:07:56.534200,36.7,False,0,False,False,False,False
TCK-00351,soporte_reactivo,team_growth,2026-06-20 02:12:21.573840,2026-06-20 19:48:38.402170,17.6,False,0,False,False,False,False
TCK-00352,mantenimiento_operativo,team_beta,2026-03-20 01:30:04.358645,2026-03-20 05:29:08.734473,4.0,False,0,True,True,False,False
TCK-00353,cumplimiento_regulatorio,team_beta,2026-03-20 17:20:02.740077,2026-03-21 05:05:22.370446,11.8,False,0,False,False,False,False
TCK-00354,cumplimiento_regulatorio,team_growth,2026-04-25 20:17:05.287916,2026-04-26 23:13:46.086947,26.9,False,0,False,False,False,False
TCK-00355,soporte_reactivo,team_beta,2026-07-16 04:21:24.037490,2026-07-16 16:28:15.775955,12.1,False,0,False,False,False,False
TCK-00356,retencion_clientes,team_growth,2025-12-19 12:10:30.230265,2025-12-21 12:55:52.909984,48.8,False,0,False,False,False,False
TCK-00357,mantenimiento_operativo,team_beta,2026-08-27 09:13:50.003443,2026-08-28 02:50:48.373145,17.6,False,0,False,True,False,False
TCK-00358,mantenimiento_operativo,team_gamma,2026-05-16 19:09:56.907432,2026-05-17 13:51:01.818104,18.7,False,0,True,False,False,False
TCK-00359,mantenimiento_operativo,team_alpha,2026-01-21 00:14:23.692003,2026-01-21 06:40:02.015109,6.4,False,0,False,True,False,False
TCK-00360,soporte_reactivo,team_beta,2026-07-20 00:52:58.512560,2026-07-20 10:15:44.771323,9.4,True,0,False,False,False,False
TCK-00361,soporte_reactivo,team_alpha,2026-05-18 05:47:23.607152,2026-05-18 20:01:25.971274,14.2,False,0,False,False,False,False
TCK-00362,mantenimiento_operativo,team_alpha,2026-04-18 06:27:47.640541,2026-04-18 16:34:16.110449,10.1,False,0,True,False,False,False
TCK-00363,retencion_clientes,team_gamma,2026-05-25 19:14:54.342361,2026-05-26 01:06:47.437345,5.9,False,0,False,False,False,False
TCK-00364,soporte_reactivo,team_alpha,2026-06-09 19:27:48.254627,2026-06-11 08:46:56.655964,37.3,False,4,False,False,False,False
TCK-00365,retencion_clientes,team_growth,2026-06-29 20:05:34.554059,2026-06-30 14:03:19.680849,18.0,False,0,False,False,False,False
TCK-00366,cumplimiento_regulatorio,team_gamma,2026-04-19 04:21:01.841822,2026-04-19 14:24:46.232693,10.1,False,0,False,False,False,False
TCK-00367,deuda_tecnica_critica,team_growth,2026-05-06 19:52:01.464124,2026-05-30 12:09:48.066641,568.3,True,0,False,True,False,False
TCK-00368,mantenimiento_operativo,team_beta,2026-04-19 17:05:56.383267,2026-04-20 02:00:31.494580,8.9,False,0,True,False,False,False
TCK-00369,mantenimiento_operativo,team_growth,2026-03-30 23:37:23.614984,2026-04-01 09:26:04.488615,33.8,False,0,False,True,False,False
TCK-00370,mantenimiento_operativo,team_gamma,2026-07-01 06:00:54.122235,2026-07-01 15:54:10.417427,9.9,False,0,False,True,False,False
TCK-00371,retencion_clientes,team_growth,2026-01-25 16:40:10.489967,2026-01-27 11:42:13.549602,43.0,False,0,False,False,False,False
TCK-00372,soporte_reactivo,team_alpha,2025-12-20 06:39:00.094198,2025-12-20 18:14:30.773867,11.6,False,0,False,False,False,False
TCK-00373,soporte_reactivo,team_gamma,2026-07-03 06:37:21.140890,2026-07-04 09:45:10.270219,27.1,False,0,False,False,False,False
TCK-00374,cumplimiento_regulatorio,team_gamma,2026-07-23 20:40:58.877141,2026-07-24 08:25:05.420734,11.7,False,0,False,False,False,False
TCK-00375,soporte_reactivo,team_alpha,2026-04-20 16:10:13.678126,2026-04-21 09:30:39.871474,17.3,False,0,False,False,False,False
TCK-00376,soporte_reactivo,team_gamma,2026-08-08 13:37:28.213093,2026-08-09 04:46:54.692779,15.2,False,0,False,False,False,False
TCK-00377,soporte_reactivo,team_alpha,2025-12-18 17:47:37.980442,2025-12-19 15:20:11.270992,21.5,False,0,False,False,False,False
TCK-00378,deuda_tecnica_critica,team_gamma,2026-09-06 13:44:56.165911,,,False,0,False,False,False,False
TCK-00379,cumplimiento_regulatorio,team_gamma,2026-04-11 15:15:07.890820,2026-04-11 22:04:27.420287,6.8,False,0,False,False,False,False
TCK-00380,deuda_tecnica_critica,team_growth,2026-03-04 11:23:05.400111,2026-03-12 14:22:34.779110,195.0,False,0,False,True,False,False
TCK-00381,soporte_reactivo,team_beta,2026-01-26 10:57:43.346013,2026-01-28 23:34:21.797260,60.6,False,4,False,False,False,False
TCK-00382,deuda_tecnica_critica,team_growth,2026-04-27 05:24:45.557504,2026-04-29 00:07:17.201005,42.7,False,0,False,True,False,False
TCK-00383,soporte_reactivo,team_beta,2025-12-24 15:54:03.870589,2025-12-25 18:49:58.134469,26.9,False,0,False,False,False,False
TCK-00384,soporte_reactivo,team_gamma,2026-02-12 20:47:48.865814,2026-02-13 08:43:37.583625,11.9,False,0,False,False,False,False
TCK-00385,soporte_reactivo,team_growth,2026-07-22 15:22:09.355887,2026-07-25 04:53:43.558014,61.5,False,4,False,False,False,False
TCK-00386,mantenimiento_operativo,team_beta,2026-05-13 06:46:50.237518,2026-05-14 01:28:28.782436,18.7,False,0,False,False,False,False
TCK-00387,retencion_clientes,team_gamma,2026-05-06 20:36:25.320945,2026-05-07 06:20:38.914705,9.7,False,0,False,False,False,False
TCK-00388,retencion_clientes,team_gamma,2026-05-14 14:36:01.115407,2026-05-15 09:53:21.644131,19.3,True,0,False,False,False,False
TCK-00389,deuda_tecnica_critica,team_alpha,2025-12-20 16:41:00.847056,2025-12-22 16:17:16.581873,47.6,False,0,False,True,False,False
TCK-00390,deuda_tecnica_critica,team_gamma,2026-04-30 20:41:11.997058,2026-05-08 06:41:27.139054,178.0,False,0,False,True,False,False
TCK-00391,soporte_reactivo,team_beta,2026-03-05 22:55:24.475565,2026-03-07 16:45:13.872301,41.8,False,4,False,False,False,False
TCK-00392,mantenimiento_operativo,team_gamma,2026-07-20 22:01:16.364266,2026-07-21 13:26:08.096796,15.4,False,0,False,True,False,False
TCK-00393,mantenimiento_operativo,team_beta,2026-06-19 06:48:31.069794,2026-06-19 18:49:55.889673,12.0,False,0,True,True,True,False
TCK-00394,soporte_reactivo,team_alpha,2026-05-10 15:14:57.465282,2026-05-11 22:10:13.797988,30.9,False,4,False,False,False,False
TCK-00395,deuda_tecnica_critica,team_growth,2026-01-09 02:49:19.063510,2026-01-10 06:01:53.985216,27.2,False,0,False,True,False,False
TCK-00396,deuda_tecnica_critica,team_beta,2026-05-28 16:09:55.889030,2026-05-28 22:43:33.168830,6.6,False,0,False,False,False,False
TCK-00397,soporte_reactivo,team_alpha,2026-02-18 18:47:14.103457,2026-02-19 10:48:40.708123,16.0,False,0,False,False,False,False
TCK-00398,soporte_reactivo,team_alpha,2026-02-08 09:10:35.775463,2026-02-08 19:23:47.048509,10.2,False,0,False,False,False,False
TCK-00399,soporte_reactivo,team_alpha,2026-02-22 01:42:08.465095,2026-02-22 09:42:56.199131,8.0,False,0,False,False,False,False
TCK-00400,retencion_clientes,team_gamma,2026-08-15 06:50:43.594790,2026-08-16 05:30:20.031990,22.7,False,0,False,False,False,False
TCK-00401,cumplimiento_regulatorio,team_alpha,2026-08-03 01:40:28.781612,2026-08-04 00:09:42.284628,22.5,False,0,False,False,False,False
TCK-00402,mantenimiento_operativo,team_alpha,2026-03-14 18:30:10.354506,2026-03-15 05:27:30.740092,11.0,False,0,True,True,False,False
TCK-00403,cumplimiento_regulatorio,team_alpha,2026-08-09 07:57:26.162859,2026-08-10 09:54:31.822017,26.0,False,0,False,False,False,False
TCK-00404,deuda_tecnica_critica,team_alpha,2026-08-27 22:27:07.957107,2026-08-28 15:52:15.406274,17.4,False,0,False,False,False,False
TCK-00405,mantenimiento_operativo,team_gamma,2026-01-20 07:04:14.740413,2026-01-20 21:11:00.141008,14.1,False,0,False,True,False,False
TCK-00406,mantenimiento_operativo,team_beta,2026-05-13 01:41:03.465150,2026-05-14 21:32:09.110348,43.9,False,0,False,False,False,False
TCK-00407,soporte_reactivo,team_gamma,2026-02-04 04:15:27.756761,2026-02-04 23:17:36.439926,19.0,False,0,False,False,False,False
TCK-00408,mantenimiento_operativo,team_alpha,2026-01-20 21:47:27.423938,2026-01-22 01:31:19.255325,27.7,True,0,True,True,False,False
TCK-00409,cumplimiento_regulatorio,team_alpha,2026-02-13 08:26:41.246634,2026-02-13 21:59:11.165901,13.5,False,0,False,False,False,False
TCK-00410,deuda_tecnica_critica,team_gamma,2026-08-08 14:03:10.025109,2026-08-09 06:53:31.353864,16.8,False,0,False,True,False,False
TCK-00411,mantenimiento_operativo,team_alpha,2026-04-16 10:53:12.107135,2026-04-17 06:08:06.488324,19.2,True,0,False,True,False,False
TCK-00412,mantenimiento_operativo,team_gamma,2026-08-07 17:46:06.900971,2026-08-08 18:04:01.773309,24.3,False,0,False,True,False,False
TCK-00413,deuda_tecnica_critica,team_growth,2026-01-15 08:46:16.638633,,,False,0,False,True,False,False
TCK-00414,cumplimiento_regulatorio,team_growth,2026-06-17 16:19:22.239064,2026-06-18 19:08:11.693427,26.8,False,0,False,False,False,False
TCK-00415,deuda_tecnica_critica,team_growth,2026-05-27 13:46:52.749564,2026-05-28 21:56:13.545491,32.2,False,0,False,False,False,False
TCK-00416,soporte_reactivo,team_beta,2026-01-23 16:42:10.433149,2026-01-24 09:26:08.277970,16.7,False,0,False,False,False,False
TCK-00417,retencion_clientes,team_alpha,2025-12-17 07:28:09.246212,2025-12-17 16:43:26.114279,9.3,False,0,False,False,False,False
TCK-00418,soporte_reactivo,team_beta,2026-06-09 03:13:59.345639,2026-06-10 04:58:30.131521,25.7,False,0,False,False,False,False
TCK-00419,soporte_reactivo,team_beta,2026-01-24 15:54:33.226642,2026-01-25 00:32:27.605835,8.6,False,0,False,False,False,False
TCK-00420,soporte_reactivo,team_alpha,2026-01-28 03:05:31.367250,2026-01-28 16:20:57.097728,13.3,False,0,False,False,False,False
TCK-00421,mantenimiento_operativo,team_gamma,2026-08-11 05:17:21.756733,2026-08-11 17:28:03.496930,12.2,False,0,False,True,False,False
TCK-00422,deuda_tecnica_critica,team_growth,2026-02-09 18:33:51.244951,2026-02-11 10:31:21.052384,40.0,False,0,False,True,False,False
TCK-00423,deuda_tecnica_critica,team_gamma,2026-05-28 03:53:03.401505,2026-06-07 00:55:18.276604,237.0,False,0,False,False,False,False
TCK-00424,soporte_reactivo,team_alpha,2026-06-29 19:17:55.928281,2026-06-30 02:59:19.013015,7.7,False,0,False,False,False,False
TCK-00425,soporte_reactivo,team_gamma,2026-01-03 08:26:14.507907,2026-01-05 14:37:49.279482,54.2,False,4,False,False,False,False
TCK-00426,soporte_reactivo,team_growth,2026-04-22 23:18:41.497364,2026-04-24 13:06:14.111269,37.8,True,0,False,False,False,False
TCK-00427,mantenimiento_operativo,team_gamma,2026-06-14 02:20:12.813984,2026-06-14 08:48:01.340440,6.5,False,0,True,False,False,False
TCK-00428,deuda_tecnica_critica,team_gamma,2026-05-31 09:36:32.366999,2026-06-01 00:52:58.703480,15.3,False,0,False,False,False,False
TCK-00429,soporte_reactivo,team_alpha,2026-04-27 02:15:58.329947,2026-04-28 04:58:38.558457,26.7,False,0,False,False,False,False
TCK-00430,retencion_clientes,team_alpha,2026-04-12 23:24:11.633034,2026-04-13 15:35:28.967263,16.2,False,0,False,False,False,False
TCK-00431,cumplimiento_regulatorio,team_gamma,2026-01-23 08:21:23.417860,2026-01-23 14:33:55.252757,6.2,False,0,False,False,False,False
TCK-00432,soporte_reactivo,team_alpha,2026-06-16 10:39:10.164469,2026-06-18 07:54:10.590985,45.3,False,4,False,False,False,False
TCK-00433,cumplimiento_regulatorio,team_growth,2026-01-24 22:40:47.269222,2026-01-27 04:34:46.228496,53.9,False,0,False,False,False,False
TCK-00434,deuda_tecnica_critica,team_beta,2026-07-17 10:27:28.989315,2026-07-27 14:02:19.437638,243.6,False,0,False,True,False,False
TCK-00435,soporte_reactivo,team_alpha,2026-01-08 04:43:13.914351,2026-01-08 16:46:15.912560,12.1,False,0,False,False,False,False
TCK-00436,cumplimiento_regulatorio,team_alpha,2026-05-15 20:08:23.864503,2026-05-16 16:09:24.217220,20.0,False,0,False,False,False,False
TCK-00437,soporte_reactivo,team_beta,2026-08-10 17:39:26.928106,2026-08-11 12:14:48.136454,18.6,False,0,False,False,False,False
TCK-00438,soporte_reactivo,team_alpha,2026-03-19 12:09:49.030379,2026-03-20 01:32:50.595566,13.4,False,0,False,False,False,False
TCK-00439,soporte_reactivo,team_alpha,2026-07-14 08:51:38.791734,2026-07-15 09:50:30.506302,25.0,False,0,False,False,False,False
TCK-00440,soporte_reactivo,team_gamma,2026-06-18 07:13:14.569192,2026-06-18 18:41:11.017040,11.5,False,0,False,False,False,False
TCK-00441,deuda_tecnica_critica,team_growth,2026-04-18 01:05:51.512005,2026-05-14 02:24:13.231311,625.3,False,0,False,True,False,False
TCK-00442,deuda_tecnica_critica,team_growth,2026-06-09 07:38:52.322548,2026-06-10 00:35:55.558431,17.0,False,0,False,False,False,False
TCK-00443,deuda_tecnica_critica,team_growth,2026-08-05 21:25:30.873305,2026-08-12 01:57:24.563553,148.5,False,0,False,False,False,False
TCK-00444,cumplimiento_regulatorio,team_beta,2026-01-01 21:55:52.148123,2026-01-02 12:32:17.202774,14.6,False,0,False,False,False,False
TCK-00445,deuda_tecnica_critica,team_growth,2026-03-27 19:32:31.021413,2026-04-07 12:48:12.492020,257.3,False,0,False,False,False,False
TCK-00446,cumplimiento_regulatorio,team_gamma,2026-01-26 06:08:23.892303,2026-01-26 23:43:24.126623,17.6,False,0,False,False,False,False
TCK-00447,retencion_clientes,team_growth,2026-01-07 19:27:34.220457,2026-01-08 23:27:53.487416,28.0,False,0,False,False,False,False
TCK-00448,retencion_clientes,team_growth,2026-04-07 22:32:56.444643,2026-04-09 04:09:13.354849,29.6,False,0,False,False,False,False
TCK-00449,soporte_reactivo,team_gamma,2025-12-26 09:49:17.773092,2025-12-27 20:51:21.917280,35.0,False,4,False,False,False,False
TCK-00450,retencion_clientes,team_gamma,2026-08-12 19:48:08.401605,2026-08-13 22:00:41.418436,26.2,False,0,False,False,False,False
TCK-00451,mantenimiento_operativo,team_gamma,2025-12-25 17:40:29.595043,2025-12-27 00:08:22.755023,30.5,False,0,False,True,False,False
TCK-00452,cumplimiento_regulatorio,team_gamma,2026-05-30 19:39:22.157472,2026-05-31 05:55:35.189835,10.3,False,0,False,False,False,False
TCK-00453,mantenimiento_operativo,team_gamma,2026-02-22 11:14:18.178630,2026-02-22 22:31:07.439603,11.3,False,0,False,False,False,False
TCK-00454,cumplimiento_regulatorio,team_beta,2026-08-01 19:24:42.344121,2026-08-02 10:01:36.620018,14.6,False,0,False,False,False,False
TCK-00455,retencion_clientes,team_growth,2026-02-10 06:02:56.089879,2026-02-11 09:39:18.534488,27.6,False,0,False,False,False,False
TCK-00456,mantenimiento_operativo,team_gamma,2026-08-24 15:52:52.630158,2026-08-25 14:34:52.172019,22.7,False,0,False,True,False,False
TCK-00457,cumplimiento_regulatorio,team_growth,2026-08-28 05:48:39.301390,2026-08-29 04:47:14.425551,23.0,False,0,False,False,False,False
TCK-00458,mantenimiento_operativo,team_alpha,2026-04-17 13:39:02.355463,2026-04-18 11:50:39.116919,22.2,False,0,True,True,False,False
TCK-00459,retencion_clientes,team_growth,2026-06-16 00:46:37.747963,2026-06-17 08:43:39.827004,32.0,True,0,False,False,False,False
TCK-00460,soporte_reactivo,team_alpha,2026-08-25 06:06:35.210948,2026-08-26 08:07:57.151989,26.0,False,4,False,False,False,False
TCK-00461,soporte_reactivo,team_gamma,2026-07-11 06:27:03.812305,2026-07-11 21:07:37.597318,14.7,False,0,False,False,False,False
TCK-00462,soporte_reactivo,team_alpha,2026-05-27 02:31:11.957905,2026-05-28 04:12:18.815018,25.7,False,0,False,False,False,False
TCK-00463,retencion_clientes,team_growth,2025-12-25 14:42:55.043386,2025-12-26 14:39:50.949963,23.9,False,0,False,False,False,False
TCK-00464,deuda_tecnica_critica,team_alpha,2026-03-29 20:28:37.564091,2026-04-07 05:04:16.568670,200.6,False,0,False,True,False,False
TCK-00465,soporte_reactivo,team_alpha,2026-03-28 05:56:09.018578,2026-03-29 07:48:04.930019,25.9,False,0,False,False,False,False
TCK-00466,mantenimiento_operativo,team_alpha,2026-01-06 16:42:18.541905,2026-01-07 08:15:42.069551,15.6,False,0,True,False,False,False
TCK-00467,mantenimiento_operativo,team_gamma,2026-08-07 22:57:43.285246,2026-08-08 11:30:29.107678,12.5,False,0,True,True,False,False
TCK-00468,soporte_reactivo,team_growth,2025-12-26 04:35:29.199686,2025-12-28 07:33:59.699654,51.0,False,4,False,False,False,False
TCK-00469,soporte_reactivo,team_growth,2026-02-18 16:27:39.701485,2026-02-20 23:55:43.841645,55.5,False,4,False,False,False,False
TCK-00470,soporte_reactivo,team_beta,2026-02-08 01:47:51.544183,2026-02-08 22:29:44.032474,20.7,False,0,False,False,False,False
TCK-00471,cumplimiento_regulatorio,team_beta,2026-05-22 13:01:19.953623,2026-05-23 19:32:14.588670,30.5,False,0,False,False,False,False
TCK-00472,mantenimiento_operativo,team_beta,2026-08-18 16:17:46.948559,2026-08-19 01:29:54.046701,9.2,False,0,True,False,False,False
TCK-00473,mantenimiento_operativo,team_gamma,2026-07-18 08:08:20.647151,2026-07-18 17:16:01.501973,9.1,False,0,False,True,False,False
TCK-00474,deuda_tecnica_critica,team_alpha,2026-04-27 20:17:07.288752,2026-05-01 20:11:02.664447,95.9,False,0,False,False,False,False
TCK-00475,cumplimiento_regulatorio,team_gamma,2026-09-03 20:56:03.481324,2026-09-04 06:07:09.304727,9.2,False,0,False,False,False,False
TCK-00476,retencion_clientes,team_beta,2026-08-30 01:07:46.590564,2026-08-30 14:58:51.701519,13.9,False,0,False,False,False,False
TCK-00477,mantenimiento_operativo,team_gamma,2026-07-17 17:46:38.532689,2026-07-18 05:40:56.871476,11.9,False,0,False,False,False,False
TCK-00478,retencion_clientes,team_beta,2026-05-22 10:36:51.739235,2026-05-22 19:42:08.472360,9.1,False,0,False,False,False,False
TCK-00479,mantenimiento_operativo,team_growth,2026-08-09 14:04:56.469160,2026-08-11 06:45:28.612865,40.7,False,0,False,True,False,False
TCK-00480,cumplimiento_regulatorio,team_growth,2026-06-25 03:03:46.564340,2026-06-26 08:33:22.759839,29.5,False,0,False,False,False,False
TCK-00481,soporte_reactivo,team_alpha,2026-07-30 01:30:09.688375,2026-07-30 20:24:31.283120,18.9,False,0,False,False,False,False
TCK-00482,mantenimiento_operativo,team_beta,2026-05-11 20:31:33.084825,2026-05-12 10:29:58.307714,14.0,False,0,True,False,False,False
TCK-00483,mantenimiento_operativo,team_beta,2026-05-18 22:24:37.119716,2026-05-19 06:40:13.879805,8.3,False,0,False,True,False,False
TCK-00484,mantenimiento_operativo,team_alpha,2026-04-22 09:09:10.790704,2026-04-23 01:20:47.462683,16.2,False,0,False,True,False,False
TCK-00485,mantenimiento_operativo,team_gamma,2026-06-05 23:59:29.983971,2026-06-06 09:54:50.500377,9.9,False,0,False,False,False,False
TCK-00486,mantenimiento_operativo,team_growth,2026-02-03 09:15:17.622744,2026-02-05 05:24:41.463011,44.2,False,0,False,False,False,False
TCK-00487,retencion_clientes,team_gamma,2026-05-27 16:30:28.341988,2026-05-28 03:37:27.776492,11.1,False,0,False,False,False,False
TCK-00488,deuda_tecnica_critica,team_gamma,2026-01-14 18:44:49.985157,2026-01-15 10:48:12.880453,16.1,False,0,False,True,False,False
TCK-00489,soporte_reactivo,team_beta,2026-03-15 03:09:09.876390,2026-03-16 00:13:59.853911,21.1,False,0,False,False,False,False
TCK-00490,retencion_clientes,team_growth,2026-03-25 04:05:44.277289,2026-03-26 02:28:28.932569,22.4,False,0,False,False,False,False
TCK-00491,mantenimiento_operativo,team_alpha,2026-01-08 12:17:01.143523,2026-01-09 00:02:08.757703,11.8,False,0,True,True,False,False
TCK-00492,soporte_reactivo,team_alpha,2026-04-20 23:02:06.996509,2026-04-24 01:36:40.346454,74.6,False,4,False,False,False,False
TCK-00493,deuda_tecnica_critica,team_beta,2026-03-07 14:18:29.627194,2026-03-14 06:27:56.599502,160.2,False,0,False,False,False,False
TCK-00494,retencion_clientes,team_beta,2026-03-01 23:10:05.745988,2026-03-02 17:26:08.680739,18.3,False,0,False,False,False,False
TCK-00495,retencion_clientes,team_growth,2026-02-08 17:47:17.166276,2026-02-09 08:11:05.070287,14.4,False,0,False,False,False,False
TCK-00496,soporte_reactivo,team_gamma,2025-12-22 23:31:27.497011,2025-12-24 11:04:57.802620,35.6,False,4,False,False,False,False
TCK-00497,soporte_reactivo,team_growth,2026-06-14 01:07:58.882888,2026-06-14 20:19:26.998338,19.2,False,0,False,False,False,False
TCK-00498,retencion_clientes,team_alpha,2026-05-19 23:37:26.285358,2026-05-20 11:06:41.217210,11.5,False,0,False,False,False,False
TCK-00499,cumplimiento_regulatorio,team_alpha,2026-02-05 21:42:08.100855,2026-02-06 11:04:54.623428,13.4,False,0,False,False,False,False
TCK-00500,cumplimiento_regulatorio,team_growth,2025-12-19 14:32:00.353143,2025-12-20 06:17:41.252239,15.8,False,0,False,False,False,False
TCK-00501,cumplimiento_regulatorio,team_growth,2026-07-17 08:26:23.311370,2026-07-19 09:48:37.527546,49.4,False,0,False,False,False,False
TCK-00502,mantenimiento_operativo,team_growth,2026-01-02 21:29:46.925595,2026-01-04 05:44:44.381169,32.2,False,0,False,True,False,False
TCK-00503,soporte_reactivo,team_beta,2026-07-24 22:19:28.126811,2026-07-25 10:15:29.097761,11.9,False,0,False,False,False,False
TCK-00504,retencion_clientes,team_growth,2026-01-26 04:35:32.808887,2026-01-27 03:25:33.904035,22.8,False,0,False,False,False,False
TCK-00505,mantenimiento_operativo,team_alpha,2026-04-26 00:47:57.952443,2026-04-26 11:26:51.365215,10.6,False,0,False,False,False,False
TCK-00506,soporte_reactivo,team_alpha,2026-07-28 08:58:52.438445,2026-07-29 05:30:27.155889,20.5,False,0,False,False,False,False
TCK-00507,mantenimiento_operativo,team_gamma,2026-06-02 23:31:54.403966,2026-06-03 11:40:21.755786,12.1,False,0,False,True,False,False
TCK-00508,retencion_clientes,team_alpha,2026-05-09 11:00:37.627846,2026-05-11 00:18:37.550075,37.3,True,0,False,False,False,False
TCK-00509,mantenimiento_operativo,team_gamma,2026-04-23 20:57:28.070784,2026-04-24 14:38:12.306295,17.7,False,0,False,False,False,False
TCK-00510,soporte_reactivo,team_alpha,2026-01-16 06:21:27.141677,2026-01-16 13:04:15.652699,6.7,False,0,False,False,False,False
TCK-00511,soporte_reactivo,team_gamma,2026-03-07 02:47:30.798911,2026-03-09 18:54:48.125336,64.1,False,4,False,False,False,False
TCK-00512,soporte_reactivo,team_alpha,2026-07-14 12:49:51.439075,2026-07-15 00:05:14.586757,11.3,False,0,False,False,False,False
TCK-00513,retencion_clientes,team_alpha,2026-08-17 04:49:25.429349,2026-08-17 15:45:16.157752,10.9,False,0,False,False,False,False
TCK-00514,deuda_tecnica_critica,team_gamma,2026-03-18 13:14:25.460444,2026-03-19 04:04:19.594714,14.8,False,0,False,False,False,False
TCK-00515,retencion_clientes,team_beta,2026-08-28 21:43:03.939759,2026-08-30 09:54:50.743868,36.2,False,0,False,False,False,False
TCK-00516,mantenimiento_operativo,team_beta,2026-08-27 04:16:32.160771,2026-08-27 19:47:49.477162,15.5,False,0,False,True,False,False
TCK-00517,retencion_clientes,team_growth,2026-04-26 18:23:23.602769,2026-04-28 14:53:57.408873,44.5,False,0,False,False,False,False
TCK-00518,mantenimiento_operativo,team_gamma,2026-06-29 11:04:09.562607,2026-06-30 06:07:49.691900,19.1,False,0,True,True,False,False
TCK-00519,soporte_reactivo,team_gamma,2026-09-07 00:52:49.264903,,,False,0,False,False,False,False
TCK-00520,retencion_clientes,team_growth,2026-06-30 20:30:30.725800,2026-07-02 09:01:13.223804,36.5,False,0,False,False,False,False
TCK-00521,cumplimiento_regulatorio,team_growth,2026-07-07 01:14:10.311376,2026-07-08 17:13:53.631699,40.0,False,0,False,False,False,False
TCK-00522,mantenimiento_operativo,team_growth,2026-01-24 10:17:57.376533,2026-01-25 13:07:43.956841,26.8,True,0,True,True,False,False
TCK-00523,soporte_reactivo,team_alpha,2026-08-30 23:22:53.116217,2026-08-31 04:25:01.564261,5.0,False,0,False,False,False,False
TCK-00524,soporte_reactivo,team_growth,2026-03-04 04:03:36.874701,2026-03-05 09:46:19.191277,29.7,False,0,False,False,False,False
TCK-00525,mantenimiento_operativo,team_alpha,2026-07-30 09:16:49.727280,2026-07-31 07:17:45.085627,22.0,False,0,False,False,False,False
TCK-00526,retencion_clientes,team_growth,2026-05-16 02:55:09.199972,2026-05-17 03:55:54.008999,25.0,True,0,False,False,False,False
TCK-00527,mantenimiento_operativo,team_gamma,2026-08-30 15:44:16.884960,2026-08-31 02:24:40.781865,10.7,False,0,False,True,False,False
TCK-00528,deuda_tecnica_critica,team_alpha,2026-03-16 19:23:29.384441,2026-03-22 02:53:14.424161,127.5,False,0,False,False,False,False
TCK-00529,retencion_clientes,team_alpha,2026-08-03 15:27:29.342123,2026-08-04 03:00:54.889860,11.6,False,0,False,False,False,False
TCK-00530,cumplimiento_regulatorio,team_growth,2026-02-25 00:41:45.996727,2026-02-26 08:48:34.308763,32.1,False,0,False,False,False,False
TCK-00531,deuda_tecnica_critica,team_growth,2026-02-08 22:34:36.800772,2026-03-02 09:57:58.481297,515.4,False,0,False,True,False,False
TCK-00532,deuda_tecnica_critica,team_alpha,2026-02-11 02:32:58.081394,2026-02-11 11:08:03.305837,8.6,False,0,False,False,False,False
TCK-00533,mantenimiento_operativo,team_gamma,2026-05-15 11:29:02.237436,2026-05-16 10:02:22.548934,22.6,False,0,True,True,False,False
TCK-00534,soporte_reactivo,team_gamma,2026-04-01 23:38:02.682557,2026-04-02 09:32:42.702658,9.9,False,0,False,False,False,False
TCK-00535,deuda_tecnica_critica,team_growth,2026-05-06 13:05:41.894768,2026-05-12 19:48:20.977504,150.7,False,0,False,False,False,False
TCK-00536,cumplimiento_regulatorio,team_gamma,2026-04-04 02:15:18.969726,2026-04-05 08:03:01.804955,29.8,False,0,False,False,False,False
TCK-00537,mantenimiento_operativo,team_beta,2026-01-15 11:13:57.170481,2026-01-16 08:22:53.338487,21.1,False,0,False,True,False,False
TCK-00538,soporte_reactivo,team_gamma,2026-02-22 20:24:14.219653,2026-02-23 16:40:07.015839,20.3,False,0,False,False,False,False
TCK-00539,mantenimiento_operativo,team_alpha,2026-08-03 04:12:45.069125,2026-08-04 09:55:55.037904,29.7,False,0,False,True,False,False
TCK-00540,mantenimiento_operativo,team_alpha,2026-04-26 22:25:44.416215,2026-04-28 02:06:09.698916,27.7,False,0,False,True,False,False
TCK-00541,deuda_tecnica_critica,team_beta,2026-02-12 03:31:59.987161,2026-02-23 07:25:25.960791,267.9,False,0,False,False,False,False
TCK-00542,mantenimiento_operativo,team_gamma,2026-04-21 05:04:20.027885,2026-04-22 00:47:08.371254,19.7,False,0,False,False,False,False
TCK-00543,deuda_tecnica_critica,team_alpha,2026-07-16 02:16:00.490889,2026-07-20 15:24:49.198667,109.1,False,0,False,False,False,False
TCK-00544,cumplimiento_regulatorio,team_growth,2026-08-19 03:56:49.438385,2026-08-21 17:04:51.166081,61.1,False,0,False,False,False,False
TCK-00545,deuda_tecnica_critica,team_gamma,2026-07-07 13:28:19.660346,2026-07-08 00:55:05.349395,11.4,False,0,False,True,False,False
TCK-00546,soporte_reactivo,team_growth,2026-07-22 20:11:22.221896,2026-07-23 15:05:03.066843,18.9,False,0,False,False,False,False
TCK-00547,retencion_clientes,team_alpha,2026-06-01 08:47:39.595408,2026-06-03 03:01:34.763511,42.2,False,0,False,False,False,False
TCK-00548,soporte_reactivo,team_alpha,2026-07-28 19:40:06.000762,2026-07-29 14:28:59.795183,18.8,False,0,False,False,False,False
TCK-00549,cumplimiento_regulatorio,team_gamma,2026-02-07 00:30:04.524586,2026-02-07 11:13:00.907704,10.7,False,0,False,False,False,False
TCK-00550,deuda_tecnica_critica,team_beta,2026-08-31 12:27:04.882785,2026-08-31 23:36:52.894239,11.2,False,0,False,True,False,False
TCK-00551,soporte_reactivo,team_gamma,2026-05-15 16:39:53.413702,2026-05-16 06:10:11.450073,13.5,False,0,False,False,False,False
TCK-00552,mantenimiento_operativo,team_gamma,2026-04-26 07:54:34.139660,2026-04-27 00:53:58.669772,17.0,False,0,False,True,False,False
TCK-00553,deuda_tecnica_critica,team_gamma,2026-02-16 18:41:18.879130,2026-02-22 17:33:48.703983,142.9,False,0,False,True,False,False
TCK-00554,deuda_tecnica_critica,team_growth,2026-05-23 15:09:58.245413,2026-05-24 15:02:15.501868,23.9,False,0,False,False,False,False
TCK-00555,mantenimiento_operativo,team_alpha,2026-03-06 12:56:48.414774,2026-03-07 03:27:10.173916,14.5,False,0,False,True,False,False
TCK-00556,cumplimiento_regulatorio,team_growth,2026-06-22 14:13:31.637454,2026-06-23 15:38:39.819089,25.4,False,0,False,False,False,False
TCK-00557,retencion_clientes,team_gamma,2026-08-18 19:52:03.324448,2026-08-19 07:57:01.354700,12.1,False,0,False,False,False,False
TCK-00558,retencion_clientes,team_gamma,2026-04-25 13:30:27.357485,2026-04-26 03:17:40.456769,13.8,True,0,False,False,False,False
TCK-00559,soporte_reactivo,team_beta,2026-02-23 08:01:27.870246,2026-02-24 01:34:51.733212,17.6,False,0,False,False,False,False
TCK-00560,soporte_reactivo,team_beta,2026-01-10 04:09:19.099381,2026-01-10 15:10:28.696999,11.0,False,0,False,False,False,False
TCK-00561,soporte_reactivo,team_alpha,2026-04-05 17:25:29.226865,2026-04-08 09:44:00.514560,64.3,False,4,False,False,False,False
TCK-00562,cumplimiento_regulatorio,team_growth,2026-05-22 20:08:20.722099,2026-05-24 03:02:56.929722,30.9,False,0,False,False,False,False
TCK-00563,mantenimiento_operativo,team_gamma,2025-12-31 02:12:09.909179,2025-12-31 14:53:57.381846,12.7,False,0,False,True,False,False
TCK-00564,soporte_reactivo,team_alpha,2026-01-28 13:18:09.898008,2026-01-28 19:35:44.362469,6.3,False,0,False,False,False,False
TCK-00565,deuda_tecnica_critica,team_gamma,2026-05-25 07:20:47.542914,2026-06-04 22:48:12.965347,255.5,False,0,False,False,False,False
TCK-00566,soporte_reactivo,team_growth,2026-04-10 09:54:49.201797,2026-04-12 00:52:15.586229,39.0,False,0,False,False,False,False
TCK-00567,mantenimiento_operativo,team_alpha,2026-01-06 08:36:16.961996,2026-01-07 16:43:30.621212,32.1,False,0,False,False,False,False
TCK-00568,deuda_tecnica_critica,team_alpha,2026-01-13 21:32:26.197336,2026-01-14 17:45:28.934145,20.2,False,0,False,True,False,False
TCK-00569,mantenimiento_operativo,team_alpha,2026-02-01 22:57:07.076485,2026-02-02 09:17:54.625804,10.3,False,0,False,True,False,False
TCK-00570,cumplimiento_regulatorio,team_growth,2026-03-16 19:53:11.963598,2026-03-17 16:24:23.703392,20.5,False,0,False,False,False,False
TCK-00571,soporte_reactivo,team_alpha,2025-12-19 21:37:02.119517,2025-12-20 14:36:14.845888,17.0,False,0,False,False,False,False
TCK-00572,retencion_clientes,team_gamma,2026-08-28 14:34:50.311743,2026-08-29 03:12:56.316020,12.6,False,0,False,False,False,False
TCK-00573,retencion_clientes,team_alpha,2026-08-01 00:18:59.444944,2026-08-01 15:34:30.340136,15.3,False,0,False,False,False,False
TCK-00574,cumplimiento_regulatorio,team_growth,2025-12-22 03:45:18.099028,2025-12-22 12:46:37.696495,9.0,False,0,False,False,False,False
TCK-00575,mantenimiento_operativo,team_beta,2026-07-24 04:18:24.658749,2026-07-24 19:30:26.493664,15.2,False,0,False,False,False,False
TCK-00576,soporte_reactivo,team_gamma,2026-04-01 06:58:01.802441,2026-04-01 17:46:51.195400,10.8,False,0,False,False,False,False
TCK-00577,mantenimiento_operativo,team_alpha,2026-08-08 23:56:03.052862,2026-08-09 12:09:11.922405,12.2,False,0,True,True,False,False
TCK-00578,mantenimiento_operativo,team_beta,2026-05-21 02:30:33.826456,2026-05-21 18:21:22.311458,15.8,False,0,False,True,False,False
TCK-00579,cumplimiento_regulatorio,team_gamma,2026-07-16 07:26:31.830089,2026-07-16 20:02:38.523645,12.6,False,0,False,False,False,False
TCK-00580,soporte_reactivo,team_beta,2026-05-25 21:33:49.270138,2026-05-27 13:45:54.634679,40.2,False,4,False,False,False,False
TCK-00581,retencion_clientes,team_alpha,2026-05-14 07:12:07.249680,2026-05-14 19:19:05.955009,12.1,False,0,False,False,False,False
TCK-00582,cumplimiento_regulatorio,team_alpha,2026-07-16 02:33:23.727598,2026-07-16 15:56:53.881812,13.4,False,0,False,False,False,False
TCK-00583,cumplimiento_regulatorio,team_alpha,2026-01-26 23:43:37.204293,2026-01-27 18:28:03.227413,18.7,False,0,False,False,False,False
TCK-00584,cumplimiento_regulatorio,team_gamma,2026-01-17 23:10:29.516094,2026-01-18 04:32:48.529826,5.4,False,0,False,False,False,False
TCK-00585,soporte_reactivo,team_beta,2026-03-25 01:41:42.839094,2026-03-25 21:07:42.739110,19.4,False,0,False,False,False,False
TCK-00586,mantenimiento_operativo,team_growth,2026-08-25 14:42:21.030332,2026-08-26 19:21:59.781409,28.7,False,0,False,True,False,False
TCK-00587,mantenimiento_operativo,team_gamma,2026-09-02 14:10:10.988768,2026-09-03 04:04:49.852407,13.9,False,0,False,False,False,False
TCK-00588,mantenimiento_operativo,team_gamma,2026-08-08 02:34:44.142557,2026-08-08 16:05:27.019188,13.5,False,0,False,False,False,False
TCK-00589,deuda_tecnica_critica,team_growth,2026-05-30 19:55:39.247598,2026-05-31 22:54:15.773462,27.0,False,0,False,True,False,False
TCK-00590,mantenimiento_operativo,team_gamma,2026-06-24 21:04:48.836648,2026-06-25 15:29:53.412095,18.4,False,0,False,True,True,False
TCK-00591,deuda_tecnica_critica,team_alpha,2026-05-22 09:19:22.465666,2026-05-30 16:33:45.048205,199.2,False,0,False,False,False,False
TCK-00592,soporte_reactivo,team_alpha,2026-04-15 11:00:57.388005,2026-04-17 06:27:47.502044,43.4,False,4,False,False,False,False
TCK-00593,retencion_clientes,team_beta,2026-07-23 21:51:47.963472,2026-07-24 06:46:36.514292,8.9,False,0,False,False,False,False
TCK-00594,deuda_tecnica_critica,team_growth,2026-07-10 18:19:30.783345,2026-07-27 04:22:17.562961,394.0,False,0,False,True,False,False
TCK-00595,retencion_clientes,team_growth,2026-08-29 21:40:56.242368,2026-08-30 14:25:36.446215,16.7,False,0,False,False,False,False
TCK-00596,deuda_tecnica_critica,team_gamma,2026-01-16 20:21:07.686712,2026-01-22 20:28:11.069070,144.1,False,0,False,False,False,False
TCK-00597,mantenimiento_operativo,team_gamma,2025-12-23 18:56:19.374577,2025-12-24 09:31:28.287808,14.6,True,0,True,False,False,False
TCK-00598,soporte_reactivo,team_gamma,2025-12-28 05:10:49.971765,2025-12-28 17:43:56.072910,12.6,False,0,False,False,False,False
TCK-00599,cumplimiento_regulatorio,team_beta,2026-04-29 03:17:53.367688,2026-04-29 08:53:05.206215,5.6,False,0,False,False,False,False
TCK-00600,cumplimiento_regulatorio,team_growth,2026-03-16 05:01:35.510049,2026-03-17 03:02:32.866340,22.0,False,0,False,False,False,False
TCK-00601,mantenimiento_operativo,team_gamma,2026-01-18 04:15:03.773527,2026-01-18 17:53:13.582091,13.6,True,0,False,True,False,False
TCK-00602,deuda_tecnica_critica,team_beta,2026-02-27 05:45:42.039972,2026-03-07 23:45:09.035390,210.0,True,0,False,True,False,False
TCK-00603,retencion_clientes,team_growth,2026-08-01 04:21:50.005406,2026-08-02 08:57:26.110908,28.6,False,0,False,False,False,False
TCK-00604,cumplimiento_regulatorio,team_gamma,2026-01-26 05:53:09.882281,2026-01-27 06:14:07.375901,24.3,True,0,False,False,False,False
TCK-00605,retencion_clientes,team_growth,2026-04-04 18:33:11.103518,2026-04-06 05:51:02.339381,35.3,False,0,False,False,False,False
TCK-00606,mantenimiento_operativo,team_beta,2026-07-03 18:12:00.951179,2026-07-04 15:50:38.339135,21.6,False,0,True,True,False,False
TCK-00607,soporte_reactivo,team_alpha,2026-02-19 15:34:13.331974,2026-02-20 20:21:07.560593,28.8,True,4,False,False,False,False
TCK-00608,mantenimiento_operativo,team_growth,2026-06-07 10:27:15.408240,2026-06-08 07:06:42.549880,20.7,False,0,False,False,False,False
TCK-00609,mantenimiento_operativo,team_beta,2026-04-30 14:41:19.541010,2026-05-01 06:15:52.521963,15.6,False,0,False,True,False,False
TCK-00610,deuda_tecnica_critica,team_gamma,2026-02-10 06:00:25.636404,2026-02-11 17:05:42.431519,35.1,False,0,False,True,False,False
TCK-00611,mantenimiento_operativo,team_beta,2026-05-24 05:54:24.926245,2026-05-24 14:20:56.558595,8.4,False,0,True,False,False,False
TCK-00612,soporte_reactivo,team_growth,2026-07-13 00:15:40.659283,2026-07-14 12:44:19.002841,36.5,False,0,False,False,False,False
TCK-00613,mantenimiento_operativo,team_growth,2026-03-28 20:44:11.690168,2026-03-29 12:03:21.170280,15.3,False,0,True,True,False,False
TCK-00614,soporte_reactivo,team_gamma,2026-07-20 16:32:45.747361,2026-07-21 06:19:01.349840,13.8,False,0,False,False,False,False
TCK-00615,soporte_reactivo,team_beta,2026-09-03 04:54:57.965625,2026-09-03 16:59:35.705952,12.1,False,0,False,False,False,False
TCK-00616,soporte_reactivo,team_beta,2026-01-19 08:38:49.457341,2026-01-20 00:20:12.892951,15.7,False,0,False,False,False,False
TCK-00617,deuda_tecnica_critica,team_alpha,2026-06-13 23:23:28.217387,2026-06-14 20:50:52.922519,21.5,True,0,False,True,False,False
TCK-00618,mantenimiento_operativo,team_gamma,2026-09-06 01:52:37.888155,2026-09-07 00:29:12.194747,22.6,False,0,True,False,False,False
TCK-00619,soporte_reactivo,team_gamma,2026-02-05 22:42:27.962113,2026-02-06 10:08:37.437389,11.4,False,0,False,False,False,False
TCK-00620,mantenimiento_operativo,team_gamma,2026-05-31 06:19:34.352884,2026-06-01 00:13:46.115283,17.9,False,0,True,False,False,False
TCK-00621,deuda_tecnica_critica,team_alpha,2026-07-14 19:32:48.191717,2026-07-18 12:38:50.620438,89.1,True,0,False,True,False,False
TCK-00622,deuda_tecnica_critica,team_gamma,2026-06-18 02:47:34.520065,2026-06-18 18:27:04.465303,15.7,False,0,False,True,True,False
TCK-00623,cumplimiento_regulatorio,team_gamma,2026-04-01 19:42:15.411111,2026-04-02 15:48:57.332745,20.1,False,0,False,False,False,False
TCK-00624,soporte_reactivo,team_alpha,2026-04-15 16:55:41.574136,2026-04-18 16:27:43.867188,71.5,False,4,False,False,False,False
TCK-00625,retencion_clientes,team_growth,2026-07-15 14:04:57.771557,2026-07-16 19:35:13.524300,29.5,False,0,False,False,False,False
TCK-00626,soporte_reactivo,team_beta,2026-03-08 04:10:09.393950,2026-03-10 08:12:18.219189,52.0,False,0,False,False,False,False
TCK-00627,soporte_reactivo,team_alpha,2026-09-01 03:36:30.638272,,,False,0,False,False,False,False
TCK-00628,retencion_clientes,team_gamma,2026-04-06 07:54:07.322399,2026-04-06 22:05:20.096267,14.2,False,0,False,False,False,False
TCK-00629,mantenimiento_operativo,team_beta,2026-02-10 20:33:39.269948,2026-02-11 22:02:55.214090,25.5,False,0,False,False,False,False
TCK-00630,retencion_clientes,team_alpha,2026-03-03 09:03:53.027556,2026-03-03 17:06:45.369943,8.0,False,0,False,False,False,False
TCK-00631,soporte_reactivo,team_beta,2026-02-23 19:18:45.726444,2026-02-24 23:26:33.815583,28.1,False,4,False,False,False,False
TCK-00632,cumplimiento_regulatorio,team_gamma,2026-06-09 12:22:45.943529,2026-06-10 18:52:17.476235,30.5,False,0,False,False,False,False
TCK-00633,mantenimiento_operativo,team_beta,2026-06-18 09:05:26.807113,2026-06-19 02:28:09.162311,17.4,False,0,False,False,False,False
TCK-00634,cumplimiento_regulatorio,team_alpha,2026-08-04 16:20:07.758923,2026-08-05 02:22:39.965479,10.0,False,0,False,False,False,False
TCK-00635,mantenimiento_operativo,team_alpha,2026-07-03 11:19:08.837012,2026-07-04 16:44:08.179734,29.4,False,0,False,True,False,False
TCK-00636,deuda_tecnica_critica,team_growth,2026-04-01 15:01:01.231033,2026-04-18 04:43:45.211367,397.7,False,0,False,False,False,False
TCK-00637,deuda_tecnica_critica,team_beta,2026-03-25 12:19:22.006620,2026-03-29 14:03:35.423029,97.7,False,0,False,True,False,False
TCK-00638,mantenimiento_operativo,team_gamma,2026-04-19 06:37:27.438135,2026-04-19 20:59:57.508903,14.4,False,0,True,True,False,False
TCK-00639,soporte_reactivo,team_alpha,2026-07-12 15:09:14.983755,2026-07-14 19:24:10.568272,52.2,False,4,False,False,False,False
TCK-00640,deuda_tecnica_critica,team_beta,2026-07-03 18:09:29.334133,2026-07-04 07:56:06.170968,13.8,False,0,False,False,False,False
TCK-00641,soporte_reactivo,team_alpha,2026-08-02 17:21:52.302307,2026-08-04 03:21:04.911558,34.0,False,4,False,False,False,False
TCK-00642,soporte_reactivo,team_alpha,2026-03-07 08:26:15.038617,2026-03-09 04:01:48.959601,43.6,False,4,False,False,False,False
TCK-00643,mantenimiento_operativo,team_gamma,2026-07-16 03:34:01.722691,2026-07-17 04:31:55.981146,25.0,False,0,False,True,False,False
TCK-00644,mantenimiento_operativo,team_gamma,2026-04-15 00:45:52.836301,2026-04-15 05:14:00.997155,4.5,False,0,False,True,False,False
TCK-00645,soporte_reactivo,team_beta,2026-08-14 21:09:22.223106,2026-08-15 20:58:35.848393,23.8,True,0,False,False,False,False
TCK-00646,mantenimiento_operativo,team_alpha,2026-03-30 00:25:46.331658,2026-03-30 16:09:52.321855,15.7,False,0,False,True,False,False
TCK-00647,mantenimiento_operativo,team_beta,2026-07-21 02:49:09.178545,2026-07-21 14:07:09.025084,11.3,False,0,True,True,False,False
TCK-00648,retencion_clientes,team_growth,2026-05-04 17:26:50.534006,2026-05-05 19:35:11.819129,26.1,False,0,False,False,False,False
TCK-00649,deuda_tecnica_critica,team_growth,2026-07-14 08:19:31.993905,2026-07-14 23:29:43.056892,15.2,False,0,False,True,False,False
TCK-00650,soporte_reactivo,team_alpha,2026-02-17 21:27:42.617685,2026-02-18 13:33:24.082142,16.1,False,0,False,False,False,False
TCK-00651,retencion_clientes,team_alpha,2026-07-04 13:19:26.646049,2026-07-05 00:48:15.540415,11.5,False,0,False,False,False,False
TCK-00652,deuda_tecnica_critica,team_growth,2026-06-18 09:55:44.910147,2026-06-30 21:41:48.311626,299.8,False,0,False,False,False,False
TCK-00653,retencion_clientes,team_growth,2026-01-07 06:00:33.429122,2026-01-09 05:18:23.730238,47.3,False,0,False,False,False,False
TCK-00654,cumplimiento_regulatorio,team_beta,2026-05-26 05:26:50.010962,2026-05-26 21:44:26.950697,16.3,False,0,False,False,False,False
TCK-00655,soporte_reactivo,team_gamma,2026-03-21 06:25:59.715156,2026-03-22 18:08:38.670163,35.7,False,0,False,False,False,False
TCK-00656,retencion_clientes,team_growth,2025-12-29 06:30:26.852574,2025-12-30 06:20:10.454616,23.8,True,0,False,False,False,False
TCK-00657,cumplimiento_regulatorio,team_alpha,2026-07-21 19:32:55.869604,2026-07-22 12:35:21.492169,17.0,False,0,False,False,False,False
TCK-00658,cumplimiento_regulatorio,team_growth,2026-03-11 21:14:31.571982,2026-03-12 22:29:15.001130,25.2,False,0,False,False,False,False
TCK-00659,soporte_reactivo,team_beta,2026-03-12 01:37:09.788381,2026-03-12 07:47:45.581253,6.2,False,0,False,False,False,False
TCK-00660,retencion_clientes,team_gamma,2026-03-24 03:42:45.187225,2026-03-24 12:45:56.204591,9.1,False,0,False,False,False,False
TCK-00661,soporte_reactivo,team_beta,2026-01-10 11:34:31.619130,2026-01-13 03:28:01.236430,63.9,False,4,False,False,False,False
TCK-00662,soporte_reactivo,team_alpha,2026-03-08 05:16:38.202095,2026-03-10 19:41:10.887581,62.4,False,4,False,False,False,False
TCK-00663,mantenimiento_operativo,team_beta,2026-06-04 22:18:33.031477,2026-06-05 17:03:52.298870,18.8,True,0,True,False,False,False
TCK-00664,cumplimiento_regulatorio,team_beta,2026-06-18 21:19:42.197357,2026-06-20 06:36:04.734058,33.3,True,0,False,False,False,False
TCK-00665,retencion_clientes,team_growth,2025-12-30 04:23:58.712952,2025-12-31 06:33:24.521028,26.2,False,0,False,False,False,False
TCK-00666,cumplimiento_regulatorio,team_growth,2026-01-28 21:03:00.149974,2026-01-29 14:25:02.475660,17.4,False,0,False,False,False,False
TCK-00667,soporte_reactivo,team_growth,2026-02-26 10:02:04.527804,2026-03-01 18:49:42.074851,80.8,False,4,False,False,False,False
TCK-00668,mantenimiento_operativo,team_beta,2026-01-31 22:26:51.582230,2026-02-01 04:20:52.589138,5.9,False,0,True,True,False,False
TCK-00669,soporte_reactivo,team_beta,2026-08-01 17:07:35.793798,2026-08-02 07:45:00.589931,14.6,False,0,False,False,False,False
TCK-00670,soporte_reactivo,team_alpha,2026-09-05 09:07:29.655320,2026-09-06 17:00:04.819350,31.9,False,0,False,False,False,False
TCK-00671,cumplimiento_regulatorio,team_growth,2026-06-18 22:27:23.114135,2026-06-19 13:10:28.240543,14.7,False,0,False,False,False,False
TCK-00672,retencion_clientes,team_gamma,2026-06-13 15:04:00.509490,2026-06-14 07:15:49.705197,16.2,False,0,False,False,False,False
TCK-00673,soporte_reactivo,team_beta,2026-07-08 16:22:59.159771,2026-07-08 21:46:50.111661,5.4,False,0,False,False,False,False
TCK-00674,retencion_clientes,team_gamma,2026-04-28 01:06:49.634537,2026-04-28 11:46:09.990475,10.7,False,0,False,False,False,False
TCK-00675,cumplimiento_regulatorio,team_gamma,2026-02-25 15:58:32.551240,2026-02-26 04:42:57.909191,12.7,False,0,False,False,False,False
TCK-00676,deuda_tecnica_critica,team_growth,2026-03-02 18:50:38.617680,2026-03-15 22:50:26.881945,316.0,False,0,False,False,False,False
TCK-00677,soporte_reactivo,team_beta,2026-01-01 00:07:33.359023,2026-01-01 19:22:59.362054,19.3,False,0,False,False,False,False
TCK-00678,soporte_reactivo,team_gamma,2026-01-18 09:58:29.436184,2026-01-18 23:06:42.201535,13.1,False,0,False,False,False,False
TCK-00679,retencion_clientes,team_alpha,2026-01-11 00:54:51.019564,2026-01-12 06:16:02.215393,29.4,False,0,False,False,False,False
TCK-00680,mantenimiento_operativo,team_gamma,2026-08-09 06:22:04.683326,2026-08-09 20:54:48.254915,14.5,True,0,False,False,False,False
TCK-00681,retencion_clientes,team_growth,2025-12-23 04:19:39.062716,2025-12-23 20:29:03.108972,16.2,False,0,False,False,False,False
TCK-00682,deuda_tecnica_critica,team_growth,2026-02-04 04:15:58.274421,2026-02-15 12:43:57.525757,272.5,False,0,False,True,False,False
TCK-00683,mantenimiento_operativo,team_alpha,2026-09-03 21:30:09.028182,,,False,0,False,True,False,False
TCK-00684,cumplimiento_regulatorio,team_growth,2026-08-26 11:07:32.774684,2026-08-27 13:09:42.892276,26.0,False,0,False,False,False,False
TCK-00685,soporte_reactivo,team_alpha,2026-01-27 20:05:46.920038,2026-01-29 04:24:23.950228,32.3,False,4,False,False,False,False
TCK-00686,cumplimiento_regulatorio,team_alpha,2026-08-14 13:39:46.510999,2026-08-15 03:50:05.075127,14.2,False,0,False,False,False,False
TCK-00687,soporte_reactivo,team_alpha,2026-07-01 16:46:08.056633,2026-07-02 05:07:47.762946,12.4,False,0,False,False,False,False
TCK-00688,cumplimiento_regulatorio,team_beta,2026-09-02 00:50:34.109654,2026-09-02 05:22:54.599179,4.5,False,0,False,False,False,False
TCK-00689,cumplimiento_regulatorio,team_growth,2026-07-26 05:41:52.522823,2026-07-27 14:06:00.445559,32.4,False,0,False,False,False,False
TCK-00690,mantenimiento_operativo,team_alpha,2026-06-01 14:39:00.645963,2026-06-02 07:56:55.476883,17.3,False,0,False,True,False,False
TCK-00691,retencion_clientes,team_beta,2025-12-30 07:19:18.101659,2025-12-31 01:42:24.739044,18.4,False,0,False,False,False,False
TCK-00692,mantenimiento_operativo,team_gamma,2026-04-20 19:57:41.371915,2026-04-21 08:16:37.912451,12.3,False,0,False,True,False,False
TCK-00693,cumplimiento_regulatorio,team_growth,2026-07-03 17:24:53.325248,2026-07-04 17:09:28.777143,23.7,False,0,False,False,False,False
TCK-00694,retencion_clientes,team_growth,2026-02-09 23:06:50.231942,2026-02-10 20:36:33.991552,21.5,False,0,False,False,False,False
TCK-00695,retencion_clientes,team_growth,2026-08-18 18:16:00.269619,2026-08-19 14:45:53.951045,20.5,False,0,False,False,False,False
TCK-00696,mantenimiento_operativo,team_growth,2026-02-19 07:12:22.973834,2026-02-20 02:20:16.035389,19.1,False,0,False,True,False,False
TCK-00697,deuda_tecnica_critica,team_alpha,2026-03-27 15:09:42.651715,2026-04-11 06:24:37.490672,351.2,False,0,False,False,False,False
TCK-00698,soporte_reactivo,team_beta,2026-05-17 05:09:53.784415,2026-05-18 20:50:53.317208,39.7,False,4,False,False,False,False
TCK-00699,mantenimiento_operativo,team_alpha,2026-01-02 07:36:19.349869,2026-01-02 12:28:53.251327,4.9,False,0,True,False,False,False
TCK-00700,soporte_reactivo,team_growth,2025-12-26 17:57:01.813004,2025-12-27 16:39:32.956370,22.7,False,0,False,False,False,False
TCK-00701,mantenimiento_operativo,team_gamma,2026-05-09 15:33:24.032727,2026-05-10 10:48:49.004085,19.3,False,0,False,True,False,False
TCK-00702,mantenimiento_operativo,team_gamma,2026-09-03 16:05:02.974059,2026-09-04 04:47:40.547087,12.7,False,0,True,True,False,False
TCK-00703,retencion_clientes,team_beta,2026-02-11 15:00:51.095324,2026-02-12 10:00:14.803139,19.0,False,0,False,False,False,False
TCK-00704,mantenimiento_operativo,team_beta,2026-01-07 10:29:45.327044,2026-01-08 00:13:36.258398,13.7,False,0,True,True,False,False
TCK-00705,mantenimiento_operativo,team_gamma,2026-06-06 00:49:27.363947,2026-06-06 07:56:07.275137,7.1,False,0,False,True,False,False
TCK-00706,soporte_reactivo,team_gamma,2026-01-14 12:32:14.073278,2026-01-16 20:43:12.437361,56.2,False,4,False,False,False,False
TCK-00707,mantenimiento_operativo,team_alpha,2026-05-21 09:56:24.134310,2026-05-21 14:35:39.224284,4.7,False,0,False,True,False,False
TCK-00708,mantenimiento_operativo,team_beta,2026-07-03 14:54:42.260736,2026-07-04 10:06:59.997836,19.2,False,0,False,True,False,False
TCK-00709,soporte_reactivo,team_beta,2026-05-15 18:41:11.506618,2026-05-16 06:47:34.503148,12.1,False,0,False,False,False,False
TCK-00710,cumplimiento_regulatorio,team_gamma,2026-04-28 11:10:40.808492,2026-04-29 00:02:26.520023,12.9,False,0,False,False,False,False
TCK-00711,cumplimiento_regulatorio,team_gamma,2026-06-02 13:32:37.278124,2026-06-02 22:20:43.200647,8.8,False,0,False,False,False,False
TCK-00712,soporte_reactivo,team_growth,2026-08-28 08:22:40.321993,,,True,0,False,False,False,False
TCK-00713,deuda_tecnica_critica,team_beta,2026-07-02 01:02:01.601013,2026-07-09 07:20:34.767572,174.3,False,0,False,False,False,False
TCK-00714,soporte_reactivo,team_beta,2026-03-23 15:26:38.256110,2026-03-24 05:38:44.316628,14.2,False,0,False,False,False,False
TCK-00715,deuda_tecnica_critica,team_gamma,2026-02-20 13:30:24.557281,2026-02-21 03:34:19.431692,14.1,False,0,False,True,False,False
TCK-00716,deuda_tecnica_critica,team_beta,2026-08-19 14:07:59.815612,2026-08-27 05:28:54.569214,183.3,False,0,False,False,False,False
TCK-00717,soporte_reactivo,team_alpha,2026-04-01 22:09:10.956814,2026-04-03 17:16:33.798958,43.1,False,4,False,False,False,False
TCK-00718,mantenimiento_operativo,team_gamma,2026-02-02 15:40:39.995554,2026-02-03 03:33:33.115273,11.9,False,0,True,True,False,False
TCK-00719,soporte_reactivo,team_alpha,2026-01-20 19:12:24.873833,2026-01-22 19:40:27.785682,48.5,False,4,False,False,False,False
TCK-00720,deuda_tecnica_critica,team_growth,2026-07-27 18:52:48.469988,2026-08-07 22:41:55.991649,267.8,False,0,False,False,False,False
TCK-00721,cumplimiento_regulatorio,team_alpha,2026-04-09 05:40:11.012850,2026-04-09 16:47:04.850126,11.1,False,0,False,False,False,False
TCK-00722,retencion_clientes,team_growth,2026-06-27 15:01:15.309656,2026-06-28 06:39:36.408430,15.6,False,0,False,False,False,False
TCK-00723,mantenimiento_operativo,team_beta,2026-07-11 19:04:46.624270,2026-07-12 01:21:29.799698,6.3,False,0,True,True,False,False
TCK-00724,mantenimiento_operativo,team_beta,2026-05-28 17:43:56.632644,2026-05-29 03:03:25.245979,9.3,False,0,False,True,False,False
TCK-00725,cumplimiento_regulatorio,team_growth,2026-01-14 12:56:58.122422,2026-01-15 17:55:53.546959,29.0,False,0,False,False,False,False
TCK-00726,mantenimiento_operativo,team_alpha,2026-02-10 13:10:38.008224,2026-02-11 04:44:20.770467,15.6,False,0,True,False,False,False
TCK-00727,mantenimiento_operativo,team_beta,2026-06-30 19:37:03.983641,2026-07-01 05:15:59.795381,9.6,False,0,False,True,False,False
TCK-00728,retencion_clientes,team_beta,2026-05-24 20:40:17.024091,2026-05-25 07:27:21.096110,10.8,False,0,False,False,False,False
TCK-00729,mantenimiento_operativo,team_gamma,2026-04-21 00:54:09.316356,2026-04-22 02:27:01.340798,25.5,False,0,False,True,False,False
TCK-00730,deuda_tecnica_critica,team_gamma,2026-04-14 05:20:48.911349,2026-04-14 21:04:38.815262,15.7,False,0,False,False,False,False
TCK-00731,mantenimiento_operativo,team_beta,2026-08-26 15:54:23.695216,2026-08-27 13:56:38.958655,22.0,False,0,False,True,False,False
TCK-00732,cumplimiento_regulatorio,team_growth,2026-02-09 05:02:25.557117,2026-02-09 21:34:07.953834,16.5,False,0,False,False,False,False
TCK-00733,mantenimiento_operativo,team_gamma,2026-02-12 18:20:20.558440,2026-02-13 17:51:57.853670,23.5,False,0,False,True,False,False
TCK-00734,deuda_tecnica_critica,team_gamma,2026-02-26 00:57:56.450874,2026-02-27 16:57:56.881336,40.0,False,0,False,True,False,False
TCK-00735,retencion_clientes,team_gamma,2026-04-03 14:03:38.631615,2026-04-04 04:00:32.496329,13.9,False,0,False,False,False,False
TCK-00736,soporte_reactivo,team_gamma,2026-08-30 20:24:21.325071,2026-09-01 16:47:44.919176,44.4,False,4,False,False,False,False
TCK-00737,cumplimiento_regulatorio,team_growth,2026-01-10 04:52:30.559034,2026-01-11 03:00:32.893336,22.1,False,0,False,False,False,False
TCK-00738,soporte_reactivo,team_gamma,2026-01-28 13:09:45.381984,2026-01-30 00:52:04.328515,35.7,False,4,False,False,False,False
TCK-00739,retencion_clientes,team_growth,2026-07-06 16:30:54.030904,2026-07-07 21:38:23.307396,29.1,False,0,False,False,False,False
TCK-00740,retencion_clientes,team_alpha,2026-05-09 02:28:27.375432,2026-05-09 17:46:42.490644,15.3,False,0,False,False,False,False
TCK-00741,retencion_clientes,team_growth,2026-05-09 09:49:41.337370,2026-05-11 09:49:25.911438,48.0,False,0,False,False,False,False
TCK-00742,retencion_clientes,team_growth,2025-12-22 17:38:43.917004,2025-12-24 04:03:36.960673,34.4,False,0,False,False,False,False
TCK-00743,soporte_reactivo,team_alpha,2026-02-13 20:57:46.181992,2026-02-14 09:18:02.196271,12.3,False,0,False,False,False,False
TCK-00744,mantenimiento_operativo,team_beta,2026-03-15 02:36:29.705592,2026-03-15 15:19:42.156499,12.7,False,0,True,True,False,False
TCK-00745,cumplimiento_regulatorio,team_gamma,2026-06-22 20:54:37.796092,2026-06-23 03:52:49.081899,7.0,False,0,False,False,False,False
TCK-00746,soporte_reactivo,team_growth,2026-05-18 12:04:50.569030,2026-05-20 08:08:32.770446,44.1,False,4,False,False,False,False
TCK-00747,mantenimiento_operativo,team_beta,2026-05-10 22:47:51.717209,2026-05-11 12:58:13.575358,14.2,False,0,False,True,False,False
TCK-00748,retencion_clientes,team_beta,2026-02-16 16:49:40.507684,2026-02-17 00:47:05.800070,8.0,False,0,False,False,False,False
TCK-00749,cumplimiento_regulatorio,team_alpha,2026-07-29 07:03:34.323996,2026-07-29 17:14:44.413698,10.2,False,0,False,False,False,False
TCK-00750,soporte_reactivo,team_beta,2026-01-21 21:24:58.857494,2026-01-22 13:43:20.026318,16.3,False,0,False,False,False,False
TCK-00751,soporte_reactivo,team_alpha,2025-12-24 08:58:52.482313,2025-12-26 06:48:29.856472,45.8,False,4,False,False,False,False
TCK-00752,soporte_reactivo,team_alpha,2026-01-01 06:36:18.287284,2026-01-02 19:38:17.014842,37.0,False,4,False,False,False,False
TCK-00753,deuda_tecnica_critica,team_gamma,2026-05-03 13:44:47.920867,2026-05-04 02:19:08.625762,12.6,False,0,False,True,False,False
TCK-00754,cumplimiento_regulatorio,team_alpha,2026-04-21 21:22:02.788879,2026-04-22 22:30:14.063952,25.1,False,0,False,False,False,False
TCK-00755,soporte_reactivo,team_gamma,2026-01-05 23:51:45.168560,2026-01-07 18:19:57.797934,42.5,False,4,False,False,False,False
TCK-00756,mantenimiento_operativo,team_beta,2026-09-01 04:34:39.406625,,,False,0,True,True,False,False
TCK-00757,cumplimiento_regulatorio,team_growth,2026-07-03 14:43:00.630446,2026-07-06 01:08:20.222310,58.4,False,0,False,False,False,False
TCK-00758,soporte_reactivo,team_beta,2026-07-15 08:00:02.625513,2026-07-16 21:11:01.924559,37.2,False,4,False,False,False,False
TCK-00759,mantenimiento_operativo,team_gamma,2026-01-20 03:24:59.660723,2026-01-21 13:27:16.174884,34.0,False,0,False,True,False,False
TCK-00760,mantenimiento_operativo,team_beta,2026-09-05 21:24:46.079306,2026-09-06 12:08:17.490445,14.7,False,0,False,True,False,False
TCK-00761,soporte_reactivo,team_gamma,2026-02-28 14:32:46.212057,2026-03-01 05:29:24.027282,14.9,False,0,False,False,False,False
TCK-00762,cumplimiento_regulatorio,team_gamma,2026-04-12 12:24:31.203657,2026-04-13 17:15:42.106467,28.9,False,0,False,False,False,False
TCK-00763,mantenimiento_operativo,team_beta,2026-05-01 04:22:04.952812,2026-05-01 16:51:28.352772,12.5,False,0,False,True,False,False
TCK-00764,retencion_clientes,team_alpha,2026-06-19 19:22:48.299507,2026-06-20 14:29:12.081181,19.1,False,0,False,False,False,False
TCK-00765,mantenimiento_operativo,team_alpha,2026-06-11 16:47:51.262765,2026-06-12 13:19:05.117365,20.5,False,0,False,True,False,False
TCK-00766,cumplimiento_regulatorio,team_growth,2026-01-02 11:02:20.157704,2026-01-03 23:36:34.270886,36.6,False,0,False,False,False,False
TCK-00767,mantenimiento_operativo,team_alpha,2026-01-23 22:28:03.966774,2026-01-24 05:44:45.578811,7.3,False,0,False,False,False,False
TCK-00768,soporte_reactivo,team_beta,2026-08-03 09:36:39.697474,2026-08-04 19:37:35.438178,34.0,False,4,False,False,False,False
TCK-00769,cumplimiento_regulatorio,team_beta,2026-01-09 20:55:35.089693,2026-01-10 04:55:56.489388,8.0,False,0,False,False,False,False
TCK-00770,deuda_tecnica_critica,team_growth,2026-07-12 02:19:58.835367,2026-07-12 19:07:01.277692,16.8,False,0,False,False,False,False
TCK-00771,mantenimiento_operativo,team_beta,2026-09-03 18:18:00.515389,2026-09-04 10:15:02.115007,16.0,False,0,False,True,False,False
TCK-00772,retencion_clientes,team_alpha,2026-06-02 11:06:13.739694,2026-06-03 05:20:03.682440,18.2,False,0,False,False,False,False
TCK-00773,retencion_clientes,team_beta,2026-02-11 15:37:59.280652,2026-02-12 13:58:50.782505,22.3,False,0,False,False,False,False
TCK-00774,mantenimiento_operativo,team_gamma,2026-08-03 07:56:30.564574,2026-08-04 03:03:02.049646,19.1,False,0,False,True,False,False
TCK-00775,mantenimiento_operativo,team_beta,2026-03-25 06:03:09.553349,2026-03-25 15:01:18.909982,9.0,False,0,False,True,False,False
TCK-00776,retencion_clientes,team_alpha,2026-01-09 03:05:50.274278,2026-01-09 15:35:01.565550,12.5,False,0,False,False,False,False
TCK-00777,cumplimiento_regulatorio,team_alpha,2026-02-10 12:30:01.311533,2026-02-11 02:06:47.207357,13.6,False,0,False,False,False,False
TCK-00778,deuda_tecnica_critica,team_growth,2026-06-20 21:23:25.170204,2026-06-22 23:11:14.231689,49.8,False,0,False,True,True,False
TCK-00779,retencion_clientes,team_growth,2026-08-11 22:11:27.350972,2026-08-13 05:55:28.861491,31.7,False,0,False,False,False,False
TCK-00780,cumplimiento_regulatorio,team_growth,2026-02-05 10:19:12.595625,2026-02-06 08:56:23.624124,22.6,False,0,False,False,False,False
TCK-00781,mantenimiento_operativo,team_gamma,2026-04-11 06:52:26.735992,2026-04-11 17:13:56.599185,10.4,False,0,False,False,False,False
TCK-00782,deuda_tecnica_critica,team_beta,2026-02-08 08:55:47.955638,2026-02-08 18:40:49.969792,9.8,False,0,False,False,False,False
TCK-00783,retencion_clientes,team_alpha,2026-07-01 02:16:48.030509,2026-07-02 10:55:57.297390,32.7,False,0,False,False,False,False
TCK-00784,retencion_clientes,team_beta,2026-07-18 06:08:21.982264,2026-07-18 13:44:15.872000,7.6,False,0,False,False,False,False
TCK-00785,soporte_reactivo,team_alpha,2026-01-13 18:00:27.056356,2026-01-14 08:50:58.702595,14.8,False,0,False,False,False,False
TCK-00786,mantenimiento_operativo,team_growth,2026-01-04 20:56:35.401908,2026-01-05 12:56:15.050584,16.0,False,0,False,True,False,False
TCK-00787,soporte_reactivo,team_gamma,2026-02-01 17:23:10.242241,2026-02-02 03:26:25.031806,10.1,False,0,False,False,False,False
TCK-00788,mantenimiento_operativo,team_alpha,2026-08-18 22:04:08.472047,2026-08-19 19:47:58.385296,21.7,False,0,False,True,False,False
TCK-00789,soporte_reactivo,team_alpha,2026-01-07 11:41:45.443621,2026-01-08 03:08:01.317655,15.4,False,0,False,False,False,False
TCK-00790,mantenimiento_operativo,team_gamma,2026-07-18 18:18:52.599055,2026-07-19 04:15:59.505510,10.0,False,0,False,True,False,False
TCK-00791,deuda_tecnica_critica,team_growth,2026-03-08 22:40:53.125983,2026-03-23 08:43:30.930714,346.0,False,0,False,False,False,False
TCK-00792,mantenimiento_operativo,team_gamma,2026-06-02 00:57:44.112291,2026-06-02 09:05:09.188538,8.1,False,0,False,True,False,False
TCK-00793,mantenimiento_operativo,team_gamma,2026-01-15 18:10:25.319271,2026-01-16 05:32:09.590644,11.4,False,0,False,True,False,False
TCK-00794,soporte_reactivo,team_alpha,2026-06-24 07:51:52.829830,2026-06-24 18:20:55.844902,10.5,False,0,False,False,False,False
TCK-00795,soporte_reactivo,team_beta,2026-02-28 01:23:17.734830,2026-02-28 10:51:02.019991,9.5,False,0,False,False,False,False
TCK-00796,cumplimiento_regulatorio,team_alpha,2025-12-28 18:35:46.060164,2025-12-29 09:05:22.077138,14.5,False,0,False,False,False,False
TCK-00797,retencion_clientes,team_growth,2026-03-01 21:50:05.187145,2026-03-04 21:12:29.309488,71.4,True,0,False,False,False,False
TCK-00798,soporte_reactivo,team_alpha,2026-01-03 18:43:41.409251,2026-01-04 07:22:13.291123,12.6,False,0,False,False,False,False
TCK-00799,mantenimiento_operativo,team_gamma,2025-12-28 20:22:58.168065,2025-12-29 05:06:18.805397,8.7,False,0,True,True,False,False
TCK-00800,cumplimiento_regulatorio,team_gamma,2026-06-26 07:15:04.923756,2026-06-26 17:43:51.633541,10.5,False,0,False,False,False,False
TCK-00801,soporte_reactivo,team_alpha,2026-01-14 17:42:39.157669,2026-01-15 06:26:14.265515,12.7,False,0,False,False,False,False
TCK-00802,mantenimiento_operativo,team_beta,2026-01-17 03:34:22.903776,2026-01-17 20:45:40.701139,17.2,False,0,True,True,False,False
TCK-00803,mantenimiento_operativo,team_gamma,2026-06-28 01:17:55.437230,2026-06-28 17:49:39.534214,16.5,False,0,False,True,True,False
TCK-00804,retencion_clientes,team_beta,2026-01-05 06:55:06.239008,2026-01-06 02:00:07.174770,19.1,False,0,False,False,False,False
TCK-00805,soporte_reactivo,team_gamma,2026-05-21 20:43:36.888744,2026-05-22 15:44:58.787018,19.0,False,0,False,False,False,False
TCK-00806,soporte_reactivo,team_beta,2026-03-22 17:46:28.060684,2026-03-24 05:14:02.543632,35.5,False,4,False,False,False,False
TCK-00807,soporte_reactivo,team_beta,2026-04-17 11:59:08.799353,2026-04-18 21:43:40.243783,33.7,False,4,False,False,False,False
TCK-00808,soporte_reactivo,team_gamma,2026-06-06 06:14:03.548106,2026-06-07 20:03:44.531147,37.8,False,4,False,False,False,False
TCK-00809,deuda_tecnica_critica,team_alpha,2026-02-24 21:53:37.089304,2026-03-02 05:55:54.362664,128.0,False,0,False,True,False,False
TCK-00810,mantenimiento_operativo,team_gamma,2026-01-30 16:44:42.710621,2026-01-31 03:35:18.939714,10.8,False,0,True,True,False,False
TCK-00811,deuda_tecnica_critica,team_growth,2026-02-17 14:37:11.734872,2026-03-01 09:09:41.295392,282.5,False,0,False,True,False,False
TCK-00812,deuda_tecnica_critica,team_beta,2026-08-06 21:47:52.341627,2026-08-07 18:25:32.978203,20.6,False,0,False,False,False,False
TCK-00813,deuda_tecnica_critica,team_alpha,2026-06-14 14:05:39.175496,2026-06-20 01:05:06.156990,131.0,False,0,False,False,False,False
TCK-00814,deuda_tecnica_critica,team_gamma,2026-02-22 13:40:45.473258,2026-03-01 16:47:22.106468,171.1,False,0,False,True,False,False
TCK-00815,deuda_tecnica_critica,team_growth,2026-05-02 23:48:16.581230,2026-05-26 01:55:43.585819,554.1,False,0,False,False,False,False
TCK-00816,deuda_tecnica_critica,team_growth,2026-01-09 00:46:57.119215,2026-01-10 04:18:20.244673,27.5,False,0,False,False,False,False
TCK-00817,mantenimiento_operativo,team_gamma,2026-04-05 22:59:29.967303,2026-04-06 17:26:16.613404,18.4,False,0,False,False,False,False
TCK-00818,mantenimiento_operativo,team_gamma,2026-08-30 06:49:42.602826,2026-08-30 21:09:44.515840,14.3,False,0,False,True,False,False
TCK-00819,soporte_reactivo,team_gamma,2026-03-04 11:27:43.198842,2026-03-06 07:50:02.916333,44.4,False,4,False,False,False,False
TCK-00820,cumplimiento_regulatorio,team_gamma,2026-04-28 09:40:37.141357,2026-04-28 16:17:55.762363,6.6,False,0,False,False,False,False
TCK-00821,soporte_reactivo,team_alpha,2026-04-20 18:24:38.171328,2026-04-21 03:12:33.445288,8.8,False,0,False,False,False,False
TCK-00822,soporte_reactivo,team_gamma,2026-04-10 20:47:29.333970,2026-04-12 05:03:07.526645,32.3,False,4,False,False,False,False
TCK-00823,deuda_tecnica_critica,team_growth,2026-04-12 11:29:32.882617,2026-04-13 06:04:59.919492,18.6,False,0,False,True,False,False
TCK-00824,cumplimiento_regulatorio,team_alpha,2026-01-08 19:24:30.091704,2026-01-09 08:32:18.860451,13.1,False,0,False,False,False,False
TCK-00825,soporte_reactivo,team_gamma,2026-07-28 07:52:57.708113,2026-07-28 20:39:08.621979,12.8,False,0,False,False,False,False
TCK-00826,cumplimiento_regulatorio,team_gamma,2026-06-06 14:14:11.121162,2026-06-07 01:38:51.570276,11.4,False,0,False,False,False,False
TCK-00827,soporte_reactivo,team_alpha,2026-06-20 07:00:07.751804,2026-06-22 03:31:24.509057,44.5,False,4,False,False,False,False
TCK-00828,soporte_reactivo,team_alpha,2026-02-08 12:18:27.505210,2026-02-09 08:09:32.373910,19.9,False,4,False,False,False,False
TCK-00829,retencion_clientes,team_growth,2026-02-03 08:22:40.601515,2026-02-04 17:19:53.457083,33.0,False,0,False,False,False,False
TCK-00830,cumplimiento_regulatorio,team_alpha,2026-03-23 17:16:43.072104,2026-03-24 02:20:04.255160,9.1,False,0,False,False,False,False
TCK-00831,mantenimiento_operativo,team_gamma,2026-05-14 21:22:11.190333,2026-05-15 20:50:11.058401,23.5,False,0,False,True,False,False
TCK-00832,mantenimiento_operativo,team_growth,2026-02-27 18:06:34.880444,2026-02-28 03:12:26.846385,9.1,False,0,True,True,False,False
TCK-00833,mantenimiento_operativo,team_gamma,2026-07-31 22:06:08.656631,2026-08-01 13:21:18.600435,15.3,False,0,False,True,False,False
TCK-00834,soporte_reactivo,team_gamma,2026-03-12 06:07:38.113175,2026-03-13 12:04:01.347886,29.9,False,4,False,False,False,False
TCK-00835,retencion_clientes,team_alpha,2026-06-27 08:07:03.701802,2026-06-27 21:13:23.694152,13.1,False,0,False,False,False,False
TCK-00836,retencion_clientes,team_gamma,2026-07-27 03:43:14.516320,2026-07-27 18:22:16.445882,14.7,False,0,False,False,False,False
TCK-00837,soporte_reactivo,team_beta,2026-04-25 12:24:54.725309,2026-04-27 04:54:05.195911,40.5,False,4,False,False,False,False
TCK-00838,mantenimiento_operativo,team_alpha,2026-02-04 18:16:14.480387,2026-02-05 17:41:25.985030,23.4,False,0,False,False,False,False
TCK-00839,retencion_clientes,team_alpha,2026-07-11 16:59:00.933511,2026-07-12 15:06:36.508421,22.1,False,0,False,False,False,False
TCK-00840,deuda_tecnica_critica,team_gamma,2026-02-20 23:47:18.773286,2026-02-21 10:50:21.804959,11.1,False,0,False,False,False,False
TCK-00841,deuda_tecnica_critica,team_growth,2026-06-19 05:12:50.028517,2026-07-01 12:17:00.430166,295.1,False,0,False,False,False,False
TCK-00842,mantenimiento_operativo,team_alpha,2026-08-18 06:44:53.908830,2026-08-18 15:18:00.423583,8.6,False,0,True,True,False,False
TCK-00843,cumplimiento_regulatorio,team_alpha,2026-08-24 05:22:49.090231,2026-08-25 02:43:29.028846,21.3,False,0,False,False,False,False
TCK-00844,retencion_clientes,team_growth,2025-12-22 01:22:44.930965,2025-12-22 18:10:30.941891,16.8,False,0,False,False,False,False
TCK-00845,soporte_reactivo,team_growth,2026-04-09 06:00:38.179542,2026-04-13 13:43:12.514263,103.7,True,4,False,False,False,False
TCK-00846,deuda_tecnica_critica,team_growth,2026-05-15 21:47:21.011752,2026-05-29 04:49:57.598817,319.0,False,0,False,False,False,False
TCK-00847,deuda_tecnica_critica,team_beta,2026-01-19 17:59:43.131452,2026-01-25 04:19:28.974544,130.3,False,0,False,False,False,False
TCK-00848,deuda_tecnica_critica,team_gamma,2026-07-31 22:42:52.563342,2026-08-01 15:03:12.894348,16.3,False,0,False,True,False,False
TCK-00849,deuda_tecnica_critica,team_gamma,2026-06-21 07:59:26.356236,2026-06-26 07:02:29.417326,119.1,False,0,False,False,False,False
TCK-00850,retencion_clientes,team_gamma,2026-07-13 04:17:55.526517,2026-07-13 19:27:52.535139,15.2,True,0,False,False,False,False
TCK-00851,mantenimiento_operativo,team_alpha,2026-03-05 23:37:32.551877,2026-03-06 10:38:05.780296,11.0,False,0,True,True,False,False
TCK-00852,deuda_tecnica_critica,team_growth,2026-03-07 05:44:30.274234,2026-03-24 19:45:57.900898,422.0,False,0,False,False,False,False
TCK-00853,soporte_reactivo,team_growth,2026-07-18 08:02:34.747758,2026-07-20 00:07:20.195675,40.1,False,0,False,False,False,False
TCK-00854,retencion_clientes,team_growth,2026-01-20 07:42:37.634060,2026-01-21 04:29:20.333911,20.8,False,0,False,False,False,False
TCK-00855,cumplimiento_regulatorio,team_growth,2026-03-22 05:22:45.673253,2026-03-23 01:35:32.462217,20.2,False,0,False,False,False,False
TCK-00856,cumplimiento_regulatorio,team_gamma,2026-04-12 23:37:23.668027,2026-04-14 11:15:38.903970,35.6,False,0,False,False,False,False
TCK-00857,mantenimiento_operativo,team_beta,2026-05-18 23:04:02.110213,2026-05-19 11:50:12.760892,12.8,False,0,False,True,False,False
TCK-00858,deuda_tecnica_critica,team_growth,2026-01-31 14:47:24.804050,2026-02-01 03:31:59.499956,12.7,False,0,False,False,False,False
TCK-00859,soporte_reactivo,team_gamma,2026-06-24 11:23:41.825957,2026-06-25 09:10:51.637227,21.8,False,0,False,False,False,False
TCK-00860,mantenimiento_operativo,team_beta,2026-01-05 21:46:02.452343,2026-01-06 19:30:50.810633,21.7,False,0,False,True,False,False
TCK-00861,cumplimiento_regulatorio,team_alpha,2026-01-23 06:59:07.824518,2026-01-24 05:21:32.040983,22.4,False,0,False,False,False,False
TCK-00862,retencion_clientes,team_gamma,2026-01-27 20:35:22.309427,2026-01-28 09:19:47.377951,12.7,False,0,False,False,False,False
TCK-00863,deuda_tecnica_critica,team_gamma,2026-03-26 18:25:13.604113,2026-03-27 14:34:41.656330,20.2,False,0,False,False,False,False
TCK-00864,retencion_clientes,team_growth,2026-07-28 23:42:16.947740,2026-07-30 06:58:56.851218,31.3,False,0,False,False,False,False
TCK-00865,deuda_tecnica_critica,team_gamma,2026-03-13 11:26:00.384373,2026-03-18 14:32:24.984413,123.1,False,0,False,False,False,False
TCK-00866,soporte_reactivo,team_gamma,2026-05-13 21:30:26.427266,2026-05-14 12:24:12.960892,14.9,False,0,False,False,False,False
TCK-00867,deuda_tecnica_critica,team_beta,2026-02-19 06:50:36.222040,2026-02-25 13:35:26.285691,150.7,False,0,False,False,False,False
TCK-00868,mantenimiento_operativo,team_beta,2026-06-02 00:31:31.126387,2026-06-02 20:14:37.147428,19.7,False,0,False,True,False,False
TCK-00869,soporte_reactivo,team_alpha,2026-07-25 08:20:25.595708,2026-07-25 23:14:19.598572,14.9,False,0,False,False,False,False
TCK-00870,retencion_clientes,team_growth,2026-06-23 01:12:54.480396,2026-06-25 12:34:34.411520,59.4,False,0,False,False,False,False
TCK-00871,deuda_tecnica_critica,team_gamma,2026-08-14 16:53:17.052395,2026-08-15 00:48:33.647847,7.9,False,0,False,True,False,False
TCK-00872,soporte_reactivo,team_alpha,2026-05-22 15:59:56.053177,2026-05-25 11:27:45.069790,67.5,False,4,False,False,False,False
TCK-00873,cumplimiento_regulatorio,team_gamma,2026-08-26 01:20:48.943772,2026-08-26 18:12:34.702232,16.9,False,0,False,False,False,False
TCK-00874,soporte_reactivo,team_beta,2026-02-26 22:40:35.256073,2026-02-27 15:46:56.234990,17.1,False,0,False,False,False,False
TCK-00875,soporte_reactivo,team_beta,2026-05-11 16:45:34.196843,2026-05-11 23:39:12.166274,6.9,False,0,False,False,False,False
TCK-00876,mantenimiento_operativo,team_alpha,2026-08-22 22:53:09.222600,2026-08-23 03:55:59.447745,5.0,False,0,True,True,False,False
TCK-00877,mantenimiento_operativo,team_growth,2026-02-24 02:02:22.361152,2026-02-24 10:39:13.211634,8.6,False,0,True,True,False,False
TCK-00878,cumplimiento_regulatorio,team_alpha,2026-08-09 19:51:11.367751,2026-08-10 02:31:21.911999,6.7,False,0,False,False,False,False
TCK-00879,soporte_reactivo,team_beta,2026-03-26 01:41:22.567119,2026-03-26 09:29:16.188698,7.8,False,0,False,False,False,False
TCK-00880,soporte_reactivo,team_beta,2026-08-05 11:29:40.945056,2026-08-06 14:03:35.233455,26.6,False,0,False,False,False,False
TCK-00881,deuda_tecnica_critica,team_growth,2026-03-27 03:38:45.102639,2026-03-28 03:55:36.499430,24.3,False,0,False,False,False,False
TCK-00882,deuda_tecnica_critica,team_growth,2026-03-30 07:27:21.439237,2026-04-08 04:12:44.680931,212.8,False,0,False,False,False,False
TCK-00883,cumplimiento_regulatorio,team_growth,2026-08-26 19:10:00.311965,2026-08-27 17:34:48.568971,22.4,False,0,False,False,False,False
TCK-00884,deuda_tecnica_critica,team_growth,2026-02-16 14:42:35.486446,2026-02-17 19:22:54.275297,28.7,False,0,False,False,False,False
TCK-00885,mantenimiento_operativo,team_gamma,2026-07-18 18:26:03.325814,2026-07-19 09:17:59.408173,14.9,False,0,False,True,False,False
TCK-00886,retencion_clientes,team_growth,2026-05-07 10:02:35.894264,2026-05-09 15:36:06.450056,53.6,True,0,False,False,False,False
TCK-00887,deuda_tecnica_critica,team_growth,2026-03-14 16:42:43.887381,2026-03-16 04:25:47.347331,35.7,False,0,False,False,False,False
TCK-00888,soporte_reactivo,team_growth,2026-03-03 06:35:32.634478,2026-03-04 13:13:33.739612,30.6,True,0,False,False,False,False
TCK-00889,deuda_tecnica_critica,team_alpha,2026-01-12 13:01:54.642268,2026-01-12 22:41:49.759466,9.7,False,0,False,True,False,False
TCK-00890,soporte_reactivo,team_alpha,2026-07-19 19:39:12.797983,2026-07-21 00:49:32.303190,29.2,False,4,False,False,False,False
TCK-00891,mantenimiento_operativo,team_alpha,2026-02-08 01:57:36.607013,2026-02-08 11:59:57.184224,10.0,False,0,False,True,False,False
TCK-00892,deuda_tecnica_critica,team_gamma,2026-05-06 16:10:36.577622,2026-05-07 13:41:55.916601,21.5,False,0,False,True,False,False
TCK-00893,soporte_reactivo,team_alpha,2026-04-13 20:27:44.718606,2026-04-15 21:28:29.169825,49.0,False,4,False,False,False,False
TCK-00894,deuda_tecnica_critica,team_growth,2026-07-05 22:17:56.300264,2026-07-29 15:29:26.517502,569.2,False,0,False,False,False,False
TCK-00895,soporte_reactivo,team_alpha,2026-07-04 11:02:28.452784,2026-07-05 07:41:41.630240,20.7,False,4,False,False,False,False
TCK-00896,soporte_reactivo,team_alpha,2026-01-29 10:00:45.907597,2026-01-30 11:57:41.687585,25.9,False,4,False,False,False,False
TCK-00897,mantenimiento_operativo,team_gamma,2026-05-28 09:02:20.755932,2026-05-28 16:52:17.424484,7.8,False,0,False,False,False,False
TCK-00898,cumplimiento_regulatorio,team_growth,2026-08-19 01:13:34.378240,2026-08-20 10:42:26.230125,33.5,False,0,False,False,False,False
TCK-00899,retencion_clientes,team_growth,2026-03-09 00:18:20.308585,2026-03-10 00:07:17.071425,23.8,False,0,False,False,False,False
TCK-00900,retencion_clientes,team_growth,2026-03-19 05:52:47.146588,2026-03-20 10:51:35.034806,29.0,False,0,False,False,False,False
TCK-00901,cumplimiento_regulatorio,team_growth,2026-03-23 16:52:03.891909,2026-03-25 10:32:49.325231,41.7,False,0,False,False,False,False
TCK-00902,soporte_reactivo,team_gamma,2026-05-14 17:52:33.992918,2026-05-15 05:26:25.689656,11.6,False,0,False,False,False,False
TCK-00903,retencion_clientes,team_growth,2026-07-11 23:12:03.118681,2026-07-12 13:02:41.782291,13.8,False,0,False,False,False,False
TCK-00904,mantenimiento_operativo,team_alpha,2026-04-08 02:34:49.782761,2026-04-08 17:02:15.265653,14.5,False,0,False,True,False,False
TCK-00905,cumplimiento_regulatorio,team_gamma,2026-03-10 08:56:29.180709,2026-03-11 00:31:56.189408,15.6,False,0,False,False,False,False
TCK-00906,cumplimiento_regulatorio,team_growth,2026-06-18 13:50:03.980161,2026-06-19 19:42:44.974977,29.9,True,0,False,False,False,False
TCK-00907,cumplimiento_regulatorio,team_gamma,2026-07-08 14:56:12.556332,2026-07-09 14:43:06.450055,23.8,False,0,False,False,False,False
TCK-00908,mantenimiento_operativo,team_alpha,2026-05-04 18:22:35.410324,2026-05-05 06:07:14.702545,11.7,False,0,False,False,False,False
TCK-00909,deuda_tecnica_critica,team_alpha,2026-04-22 05:45:13.554950,2026-04-23 02:50:29.284165,21.1,False,0,False,False,False,False
TCK-00910,cumplimiento_regulatorio,team_growth,2026-07-03 02:35:34.623508,2026-07-03 16:42:43.237519,14.1,False,0,False,False,False,False
TCK-00911,retencion_clientes,team_beta,2026-02-01 06:07:58.069934,2026-02-01 19:39:05.075748,13.5,False,0,False,False,False,False
TCK-00912,deuda_tecnica_critica,team_gamma,2026-02-05 19:59:59.737317,2026-02-06 13:07:24.574077,17.1,False,0,False,True,False,False
TCK-00913,soporte_reactivo,team_alpha,2026-06-27 13:10:00.993127,2026-06-28 00:46:13.828246,11.6,False,0,False,False,False,False
TCK-00914,mantenimiento_operativo,team_alpha,2026-01-16 13:39:52.829444,2026-01-17 03:33:47.167624,13.9,False,0,False,True,False,False
TCK-00915,soporte_reactivo,team_alpha,2026-07-07 13:21:19.931607,2026-07-08 21:58:39.334029,32.6,False,4,False,False,False,False
TCK-00916,mantenimiento_operativo,team_gamma,2026-07-25 17:21:02.444470,2026-07-26 08:59:11.892385,15.6,False,0,False,True,False,False
TCK-00917,cumplimiento_regulatorio,team_gamma,2026-05-03 23:33:06.445389,2026-05-04 17:30:35.668958,18.0,False,0,False,False,False,False
TCK-00918,soporte_reactivo,team_gamma,2026-06-19 18:47:54.009694,2026-06-20 01:56:09.068709,7.1,False,0,False,False,False,False
TCK-00919,deuda_tecnica_critica,team_alpha,2026-06-08 19:59:33.620954,2026-06-09 09:17:25.911603,13.3,False,0,False,True,False,False
TCK-00920,retencion_clientes,team_gamma,2026-06-01 04:26:32.733760,2026-06-01 20:05:19.044734,15.6,False,0,False,False,False,False
TCK-00921,deuda_tecnica_critica,team_beta,2026-03-07 12:54:46.818062,2026-03-07 19:24:17.133583,6.5,False,0,False,True,False,False
TCK-00922,mantenimiento_operativo,team_growth,2026-06-26 01:38:55.723766,2026-06-26 23:17:01.628794,21.6,False,0,False,True,True,False
TCK-00923,cumplimiento_regulatorio,team_growth,2026-08-26 04:19:30.504664,2026-08-26 16:14:01.349385,11.9,False,0,False,False,False,False
TCK-00924,deuda_tecnica_critica,team_beta,2026-05-15 21:24:19.535992,2026-05-16 19:27:57.679587,22.1,False,0,False,False,False,False
TCK-00925,mantenimiento_operativo,team_gamma,2026-01-29 04:34:32.287595,2026-01-29 13:16:40.242745,8.7,False,0,False,True,False,False
TCK-00926,soporte_reactivo,team_beta,2026-05-12 13:00:53.102440,2026-05-13 22:54:11.564847,33.9,False,4,False,False,False,False
TCK-00927,mantenimiento_operativo,team_beta,2026-03-13 01:25:52.676924,2026-03-13 13:20:52.481112,11.9,False,0,False,True,False,False
TCK-00928,deuda_tecnica_critica,team_beta,2026-02-01 14:05:52.101610,2026-02-01 23:50:50.533914,9.7,False,0,False,False,False,False
TCK-00929,retencion_clientes,team_alpha,2026-04-27 20:40:48.047970,2026-04-28 04:41:04.511937,8.0,False,0,False,False,False,False
TCK-00930,cumplimiento_regulatorio,team_growth,2026-03-28 21:08:48.047957,2026-03-29 19:16:31.765726,22.1,False,0,False,False,False,False
TCK-00931,soporte_reactivo,team_alpha,2026-03-18 03:23:04.134312,2026-03-20 14:55:55.933252,59.5,False,4,False,False,False,False
TCK-00932,cumplimiento_regulatorio,team_alpha,2026-04-28 10:06:42.070297,2026-04-28 21:07:11.853103,11.0,False,0,False,False,False,False
TCK-00933,soporte_reactivo,team_growth,2026-01-25 05:27:45.792245,2026-01-27 00:54:36.719572,43.4,True,0,False,False,False,False
TCK-00934,soporte_reactivo,team_gamma,2026-08-03 08:49:23.231617,2026-08-04 06:05:59.536653,21.3,False,0,False,False,False,False
TCK-00935,mantenimiento_operativo,team_beta,2026-04-05 21:30:11.112698,2026-04-06 15:46:38.259379,18.3,False,0,False,True,False,False
TCK-00936,soporte_reactivo,team_beta,2026-01-10 10:28:53.673523,2026-01-10 17:56:50.546303,7.5,False,0,False,False,False,False
TCK-00937,cumplimiento_regulatorio,team_growth,2026-03-25 03:58:41.847819,2026-03-26 08:06:00.899314,28.1,False,0,False,False,False,False
TCK-00938,mantenimiento_operativo,team_gamma,2025-12-22 07:21:32.047811,2025-12-22 20:06:04.211205,12.7,False,0,False,False,False,False
TCK-00939,retencion_clientes,team_beta,2025-12-29 07:33:59.608065,2025-12-29 16:21:30.515628,8.8,False,0,False,False,False,False
TCK-00940,retencion_clientes,team_alpha,2026-06-14 02:24:16.067957,2026-06-14 15:07:42.165887,12.7,False,0,False,False,False,False
TCK-00941,soporte_reactivo,team_gamma,2026-02-13 22:53:07.966426,2026-02-14 20:11:59.138941,21.3,False,0,False,False,False,False
TCK-00942,mantenimiento_operativo,team_gamma,2026-04-21 09:50:03.701859,2026-04-21 21:43:41.826823,11.9,False,0,False,True,False,False
TCK-00943,retencion_clientes,team_beta,2026-02-22 03:12:17.695313,2026-02-22 20:20:57.587676,17.1,False,0,False,False,False,False
TCK-00944,mantenimiento_operativo,team_gamma,2026-07-03 08:27:13.765846,2026-07-04 14:31:22.606203,30.1,False,0,False,True,False,False
TCK-00945,cumplimiento_regulatorio,team_alpha,2026-05-12 19:57:18.499372,2026-05-13 11:34:18.725027,15.6,False,0,False,False,False,False
TCK-00946,deuda_tecnica_critica,team_beta,2026-05-16 14:56:17.881987,2026-05-22 03:25:38.968431,132.5,False,0,False,True,False,False
TCK-00947,retencion_clientes,team_gamma,2026-06-10 09:31:54.892183,2026-06-10 23:28:40.227790,13.9,False,0,False,False,False,False
TCK-00948,cumplimiento_regulatorio,team_gamma,2026-04-14 11:32:22.870286,2026-04-15 10:58:47.705296,23.4,False,0,False,False,False,False
TCK-00949,mantenimiento_operativo,team_alpha,2026-08-31 13:12:48.279403,2026-09-01 16:41:14.977067,27.5,False,0,False,True,False,False
TCK-00950,mantenimiento_operativo,team_growth,2026-05-26 23:24:27.169555,2026-05-28 11:50:48.374749,36.4,False,0,False,True,False,False
TCK-00951,retencion_clientes,team_growth,2026-07-29 16:57:55.177073,2026-07-30 15:46:37.450473,22.8,False,0,False,False,False,False
TCK-00952,retencion_clientes,team_alpha,2026-05-18 10:33:01.078213,2026-05-18 22:44:05.082774,12.2,False,0,False,False,False,False
TCK-00953,cumplimiento_regulatorio,team_alpha,2026-08-04 11:27:48.667786,2026-08-05 19:13:03.120179,31.8,False,0,False,False,False,False
TCK-00954,soporte_reactivo,team_growth,2026-07-11 21:09:06.392066,2026-07-12 19:59:36.974941,22.8,False,0,False,False,False,False
TCK-00955,mantenimiento_operativo,team_alpha,2026-04-08 22:49:23.160968,2026-04-09 09:53:24.553535,11.1,False,0,False,True,False,False
TCK-00956,deuda_tecnica_critica,team_beta,2026-07-15 04:43:03.760069,2026-07-15 17:00:03.449973,12.3,False,0,False,False,False,False
TCK-00957,cumplimiento_regulatorio,team_beta,2026-03-17 02:56:12.687455,2026-03-17 20:12:45.380447,17.3,True,0,False,False,False,False
TCK-00958,soporte_reactivo,team_beta,2026-03-02 19:25:03.129592,2026-03-04 11:05:10.103910,39.7,False,4,False,False,False,False
TCK-00959,retencion_clientes,team_growth,2025-12-23 19:06:35.720990,2025-12-26 06:12:38.447455,59.1,False,0,False,False,False,False
TCK-00960,retencion_clientes,team_growth,2026-08-31 01:29:06.249958,2026-09-02 06:32:54.906159,53.1,False,0,False,False,False,False
TCK-00961,deuda_tecnica_critica,team_growth,2026-04-23 02:51:13.673007,2026-05-12 12:09:11.318776,465.3,False,0,False,False,False,False
TCK-00962,cumplimiento_regulatorio,team_alpha,2026-04-27 13:18:21.454102,2026-04-28 03:32:22.779747,14.2,False,0,False,False,False,False
TCK-00963,cumplimiento_regulatorio,team_growth,2026-04-29 20:10:08.233042,2026-05-01 20:47:32.593628,48.6,False,0,False,False,False,False
TCK-00964,soporte_reactivo,team_beta,2026-06-30 07:48:41.582916,2026-07-01 14:55:42.841292,31.1,False,4,False,False,False,False
TCK-00965,mantenimiento_operativo,team_beta,2026-05-19 09:52:47.937421,2026-05-19 20:42:48.133057,10.8,False,0,True,True,False,False
TCK-00966,mantenimiento_operativo,team_beta,2026-03-05 20:45:06.145180,2026-03-06 05:50:06.361794,9.1,False,0,True,True,False,False
TCK-00967,mantenimiento_operativo,team_growth,2026-07-04 08:00:11.486227,2026-07-05 10:10:00.448850,26.2,False,0,False,True,False,False
TCK-00968,mantenimiento_operativo,team_beta,2026-06-14 00:04:43.120080,2026-06-14 11:34:46.185712,11.5,False,0,True,True,False,False
TCK-00969,soporte_reactivo,team_beta,2026-07-05 21:23:04.146978,2026-07-07 02:17:19.817802,28.9,False,0,False,False,False,False
TCK-00970,soporte_reactivo,team_beta,2026-04-28 08:19:07.331381,2026-04-29 12:02:09.110237,27.7,False,0,False,False,False,False
TCK-00971,soporte_reactivo,team_gamma,2026-07-07 11:17:14.464934,2026-07-08 00:05:49.121227,12.8,False,0,False,False,False,False
TCK-00972,mantenimiento_operativo,team_growth,2026-02-14 23:40:55.545747,2026-02-16 06:36:58.985265,30.9,False,0,False,True,False,False
TCK-00973,mantenimiento_operativo,team_gamma,2026-03-30 15:55:42.348792,2026-03-30 20:46:16.838124,4.8,False,0,True,False,False,False
TCK-00974,mantenimiento_operativo,team_gamma,2026-03-25 08:18:07.874756,2026-03-25 17:36:46.273981,9.3,False,0,False,False,False,False
TCK-00975,soporte_reactivo,team_alpha,2026-03-12 15:04:19.614157,2026-03-13 03:34:23.704634,12.5,False,0,False,False,False,False
TCK-00976,retencion_clientes,team_growth,2026-06-03 21:02:17.941598,2026-06-04 17:23:07.312224,20.3,False,0,False,False,False,False
TCK-00977,mantenimiento_operativo,team_alpha,2026-07-22 19:36:57.758487,2026-07-23 18:10:52.712312,22.6,False,0,False,True,False,False
TCK-00978,mantenimiento_operativo,team_gamma,2026-07-20 23:05:29.592779,2026-07-22 03:28:20.431368,28.4,False,0,True,True,False,False
TCK-00979,mantenimiento_operativo,team_gamma,2026-06-13 22:58:24.895798,2026-06-14 14:21:10.413520,15.4,False,0,False,True,False,False
TCK-00980,deuda_tecnica_critica,team_alpha,2026-03-25 08:17:48.938158,2026-03-25 20:18:13.661829,12.0,False,0,False,True,False,False
TCK-00981,retencion_clientes,team_alpha,2026-05-06 07:00:32.762387,2026-05-06 21:29:58.837399,14.5,False,0,False,False,False,False
TCK-00982,retencion_clientes,team_beta,2026-01-04 17:26:38.413202,2026-01-05 01:20:46.520163,7.9,False,0,False,False,False,False
TCK-00983,soporte_reactivo,team_gamma,2026-07-23 20:29:45.628726,2026-07-25 03:05:44.220114,30.6,False,4,False,False,False,False
TCK-00984,soporte_reactivo,team_beta,2026-01-24 16:05:05.965137,2026-01-25 02:48:27.262944,10.7,False,0,False,False,False,False
TCK-00985,mantenimiento_operativo,team_alpha,2026-08-19 10:02:26.138105,2026-08-20 03:57:42.412855,17.9,False,0,False,True,False,False
TCK-00986,mantenimiento_operativo,team_alpha,2026-01-17 23:58:48.835664,2026-01-18 13:32:29.412981,13.6,False,0,True,True,False,False
TCK-00987,soporte_reactivo,team_alpha,2026-04-29 15:37:59.476203,2026-05-01 21:32:43.172625,53.9,False,4,False,False,False,False
TCK-00988,mantenimiento_operativo,team_gamma,2026-08-23 18:32:38.116496,2026-08-24 06:18:22.395114,11.8,False,0,False,True,False,False
TCK-00989,mantenimiento_operativo,team_growth,2026-02-15 03:43:19.932096,2026-02-17 13:25:08.117866,57.7,False,0,False,True,False,False
TCK-00990,soporte_reactivo,team_alpha,2026-01-22 12:48:05.457497,2026-01-23 03:24:13.144434,14.6,False,0,False,False,False,False
TCK-00991,mantenimiento_operativo,team_beta,2026-01-31 15:41:39.767164,2026-02-01 00:53:41.877207,9.2,False,0,False,False,False,False
TCK-00992,deuda_tecnica_critica,team_gamma,2026-02-24 15:33:12.073078,2026-02-25 03:16:20.565433,11.7,False,0,False,True,False,False
TCK-00993,soporte_reactivo,team_alpha,2026-01-27 06:58:39.354256,2026-01-28 04:24:59.582383,21.4,False,0,False,False,False,False
TCK-00994,mantenimiento_operativo,team_growth,2026-01-20 23:49:05.942527,2026-01-21 14:43:47.949633,14.9,False,0,False,True,False,False
TCK-00995,soporte_reactivo,team_alpha,2026-01-18 17:17:51.830968,2026-01-19 19:18:37.178926,26.0,False,4,False,False,False,False
TCK-00996,retencion_clientes,team_gamma,2026-04-17 20:16:07.238333,2026-04-18 16:25:29.869144,20.2,False,0,False,False,False,False
TCK-00997,mantenimiento_operativo,team_beta,2026-08-21 01:12:40.492590,2026-08-21 08:03:59.624801,6.9,False,0,True,True,False,False
TCK-00998,soporte_reactivo,team_gamma,2026-04-22 18:44:15.840252,2026-04-23 19:43:16.746315,25.0,False,0,False,False,False,False
TCK-00999,cumplimiento_regulatorio,team_growth,2026-06-08 01:43:43.721402,2026-06-09 11:58:42.177785,34.2,False,0,False,False,False,False
TCK-01000,deuda_tecnica_critica,team_growth,2026-07-31 06:31:24.543054,2026-08-11 08:51:43.600240,266.3,False,0,False,False,False,False
TCK-01001,mantenimiento_operativo,team_alpha,2026-01-18 20:15:47.711623,2026-01-19 03:15:39.779268,7.0,False,0,True,False,False,False
TCK-01002,soporte_reactivo,team_beta,2026-06-14 17:27:10.697975,2026-06-15 11:18:26.946521,17.9,False,0,False,False,False,False
TCK-01003,cumplimiento_regulatorio,team_alpha,2026-05-08 07:56:52.135331,2026-05-08 20:36:05.900999,12.7,False,0,False,False,False,False
TCK-01004,cumplimiento_regulatorio,team_beta,2026-07-03 10:01:21.336870,2026-07-04 14:26:21.562760,28.4,False,0,False,False,False,False
TCK-01005,deuda_tecnica_critica,team_growth,2026-08-30 22:58:34.967087,,,False,0,False,True,False,False
TCK-01006,mantenimiento_operativo,team_alpha,2026-01-22 13:19:43.672209,2026-01-22 18:06:47.311789,4.8,False,0,True,True,False,False
TCK-01007,soporte_reactivo,team_gamma,2026-04-01 18:09:42.419191,2026-04-02 08:38:06.064274,14.5,False,0,False,False,False,False
TCK-01008,mantenimiento_operativo,team_gamma,2026-07-08 20:44:42.263237,2026-07-10 12:22:30.038234,39.6,False,0,False,True,False,False
TCK-01009,deuda_tecnica_critica,team_gamma,2026-08-24 23:44:35.177857,,,False,0,False,True,False,False
TCK-01010,soporte_reactivo,team_growth,2026-05-03 22:15:28.808625,2026-05-04 12:51:53.666609,14.6,False,0,False,False,False,False
TCK-01011,retencion_clientes,team_growth,2026-08-02 15:27:49.208430,2026-08-04 16:20:43.988357,48.9,False,0,False,False,False,False
TCK-01012,cumplimiento_regulatorio,team_alpha,2026-02-18 16:51:11.642739,2026-02-19 14:49:59.384390,22.0,False,0,False,False,False,False
TCK-01013,deuda_tecnica_critica,team_growth,2026-03-25 23:13:48.296671,2026-04-03 06:50:33.239960,199.6,False,0,False,False,False,False
TCK-01014,soporte_reactivo,team_growth,2026-03-18 09:51:22.762907,2026-03-19 06:08:33.703263,20.3,False,0,False,False,False,False
TCK-01015,mantenimiento_operativo,team_beta,2025-12-22 18:33:30.714397,2025-12-23 17:52:23.729124,23.3,False,0,False,False,False,False
TCK-01016,deuda_tecnica_critica,team_gamma,2026-02-20 06:44:19.990437,2026-02-24 16:10:44.251313,105.4,False,0,False,True,False,False
TCK-01017,retencion_clientes,team_gamma,2026-07-04 00:06:35.356770,2026-07-04 14:36:03.515371,14.5,False,0,False,False,False,False
TCK-01018,retencion_clientes,team_alpha,2026-06-03 19:54:46.987457,2026-06-04 11:57:30.450453,16.0,False,0,False,False,False,False
TCK-01019,cumplimiento_regulatorio,team_growth,2026-08-10 18:09:44.163744,2026-08-12 10:15:43.840702,40.1,False,0,False,False,False,False
TCK-01020,cumplimiento_regulatorio,team_gamma,2026-05-08 00:17:51.808241,2026-05-08 06:13:57.964270,5.9,False,0,False,False,False,False
TCK-01021,soporte_reactivo,team_growth,2026-06-24 02:02:53.947141,2026-06-29 13:29:45.568643,131.4,False,4,False,False,False,False
TCK-01022,soporte_reactivo,team_alpha,2026-02-19 09:26:13.400059,2026-02-20 09:10:35.109937,23.7,False,4,False,False,False,False
TCK-01023,deuda_tecnica_critica,team_growth,2026-07-15 12:37:51.611872,2026-07-16 06:39:49.399370,18.0,False,0,False,False,False,False
TCK-01024,mantenimiento_operativo,team_beta,2026-07-23 15:34:06.915380,2026-07-24 03:36:47.300076,12.0,False,0,True,True,False,False
TCK-01025,retencion_clientes,team_gamma,2026-06-05 06:59:00.652223,2026-06-06 04:08:27.723320,21.2,False,0,False,False,False,False
TCK-01026,retencion_clientes,team_growth,2026-08-25 23:07:23.200633,2026-08-27 09:20:09.086220,34.2,False,0,False,False,False,False
TCK-01027,soporte_reactivo,team_gamma,2026-06-24 21:00:19.910036,2026-06-25 10:18:24.802433,13.3,False,0,False,False,False,False
TCK-01028,deuda_tecnica_critica,team_growth,2026-06-13 03:53:09.860460,2026-06-19 13:14:11.928908,153.4,False,0,False,False,False,False
TCK-01029,deuda_tecnica_critica,team_alpha,2026-04-05 00:12:17.165376,2026-04-05 12:17:39.551948,12.1,False,0,False,False,False,False
TCK-01030,soporte_reactivo,team_gamma,2026-08-24 02:29:44.903632,2026-08-24 21:57:29.510639,19.5,False,0,False,False,False,False
TCK-01031,soporte_reactivo,team_gamma,2026-04-09 10:05:42.937987,2026-04-10 19:41:17.976044,33.6,False,0,False,False,False,False
TCK-01032,soporte_reactivo,team_alpha,2026-05-04 04:47:45.100034,2026-05-05 10:12:59.463980,29.4,False,0,False,False,False,False
TCK-01033,mantenimiento_operativo,team_alpha,2026-03-07 12:50:17.947551,2026-03-07 20:12:32.785014,7.4,False,0,True,True,False,False
TCK-01034,mantenimiento_operativo,team_beta,2026-05-17 11:32:40.827969,2026-05-17 18:28:44.102863,6.9,False,0,False,True,False,False
TCK-01035,cumplimiento_regulatorio,team_alpha,2026-08-21 03:48:24.381900,2026-08-21 21:07:00.096654,17.3,False,0,False,False,False,False
TCK-01036,deuda_tecnica_critica,team_beta,2026-08-17 04:11:40.310232,2026-08-26 11:39:37.205161,223.5,False,0,False,False,False,False
TCK-01037,cumplimiento_regulatorio,team_growth,2025-12-27 09:30:53.519268,2025-12-28 12:47:55.076231,27.3,False,0,False,False,False,False
TCK-01038,soporte_reactivo,team_growth,2026-03-01 06:05:29.429480,2026-03-01 20:53:09.988044,14.8,False,0,False,False,False,False
TCK-01039,mantenimiento_operativo,team_alpha,2026-05-14 02:34:08.515863,2026-05-14 10:45:25.696007,8.2,False,0,True,True,False,False
TCK-01040,retencion_clientes,team_beta,2026-06-30 06:40:29.483154,2026-06-30 23:15:05.373723,16.6,True,0,False,False,False,False
TCK-01041,deuda_tecnica_critica,team_growth,2026-07-29 10:02:39.408132,2026-07-30 21:43:05.189035,35.7,False,0,False,False,False,False
TCK-01042,soporte_reactivo,team_gamma,2026-02-08 07:56:54.112990,2026-02-08 19:39:28.123617,11.7,False,0,False,False,False,False
TCK-01043,soporte_reactivo,team_gamma,2026-02-18 01:51:49.567819,2026-02-18 21:45:24.134255,19.9,False,0,False,False,False,False
TCK-01044,retencion_clientes,team_beta,2026-02-22 19:03:30.545714,2026-02-23 05:41:43.966931,10.6,False,0,False,False,False,False
TCK-01045,mantenimiento_operativo,team_growth,2026-02-28 01:37:52.704769,2026-03-01 16:27:14.084693,38.8,False,0,False,True,False,False
TCK-01046,soporte_reactivo,team_beta,2026-01-15 16:27:33.075381,2026-01-16 11:47:02.189575,19.3,False,0,False,False,False,False
TCK-01047,cumplimiento_regulatorio,team_growth,2026-03-01 19:43:21.689128,2026-03-02 22:21:53.542751,26.6,False,0,False,False,False,False
TCK-01048,deuda_tecnica_critica,team_growth,2026-09-06 04:45:06.575785,,,False,0,False,False,False,False
TCK-01049,mantenimiento_operativo,team_beta,2026-03-24 15:56:09.921033,2026-03-25 08:14:23.372571,16.3,True,0,False,True,False,False
TCK-01050,cumplimiento_regulatorio,team_alpha,2026-08-01 03:20:27.071910,2026-08-02 00:33:00.997419,21.2,False,0,False,False,False,False
TCK-01051,mantenimiento_operativo,team_gamma,2026-02-14 01:29:54.244248,2026-02-14 10:59:12.060812,9.5,False,0,True,True,False,False
TCK-01052,mantenimiento_operativo,team_beta,2026-03-10 12:38:26.261177,2026-03-11 04:27:27.266969,15.8,False,0,True,True,False,False
TCK-01053,soporte_reactivo,team_beta,2025-12-17 06:45:26.143889,2025-12-18 18:55:05.558125,36.2,False,0,False,False,False,False
TCK-01054,cumplimiento_regulatorio,team_alpha,2026-08-21 17:39:41.605125,2026-08-22 01:16:27.343526,7.6,False,0,False,False,False,False
TCK-01055,mantenimiento_operativo,team_gamma,2026-09-04 04:32:12.374563,2026-09-04 13:08:24.239906,8.6,False,0,True,True,False,False
TCK-01056,soporte_reactivo,team_growth,2026-03-23 21:58:36.080612,2026-03-24 13:59:57.537484,16.0,False,0,False,False,False,False
TCK-01057,soporte_reactivo,team_gamma,2026-04-02 21:50:21.844226,2026-04-03 09:55:31.098781,12.1,False,0,False,False,False,False
TCK-01058,deuda_tecnica_critica,team_growth,2026-02-08 22:37:11.679778,2026-02-11 12:18:55.854336,61.7,False,0,False,False,False,False
TCK-01059,retencion_clientes,team_gamma,2026-02-10 22:56:49.279768,2026-02-11 14:09:34.897835,15.2,False,0,False,False,False,False
TCK-01060,mantenimiento_operativo,team_gamma,2026-01-26 21:44:06.164079,2026-01-27 05:47:33.208337,8.1,False,0,False,True,False,False
TCK-01061,retencion_clientes,team_beta,2026-05-17 18:26:23.092241,2026-05-18 16:27:42.152343,22.0,False,0,False,False,False,False
TCK-01062,deuda_tecnica_critica,team_growth,2026-05-05 23:32:25.384865,2026-05-23 21:08:22.147124,429.6,True,0,False,False,False,False
TCK-01063,mantenimiento_operativo,team_alpha,2026-02-08 04:07:29.881586,2026-02-08 23:43:05.710129,19.6,False,0,False,True,False,False
TCK-01064,mantenimiento_operativo,team_beta,2026-01-12 06:32:12.299393,2026-01-12 23:42:54.123377,17.2,False,0,False,True,False,False
TCK-01065,retencion_clientes,team_gamma,2026-08-12 20:13:27.305488,2026-08-13 03:13:16.821375,7.0,False,0,False,False,False,False
TCK-01066,retencion_clientes,team_growth,2026-05-20 17:04:31.325624,2026-05-21 20:02:31.533972,27.0,False,0,False,False,False,False
TCK-01067,deuda_tecnica_critica,team_gamma,2026-08-08 07:04:51.190508,2026-08-09 01:43:35.934872,18.6,False,0,False,False,False,False
TCK-01068,deuda_tecnica_critica,team_beta,2026-03-11 08:38:34.775008,2026-03-12 18:16:03.030301,33.6,False,0,False,False,False,False
TCK-01069,deuda_tecnica_critica,team_gamma,2026-08-13 00:13:11.952716,2026-08-26 23:22:35.991395,335.2,False,0,False,False,False,False
TCK-01070,mantenimiento_operativo,team_alpha,2026-06-09 02:51:03.311390,2026-06-09 10:16:31.761393,7.4,False,0,True,True,False,False
TCK-01071,deuda_tecnica_critica,team_growth,2026-06-12 10:18:32.100050,2026-06-26 15:57:20.794561,341.6,False,0,False,True,False,False
TCK-01072,mantenimiento_operativo,team_gamma,2026-08-15 09:57:09.899379,2026-08-15 15:23:39.006340,5.4,False,0,True,False,False,False
TCK-01073,cumplimiento_regulatorio,team_beta,2026-08-02 06:04:15.379977,2026-08-02 18:46:00.475103,12.7,False,0,False,False,False,False
TCK-01074,retencion_clientes,team_alpha,2026-06-20 23:22:44.147318,2026-06-21 16:25:31.575793,17.0,False,0,False,False,False,False
TCK-01075,cumplimiento_regulatorio,team_alpha,2026-03-11 06:46:31.768720,2026-03-11 17:41:10.829581,10.9,False,0,False,False,False,False
TCK-01076,deuda_tecnica_critica,team_growth,2026-05-22 04:55:28.715733,2026-05-30 03:56:47.096726,191.0,False,0,False,False,False,False
TCK-01077,retencion_clientes,team_beta,2026-06-20 15:14:27.897504,2026-06-21 10:20:26.381447,19.1,False,0,False,False,False,False
TCK-01078,retencion_clientes,team_gamma,2026-04-29 15:19:20.369169,2026-04-30 05:01:56.630379,13.7,True,0,False,False,False,False
TCK-01079,mantenimiento_operativo,team_gamma,2026-01-28 02:38:24.361167,2026-01-28 13:26:22.432202,10.8,False,0,False,True,False,False
TCK-01080,deuda_tecnica_critica,team_alpha,2026-01-08 18:09:12.663187,2026-01-18 10:30:57.084251,232.4,False,0,False,True,False,False
TCK-01081,mantenimiento_operativo,team_gamma,2026-07-06 16:18:12.124448,2026-07-07 20:39:51.800575,28.4,False,0,False,True,False,False
TCK-01082,cumplimiento_regulatorio,team_growth,2026-04-18 05:38:51.852994,2026-04-19 08:39:14.091423,27.0,False,0,False,False,False,False
TCK-01083,cumplimiento_regulatorio,team_beta,2026-03-27 11:04:07.510141,2026-03-28 19:14:51.336974,32.2,False,0,False,False,False,False
TCK-01084,mantenimiento_operativo,team_beta,2026-02-03 02:39:54.636192,2026-02-03 12:22:17.238689,9.7,False,0,False,True,False,False
TCK-01085,soporte_reactivo,team_gamma,2026-04-24 07:21:40.125380,2026-04-24 19:48:07.656182,12.4,False,0,False,False,False,False
TCK-01086,deuda_tecnica_critica,team_alpha,2026-04-21 16:48:48.943752,2026-04-25 11:49:32.037453,91.0,False,0,False,True,False,False
TCK-01087,deuda_tecnica_critica,team_growth,2026-01-19 16:09:45.267247,2026-01-24 17:06:39.080834,120.9,False,0,False,True,False,False
TCK-01088,soporte_reactivo,team_beta,2026-03-12 19:38:09.327232,2026-03-13 14:51:16.534672,19.2,False,0,False,False,False,False
TCK-01089,deuda_tecnica_critica,team_beta,2026-07-11 11:56:41.937529,2026-07-11 23:26:19.466102,11.5,False,0,False,True,False,False
TCK-01090,soporte_reactivo,team_alpha,2026-05-30 15:08:25.806623,2026-05-31 02:27:16.412979,11.3,False,0,False,False,False,False
TCK-01091,cumplimiento_regulatorio,team_beta,2026-02-27 13:41:52.529247,2026-02-28 17:22:26.068212,27.7,True,0,False,False,False,False
TCK-01092,cumplimiento_regulatorio,team_gamma,2026-04-23 06:02:16.262160,2026-04-23 14:50:48.236478,8.8,False,0,False,False,False,False
TCK-01093,soporte_reactivo,team_alpha,2026-06-29 06:44:50.795601,2026-06-30 14:17:51.249612,31.6,False,0,False,False,False,False
TCK-01094,soporte_reactivo,team_alpha,2026-01-23 13:13:08.616529,2026-01-24 07:47:59.156943,18.6,False,0,False,False,False,False
TCK-01095,mantenimiento_operativo,team_beta,2026-07-05 08:48:56.040766,2026-07-06 04:04:45.974883,19.3,False,0,False,True,False,False
TCK-01096,mantenimiento_operativo,team_alpha,2026-05-11 19:22:40.002343,2026-05-12 10:48:15.391078,15.4,False,0,False,True,False,False
TCK-01097,cumplimiento_regulatorio,team_alpha,2026-05-15 06:19:24.289944,2026-05-15 21:36:23.959624,15.3,False,0,False,False,False,False
TCK-01098,soporte_reactivo,team_alpha,2026-05-03 21:53:04.240413,2026-05-05 04:09:59.680904,30.3,False,4,False,False,False,False
TCK-01099,cumplimiento_regulatorio,team_alpha,2026-01-27 12:37:28.217001,2026-01-28 00:01:50.787161,11.4,False,0,False,False,False,False
TCK-01100,mantenimiento_operativo,team_beta,2025-12-27 13:14:18.851074,2025-12-27 22:51:36.978579,9.6,False,0,False,True,False,False
TCK-01101,retencion_clientes,team_growth,2026-02-07 09:47:28.314311,2026-02-09 03:19:43.101933,41.5,False,0,False,False,False,False
TCK-01102,mantenimiento_operativo,team_gamma,2026-07-24 01:40:23.747819,2026-07-24 12:18:16.871457,10.6,False,0,False,True,False,False
TCK-01103,retencion_clientes,team_beta,2026-02-22 06:55:46.280390,2026-02-23 05:49:50.570946,22.9,True,0,False,False,False,False
TCK-01104,retencion_clientes,team_growth,2025-12-27 09:57:29.379592,2025-12-27 22:28:52.865039,12.5,False,0,False,False,False,False
TCK-01105,mantenimiento_operativo,team_gamma,2026-06-06 01:11:57.709300,2026-06-06 12:36:34.589310,11.4,False,0,False,True,False,False
TCK-01106,mantenimiento_operativo,team_beta,2026-06-25 03:49:54.395810,2026-06-25 12:40:00.079207,8.8,False,0,False,False,False,False
TCK-01107,retencion_clientes,team_alpha,2026-05-29 11:36:00.239719,2026-05-29 19:59:57.390443,8.4,False,0,False,False,False,False
TCK-01108,soporte_reactivo,team_beta,2026-03-23 21:47:47.413653,2026-03-26 00:17:46.990398,50.5,False,4,False,False,False,False
TCK-01109,cumplimiento_regulatorio,team_alpha,2026-01-31 15:20:13.202062,2026-02-01 22:41:39.340684,31.4,True,0,False,False,False,False
TCK-01110,deuda_tecnica_critica,team_growth,2026-01-25 23:57:19.010876,2026-02-04 04:00:21.982674,220.1,True,0,False,True,False,False
TCK-01111,cumplimiento_regulatorio,team_alpha,2026-06-22 11:58:30.347453,2026-06-22 19:25:36.002535,7.5,False,0,False,False,False,False
TCK-01112,soporte_reactivo,team_growth,2026-08-04 20:35:34.186024,2026-08-05 07:24:04.457369,10.8,False,0,False,False,False,False
TCK-01113,mantenimiento_operativo,team_gamma,2026-04-20 13:56:31.780747,2026-04-21 14:56:16.614399,25.0,False,0,False,True,False,False
TCK-01114,cumplimiento_regulatorio,team_growth,2026-07-07 17:06:45.061304,2026-07-08 11:37:54.250568,18.5,False,0,False,False,False,False
TCK-01115,mantenimiento_operativo,team_beta,2026-03-21 10:07:58.320939,2026-03-22 01:36:07.562198,15.5,False,0,False,True,False,False
TCK-01116,cumplimiento_regulatorio,team_beta,2026-05-17 09:41:05.564401,2026-05-18 21:30:11.543080,35.8,False,0,False,False,False,False
TCK-01117,soporte_reactivo,team_alpha,2026-06-30 09:33:49.099980,2026-07-01 11:41:46.638019,26.1,False,0,False,False,False,False
TCK-01118,cumplimiento_regulatorio,team_growth,2026-07-03 01:53:43.310643,2026-07-04 17:43:08.096830,39.8,True,0,False,False,False,False
TCK-01119,soporte_reactivo,team_alpha,2026-06-18 12:48:06.543203,2026-06-19 16:51:57.847824,28.1,True,0,False,False,False,False
TCK-01120,soporte_reactivo,team_alpha,2026-02-03 14:08:30.420510,2026-02-04 03:08:00.920524,13.0,False,0,False,False,False,False
TCK-01121,cumplimiento_regulatorio,team_alpha,2026-03-17 07:33:30.881336,2026-03-18 07:17:52.785738,23.7,False,0,False,False,False,False
TCK-01122,retencion_clientes,team_alpha,2026-04-27 20:58:02.007288,2026-04-28 10:37:01.090086,13.6,False,0,False,False,False,False
TCK-01123,deuda_tecnica_critica,team_gamma,2026-06-15 20:38:03.715323,2026-06-21 19:31:15.072404,142.9,False,0,False,False,False,False
TCK-01124,mantenimiento_operativo,team_alpha,2026-02-18 08:10:05.333777,2026-02-19 17:26:15.454948,33.3,True,0,False,True,False,False
TCK-01125,mantenimiento_operativo,team_beta,2026-06-13 07:32:36.643960,2026-06-14 08:23:33.963425,24.8,False,0,False,True,False,False
TCK-01126,soporte_reactivo,team_alpha,2026-06-19 09:39:26.388732,2026-06-21 04:25:46.754248,42.8,True,4,False,False,False,False
TCK-01127,cumplimiento_regulatorio,team_beta,2025-12-28 00:02:34.577059,2025-12-28 20:03:30.569075,20.0,False,0,False,False,False,False
TCK-01128,soporte_reactivo,team_alpha,2026-01-20 08:30:49.251062,2026-01-21 02:12:08.147584,17.7,False,0,False,False,False,False
TCK-01129,retencion_clientes,team_gamma,2026-01-13 13:14:48.418824,2026-01-14 11:15:02.304074,22.0,False,0,False,False,False,False
TCK-01130,mantenimiento_operativo,team_gamma,2026-04-29 18:14:32.250257,2026-04-30 09:22:41.308090,15.1,False,0,False,True,False,False
TCK-01131,mantenimiento_operativo,team_gamma,2026-04-22 00:18:54.545257,2026-04-22 06:26:04.484536,6.1,False,0,True,True,False,False
TCK-01132,soporte_reactivo,team_alpha,2026-01-15 06:06:23.141762,2026-01-15 17:03:33.764545,11.0,False,0,False,False,False,False
TCK-01133,soporte_reactivo,team_growth,2026-06-10 08:16:16.315377,2026-06-12 13:16:20.261173,53.0,False,0,False,False,False,False
TCK-01134,cumplimiento_regulatorio,team_beta,2026-01-03 09:26:31.012951,2026-01-03 20:01:59.981509,10.6,False,0,False,False,False,False
TCK-01135,cumplimiento_regulatorio,team_beta,2026-04-03 01:38:58.973903,2026-04-03 23:49:17.319582,22.2,False,0,False,False,False,False
TCK-01136,mantenimiento_operativo,team_gamma,2026-05-26 01:56:10.382076,2026-05-27 11:46:50.189755,33.8,False,0,False,True,False,False
TCK-01137,soporte_reactivo,team_alpha,2026-04-05 23:07:57.147546,2026-04-07 10:51:28.130969,35.7,False,4,False,False,False,False
TCK-01138,mantenimiento_operativo,team_beta,2026-01-09 11:40:54.263452,2026-01-10 00:48:24.304074,13.1,False,0,False,False,False,False
TCK-01139,deuda_tecnica_critica,team_gamma,2026-05-15 08:51:17.713192,2026-05-15 23:17:57.507069,14.4,False,0,False,True,False,False
TCK-01140,cumplimiento_regulatorio,team_beta,2026-08-09 08:54:01.861063,2026-08-10 11:27:26.440933,26.6,False,0,False,False,False,False
TCK-01141,soporte_reactivo,team_beta,2026-06-25 21:38:33.234802,2026-06-27 05:56:11.783104,32.3,False,0,False,False,False,False
TCK-01142,deuda_tecnica_critica,team_growth,2026-04-17 00:44:37.933196,2026-04-18 01:29:41.078676,24.8,False,0,False,False,False,False
TCK-01143,mantenimiento_operativo,team_alpha,2026-08-19 05:50:39.548686,2026-08-20 01:02:29.922804,19.2,False,0,True,True,False,False
TCK-01144,mantenimiento_operativo,team_alpha,2026-03-09 08:34:58.777905,2026-03-09 21:43:14.736742,13.1,False,0,True,True,False,False
TCK-01145,cumplimiento_regulatorio,team_beta,2026-08-18 16:45:21.855005,2026-08-19 06:29:45.214955,13.7,False,0,False,False,False,False
TCK-01146,mantenimiento_operativo,team_gamma,2026-02-18 03:43:35.498880,2026-02-19 01:37:17.500347,21.9,False,0,False,True,False,False
TCK-01147,soporte_reactivo,team_beta,2026-08-29 11:18:07.829941,,,False,4,False,False,False,False
TCK-01148,deuda_tecnica_critica,team_beta,2026-02-28 10:26:00.756692,2026-03-14 05:30:02.320651,331.1,False,0,False,True,False,False
TCK-01149,deuda_tecnica_critica,team_growth,2026-08-08 17:25:59.149359,2026-08-10 23:51:25.842230,54.4,False,0,False,True,False,False
TCK-01150,mantenimiento_operativo,team_alpha,2026-07-26 12:04:21.148569,2026-07-27 07:13:57.830499,19.2,False,0,False,True,False,False
TCK-01151,mantenimiento_operativo,team_gamma,2026-02-20 07:08:58.555678,2026-02-21 04:35:56.288528,21.4,True,0,True,True,False,False
TCK-01152,mantenimiento_operativo,team_gamma,2025-12-21 19:20:33.417101,2025-12-22 03:14:44.574962,7.9,False,0,False,True,False,False
TCK-01153,retencion_clientes,team_growth,2026-07-30 14:11:40.472074,2026-08-01 00:45:47.111046,34.6,True,0,False,False,False,False
TCK-01154,soporte_reactivo,team_beta,2026-08-16 01:48:19.718401,2026-08-17 12:12:42.629747,34.4,False,4,False,False,False,False
TCK-01155,soporte_reactivo,team_alpha,2026-05-29 22:12:28.691967,2026-05-30 09:42:18.368536,11.5,False,0,False,False,False,False
TCK-01156,retencion_clientes,team_beta,2026-01-05 19:01:18.821233,2026-01-06 18:40:34.453153,23.7,False,0,False,False,False,False
TCK-01157,soporte_reactivo,team_beta,2025-12-18 16:37:39.687872,2025-12-19 17:13:18.186918,24.6,False,0,False,False,False,False
TCK-01158,soporte_reactivo,team_alpha,2026-02-18 11:38:47.767333,2026-02-20 02:53:30.987839,39.2,True,4,False,False,False,False
TCK-01159,cumplimiento_regulatorio,team_growth,2026-06-13 22:03:41.883195,2026-06-15 09:16:43.536224,35.2,False,0,False,False,False,False
TCK-01160,cumplimiento_regulatorio,team_gamma,2026-05-18 09:43:16.164628,2026-05-18 20:36:16.543073,10.9,False,0,False,False,False,False
TCK-01161,soporte_reactivo,team_beta,2026-09-05 23:23:05.267865,2026-09-07 00:30:17.136663,25.1,False,0,False,False,False,False
TCK-01162,retencion_clientes,team_beta,2026-02-11 12:01:40.581819,2026-02-12 01:59:21.290391,14.0,False,0,False,False,False,False
TCK-01163,cumplimiento_regulatorio,team_alpha,2026-02-21 09:34:15.248878,2026-02-22 01:22:05.525159,15.8,False,0,False,False,False,False
TCK-01164,soporte_reactivo,team_alpha,2026-08-11 02:10:01.896032,2026-08-11 13:43:55.710299,11.6,False,0,False,False,False,False
TCK-01165,cumplimiento_regulatorio,team_alpha,2026-07-21 23:09:33.232159,2026-07-22 23:04:21.198329,23.9,False,0,False,False,False,False
TCK-01166,soporte_reactivo,team_beta,2026-01-12 05:17:07.286486,2026-01-14 13:00:46.293626,55.7,False,4,False,False,False,False
TCK-01167,cumplimiento_regulatorio,team_alpha,2026-04-10 05:28:33.612076,2026-04-11 01:36:27.454411,20.1,False,0,False,False,False,False
TCK-01168,deuda_tecnica_critica,team_growth,2026-02-25 03:47:35.511140,2026-03-07 16:39:25.358223,252.9,False,0,False,False,False,False
TCK-01169,cumplimiento_regulatorio,team_growth,2026-07-16 05:38:23.301417,2026-07-17 17:41:31.587055,36.1,False,0,False,False,False,False
TCK-01170,mantenimiento_operativo,team_alpha,2026-07-12 22:23:50.252024,2026-07-13 18:04:09.047543,19.7,False,0,False,False,False,False
TCK-01171,mantenimiento_operativo,team_growth,2026-05-18 06:59:46.957826,2026-05-19 00:06:50.041706,17.1,False,0,True,False,False,False
TCK-01172,deuda_tecnica_critica,team_gamma,2026-03-06 00:37:06.665984,2026-03-06 12:43:02.209063,12.1,False,0,False,False,False,False
TCK-01173,deuda_tecnica_critica,team_beta,2026-02-20 06:58:25.629621,2026-03-01 04:07:44.961781,213.2,False,0,False,True,False,False
TCK-01174,soporte_reactivo,team_growth,2026-07-09 17:47:02.477087,2026-07-11 13:33:49.660191,43.8,False,0,False,False,False,False
TCK-01175,mantenimiento_operativo,team_alpha,2026-08-06 08:06:47.394773,2026-08-08 07:28:06.132059,47.4,False,0,False,True,False,False
TCK-01176,mantenimiento_operativo,team_beta,2026-05-22 15:19:00.565523,2026-05-22 22:54:56.237853,7.6,False,0,False,True,False,False
TCK-01177,deuda_tecnica_critica,team_beta,2025-12-16 22:16:29.935028,2025-12-22 16:54:29.674196,138.6,False,0,False,True,False,False
TCK-01178,soporte_reactivo,team_alpha,2026-09-04 05:51:16.168101,,,False,0,False,False,False,False
TCK-01179,retencion_clientes,team_gamma,2026-05-04 18:54:59.245188,2026-05-05 05:13:43.513221,10.3,False,0,False,False,False,False
TCK-01180,soporte_reactivo,team_alpha,2026-06-16 23:14:37.307340,2026-06-17 19:09:39.439195,19.9,False,0,False,False,False,False
TCK-01181,mantenimiento_operativo,team_gamma,2026-06-21 08:58:52.485503,2026-06-21 20:41:21.405391,11.7,False,0,True,True,True,False
TCK-01182,mantenimiento_operativo,team_alpha,2026-01-18 19:03:28.669792,2026-01-19 01:16:06.847586,6.2,False,0,True,True,False,False
TCK-01183,deuda_tecnica_critica,team_gamma,2026-02-09 23:08:56.924170,2026-02-17 11:11:22.839304,180.0,False,0,False,False,False,False
TCK-01184,mantenimiento_operativo,team_gamma,2026-07-19 16:37:10.650245,2026-07-20 06:54:35.877796,14.3,False,0,False,True,False,False
TCK-01185,soporte_reactivo,team_beta,2026-07-11 22:11:40.148718,2026-07-14 02:37:17.670805,52.4,False,4,False,False,False,False
TCK-01186,cumplimiento_regulatorio,team_gamma,2026-03-25 05:25:55.042017,2026-03-26 04:20:19.409891,22.9,False,0,False,False,False,False
TCK-01187,mantenimiento_operativo,team_gamma,2026-08-09 02:46:09.542458,2026-08-10 02:15:28.042543,23.5,False,0,False,True,False,False
TCK-01188,cumplimiento_regulatorio,team_growth,2025-12-21 02:56:19.589975,2025-12-22 01:52:25.733849,22.9,False,0,False,False,False,False
TCK-01189,mantenimiento_operativo,team_beta,2026-03-05 22:47:48.287749,2026-03-06 12:17:15.853423,13.5,False,0,True,True,False,False
TCK-01190,retencion_clientes,team_growth,2026-08-27 09:56:02.980379,2026-08-28 08:07:37.805523,22.2,False,0,False,False,False,False
TCK-01191,soporte_reactivo,team_growth,2026-05-06 21:48:44.864114,2026-05-08 02:54:14.659185,29.1,False,0,False,False,False,False
TCK-01192,soporte_reactivo,team_beta,2026-04-09 04:37:23.071820,2026-04-10 09:12:32.422228,28.6,False,4,False,False,False,False
TCK-01193,cumplimiento_regulatorio,team_alpha,2026-03-08 09:22:18.542530,2026-03-08 20:46:37.102876,11.4,False,0,False,False,False,False
TCK-01194,cumplimiento_regulatorio,team_alpha,2026-08-29 03:18:49.570330,2026-08-29 10:13:11.748788,6.9,False,0,False,False,False,False
TCK-01195,cumplimiento_regulatorio,team_gamma,2026-03-20 18:48:27.467849,2026-03-21 04:28:27.711462,9.7,True,0,False,False,False,False
TCK-01196,retencion_clientes,team_alpha,2026-01-24 00:22:13.043927,2026-01-24 17:09:18.127751,16.8,False,0,False,False,False,False
TCK-01197,mantenimiento_operativo,team_growth,2026-01-12 19:42:04.683691,2026-01-14 06:03:07.931107,34.4,False,0,False,True,False,False
TCK-01198,cumplimiento_regulatorio,team_beta,2026-08-20 19:56:38.227446,2026-08-21 11:20:44.662501,15.4,False,0,False,False,False,False
TCK-01199,soporte_reactivo,team_alpha,2026-05-16 16:10:26.158811,2026-05-17 09:26:49.960883,17.3,False,0,False,False,False,False
TCK-01200,deuda_tecnica_critica,team_alpha,2026-07-07 09:33:21.454842,2026-07-08 03:16:49.473554,17.7,False,0,False,True,False,False
TCK-01201,soporte_reactivo,team_gamma,2026-05-07 16:50:18.901052,2026-05-08 04:35:45.350632,11.8,False,0,False,False,False,False
TCK-01202,mantenimiento_operativo,team_growth,2026-03-16 11:01:33.601271,2026-03-18 01:10:19.673400,38.1,True,0,False,True,False,False
TCK-01203,mantenimiento_operativo,team_gamma,2026-06-23 00:02:59.845761,2026-06-23 14:12:16.515267,14.2,False,0,True,False,False,False
TCK-01204,mantenimiento_operativo,team_alpha,2026-03-08 22:04:01.220276,2026-03-10 14:45:05.597552,40.7,False,0,False,True,False,False
TCK-01205,deuda_tecnica_critica,team_gamma,2026-04-06 17:17:18.815670,2026-04-07 05:25:17.324943,12.1,False,0,False,False,False,False
TCK-01206,retencion_clientes,team_alpha,2026-04-19 17:15:32.507419,2026-04-20 05:09:55.411850,11.9,False,0,False,False,False,False
TCK-01207,retencion_clientes,team_beta,2026-05-16 03:56:12.592246,2026-05-17 17:12:19.722243,37.3,True,0,False,False,False,False
TCK-01208,mantenimiento_operativo,team_gamma,2026-06-27 18:51:14.769858,2026-06-28 12:20:16.903912,17.5,False,0,False,True,True,False
TCK-01209,mantenimiento_operativo,team_gamma,2026-04-02 13:45:03.506207,2026-04-03 07:53:57.974980,18.1,True,0,True,True,False,False
TCK-01210,soporte_reactivo,team_alpha,2026-07-02 06:33:23.902406,2026-07-03 15:55:20.498344,33.4,False,4,False,False,False,False
TCK-01211,deuda_tecnica_critica,team_gamma,2026-05-17 15:17:42.877516,2026-05-22 18:26:29.071928,123.1,False,0,False,False,False,False
TCK-01212,cumplimiento_regulatorio,team_alpha,2026-09-01 08:18:36.123357,2026-09-01 15:59:41.174546,7.7,False,0,False,False,False,False
TCK-01213,deuda_tecnica_critica,team_growth,2026-07-31 18:36:08.676641,2026-08-08 17:57:37.361616,191.4,False,0,False,False,False,False
TCK-01214,deuda_tecnica_critica,team_alpha,2026-03-02 23:30:13.176309,2026-03-03 18:56:46.435705,19.4,False,0,False,True,False,False
TCK-01215,cumplimiento_regulatorio,team_alpha,2026-03-06 17:19:28.517056,2026-03-07 00:15:14.069651,6.9,False,0,False,False,False,False
TCK-01216,mantenimiento_operativo,team_beta,2026-01-20 17:58:32.238042,2026-01-21 11:00:14.115196,17.0,False,0,False,True,False,False
TCK-01217,mantenimiento_operativo,team_alpha,2026-07-02 04:07:21.479578,2026-07-02 13:53:45.348355,9.8,False,0,True,True,False,False
TCK-01218,retencion_clientes,team_beta,2026-09-01 09:35:35.167985,,,False,0,False,False,False,False
TCK-01219,retencion_clientes,team_growth,2026-06-28 12:27:23.197318,2026-06-29 21:39:29.089897,33.2,False,0,False,False,False,False
TCK-01220,soporte_reactivo,team_gamma,2026-04-20 09:59:40.067018,2026-04-21 13:33:33.748178,27.6,False,0,False,False,False,False
TCK-01221,mantenimiento_operativo,team_beta,2026-05-14 10:05:18.100561,2026-05-15 17:20:09.531533,31.2,False,0,False,True,False,False
TCK-01222,mantenimiento_operativo,team_alpha,2026-06-24 18:13:15.423867,2026-06-25 04:31:13.112638,10.3,False,0,False,True,True,False
TCK-01223,retencion_clientes,team_gamma,2026-08-09 04:08:16.636452,2026-08-09 20:44:11.299129,16.6,False,0,False,False,False,False
TCK-01224,soporte_reactivo,team_beta,2026-06-16 23:01:08.375576,2026-06-17 13:10:11.430204,14.2,False,0,False,False,False,False
TCK-01225,soporte_reactivo,team_alpha,2026-08-18 10:47:54.076365,2026-08-19 16:47:31.830521,30.0,False,0,False,False,False,False
TCK-01226,retencion_clientes,team_alpha,2026-01-30 23:21:14.182264,2026-01-31 23:58:47.283973,24.6,False,0,False,False,False,False
TCK-01227,soporte_reactivo,team_beta,2026-04-17 12:02:18.813482,2026-04-19 18:13:37.888998,54.2,True,4,False,False,False,False
TCK-01228,soporte_reactivo,team_gamma,2026-01-31 18:36:32.110662,2026-02-02 09:25:22.605131,38.8,False,4,False,False,False,False
TCK-01229,deuda_tecnica_critica,team_beta,2026-04-07 23:16:37.121897,2026-04-08 07:18:51.398159,8.0,False,0,False,False,False,False
TCK-01230,mantenimiento_operativo,team_beta,2026-03-25 21:20:46.238247,2026-03-26 12:42:40.737998,15.4,False,0,False,True,False,False
TCK-01231,cumplimiento_regulatorio,team_alpha,2026-08-14 08:21:27.923486,2026-08-15 12:22:29.579812,28.0,False,0,False,False,False,False
TCK-01232,soporte_reactivo,team_alpha,2026-02-18 08:54:23.432659,2026-02-20 07:11:58.091063,46.3,False,4,False,False,False,False
TCK-01233,deuda_tecnica_critica,team_growth,2026-06-02 08:18:52.064648,2026-06-11 20:47:56.495448,228.5,False,0,False,False,False,False
TCK-01234,deuda_tecnica_critica,team_alpha,2025-12-24 10:00:34.241829,2025-12-25 04:09:54.325999,18.2,False,0,False,False,False,False
TCK-01235,soporte_reactivo,team_gamma,2026-06-01 13:10:50.683101,2026-06-02 00:12:27.629161,11.0,False,0,False,False,False,False
TCK-01236,soporte_reactivo,team_gamma,2026-01-07 21:51:25.897327,2026-01-08 22:29:37.772887,24.6,False,0,False,False,False,False
TCK-01237,mantenimiento_operativo,team_gamma,2026-07-13 06:39:02.498822,2026-07-13 18:42:37.073262,12.1,True,0,False,True,False,False
TCK-01238,deuda_tecnica_critica,team_gamma,2026-03-26 12:25:00.812149,2026-04-05 08:03:38.595612,235.6,False,0,False,True,False,False
TCK-01239,cumplimiento_regulatorio,team_beta,2026-04-30 23:18:04.161144,2026-05-01 18:11:49.009983,18.9,False,0,False,False,False,False
TCK-01240,deuda_tecnica_critica,team_growth,2026-06-23 15:52:20.528649,2026-06-25 23:50:35.273111,56.0,False,0,False,True,True,False
TCK-01241,cumplimiento_regulatorio,team_gamma,2025-12-20 21:05:02.932126,2025-12-21 05:25:53.945714,8.3,False,0,False,False,False,False
TCK-01242,cumplimiento_regulatorio,team_alpha,2026-07-25 14:57:09.530643,2026-07-26 00:46:43.922230,9.8,False,0,False,False,False,False
TCK-01243,retencion_clientes,team_growth,2026-05-02 00:37:08.052045,2026-05-03 02:27:19.791878,25.8,False,0,False,False,False,False
TCK-01244,mantenimiento_operativo,team_alpha,2026-05-29 10:18:53.986888,2026-05-29 19:12:06.021073,8.9,False,0,False,True,False,False
TCK-01245,mantenimiento_operativo,team_beta,2026-06-26 13:27:12.809717,2026-06-29 16:15:01.816850,74.8,False,0,False,True,True,False
TCK-01246,deuda_tecnica_critica,team_gamma,2026-06-01 18:10:53.678575,2026-06-02 08:17:56.980465,14.1,False,0,False,False,False,False
TCK-01247,mantenimiento_operativo,team_gamma,2026-06-15 10:02:47.029444,2026-06-16 11:15:36.319923,25.2,False,0,False,True,True,False
TCK-01248,mantenimiento_operativo,team_gamma,2026-08-27 18:25:12.093767,2026-08-28 07:26:20.657790,13.0,False,0,False,True,False,False
TCK-01249,mantenimiento_operativo,team_gamma,2026-08-31 01:56:53.204899,,,True,0,False,True,False,False
TCK-01250,soporte_reactivo,team_gamma,2026-08-16 05:51:01.332570,2026-08-16 16:44:46.816852,10.9,False,0,False,False,False,False
TCK-01251,cumplimiento_regulatorio,team_beta,2026-01-09 05:45:59.429423,2026-01-10 03:48:35.997076,22.0,True,0,False,False,False,False
TCK-01252,soporte_reactivo,team_beta,2026-01-09 14:25:22.285697,2026-01-11 02:28:57.883946,36.1,True,0,False,False,False,False
TCK-01253,soporte_reactivo,team_growth,2026-08-26 18:29:57.703530,2026-08-30 21:28:43.542533,99.0,False,4,False,False,False,False
TCK-01254,soporte_reactivo,team_alpha,2026-02-19 03:17:38.105337,2026-02-20 07:56:20.316476,28.6,False,0,False,False,False,False
TCK-01255,deuda_tecnica_critica,team_alpha,2026-02-11 00:08:35.615512,2026-02-11 16:23:30.191983,16.2,False,0,False,False,False,False
TCK-01256,soporte_reactivo,team_gamma,2026-03-03 19:40:06.942819,2026-03-04 08:25:19.223534,12.8,False,0,False,False,False,False
TCK-01257,deuda_tecnica_critica,team_beta,2026-05-26 02:46:28.564302,2026-05-29 22:58:47.679821,92.2,False,0,False,True,False,False
TCK-01258,soporte_reactivo,team_gamma,2026-05-07 10:37:40.819980,2026-05-08 10:56:44.734857,24.3,False,0,False,False,False,False
TCK-01259,soporte_reactivo,team_alpha,2026-01-16 06:01:13.562767,2026-01-17 08:33:50.772669,26.5,False,0,False,False,False,False
TCK-01260,mantenimiento_operativo,team_gamma,2026-08-07 18:40:18.710497,2026-08-08 13:45:03.486073,19.1,False,0,False,True,False,False
TCK-01261,cumplimiento_regulatorio,team_beta,2026-02-21 16:36:40.333752,2026-02-22 17:10:00.901219,24.6,False,0,False,False,False,False
TCK-01262,cumplimiento_regulatorio,team_growth,2026-04-07 20:39:06.620170,2026-04-09 04:20:24.194276,31.7,False,0,False,False,False,False
TCK-01263,mantenimiento_operativo,team_alpha,2026-08-10 21:51:09.969718,2026-08-11 17:17:42.921666,19.4,False,0,False,True,False,False
TCK-01264,mantenimiento_operativo,team_beta,2026-02-10 13:04:13.322374,2026-02-11 21:24:27.392804,32.3,False,0,False,True,False,False
TCK-01265,soporte_reactivo,team_alpha,2026-07-17 05:54:08.271425,2026-07-18 03:27:01.558706,21.5,False,0,False,False,False,False
TCK-01266,mantenimiento_operativo,team_growth,2026-07-07 12:45:25.988345,2026-07-10 00:14:22.914280,59.5,False,0,False,True,False,False
TCK-01267,mantenimiento_operativo,team_gamma,2026-06-03 02:54:06.323230,2026-06-03 09:13:34.336136,6.3,False,0,False,True,False,False
TCK-01268,deuda_tecnica_critica,team_beta,2026-08-09 08:49:56.453050,2026-08-10 06:04:20.241423,21.2,True,0,False,True,False,False
TCK-01269,cumplimiento_regulatorio,team_alpha,2026-01-26 10:48:18.689333,2026-01-27 06:35:01.539090,19.8,False,0,False,False,False,False
TCK-01270,mantenimiento_operativo,team_gamma,2026-09-05 23:14:25.204432,2026-09-06 17:16:02.248266,18.0,False,0,False,True,False,False
TCK-01271,cumplimiento_regulatorio,team_alpha,2026-07-23 19:09:59.531960,2026-07-24 20:16:47.506044,25.1,True,0,False,False,False,False
TCK-01272,mantenimiento_operativo,team_beta,2026-07-06 14:20:58.226863,2026-07-07 08:22:12.790494,18.0,False,0,True,True,False,False
TCK-01273,soporte_reactivo,team_beta,2026-04-23 02:04:08.153247,2026-04-24 05:06:36.869650,27.0,False,0,False,False,False,False
TCK-01274,cumplimiento_regulatorio,team_beta,2026-04-01 00:32:39.565144,2026-04-01 19:35:18.356372,19.0,False,0,False,False,False,False
TCK-01275,retencion_clientes,team_alpha,2026-04-22 03:44:03.133758,2026-04-22 21:55:08.822034,18.2,False,0,False,False,False,False
TCK-01276,mantenimiento_operativo,team_alpha,2026-04-28 21:47:59.057759,2026-04-29 06:31:32.820217,8.7,False,0,True,True,False,False
TCK-01277,soporte_reactivo,team_gamma,2026-06-01 06:55:20.865983,2026-06-01 20:30:46.758409,13.6,False,0,False,False,False,False
TCK-01278,retencion_clientes,team_growth,2026-06-27 19:38:59.222255,2026-06-28 08:39:16.908412,13.0,False,0,False,False,False,False
TCK-01279,deuda_tecnica_critica,team_growth,2026-08-23 06:02:26.635289,2026-09-06 05:38:54.444103,335.6,False,0,False,False,False,False
TCK-01280,cumplimiento_regulatorio,team_growth,2026-08-17 22:11:30.510390,2026-08-18 15:45:50.102326,17.6,False,0,False,False,False,False
TCK-01281,soporte_reactivo,team_gamma,2026-02-06 02:54:28.220564,2026-02-06 13:59:18.174099,11.1,False,0,False,False,False,False
TCK-01282,soporte_reactivo,team_beta,2026-08-16 01:36:40.613023,2026-08-17 17:13:48.924791,39.6,False,4,False,False,False,False
TCK-01283,soporte_reactivo,team_gamma,2026-04-26 17:57:28.140012,2026-04-29 18:53:40.147918,72.9,False,4,False,False,False,False
TCK-01284,cumplimiento_regulatorio,team_beta,2026-03-04 06:56:41.935100,2026-03-05 06:39:46.788046,23.7,False,0,False,False,False,False
TCK-01285,cumplimiento_regulatorio,team_gamma,2026-03-31 22:34:00.895193,2026-04-01 10:28:09.793407,11.9,False,0,False,False,False,False
TCK-01286,soporte_reactivo,team_beta,2026-07-25 08:58:19.153098,2026-07-26 02:58:21.993502,18.0,False,0,False,False,False,False
TCK-01287,deuda_tecnica_critica,team_growth,2026-03-16 12:16:29.441364,2026-03-27 11:36:42.713629,263.3,False,0,False,False,False,False
TCK-01288,mantenimiento_operativo,team_gamma,2026-03-16 01:40:38.262101,2026-03-16 18:39:22.802496,17.0,False,0,False,True,False,False
TCK-01289,cumplimiento_regulatorio,team_growth,2026-08-01 12:20:58.842415,2026-08-02 22:54:59.359414,34.6,False,0,False,False,False,False
TCK-01290,soporte_reactivo,team_beta,2026-07-27 03:43:44.393441,2026-07-27 14:52:24.743158,11.1,False,0,False,False,False,False
TCK-01291,soporte_reactivo,team_gamma,2026-03-15 03:55:28.131844,2026-03-16 22:27:36.370265,42.5,False,4,False,False,False,False
TCK-01292,soporte_reactivo,team_gamma,2026-05-30 14:03:33.537982,2026-06-01 00:34:08.770514,34.5,False,4,False,False,False,False
TCK-01293,mantenimiento_operativo,team_beta,2026-05-25 20:36:03.397369,2026-05-26 09:16:53.530552,12.7,False,0,False,True,False,False
TCK-01294,cumplimiento_regulatorio,team_alpha,2026-01-09 15:59:38.100464,2026-01-10 14:09:58.882427,22.2,False,0,False,False,False,False
TCK-01295,soporte_reactivo,team_beta,2026-05-28 12:06:25.433295,2026-05-29 22:38:36.995400,34.5,False,0,False,False,False,False
TCK-01296,retencion_clientes,team_growth,2026-07-31 11:40:16.130833,2026-08-01 11:20:49.039403,23.7,False,0,False,False,False,False
TCK-01297,soporte_reactivo,team_growth,2026-07-13 20:45:29.354616,2026-07-14 21:28:27.038914,24.7,True,0,False,False,False,False
TCK-01298,deuda_tecnica_critica,team_gamma,2026-06-10 05:18:21.300280,2026-06-10 23:03:48.452241,17.8,False,0,False,False,False,False
TCK-01299,cumplimiento_regulatorio,team_beta,2026-03-17 04:08:10.547860,2026-03-17 11:13:29.393183,7.1,False,0,False,False,False,False
TCK-01300,soporte_reactivo,team_beta,2026-07-23 09:20:20.981692,2026-07-24 14:08:50.914322,28.8,False,0,False,False,False,False
TCK-01301,cumplimiento_regulatorio,team_beta,2026-02-05 22:27:04.602674,2026-02-06 14:35:48.176366,16.1,False,0,False,False,False,False
TCK-01302,soporte_reactivo,team_gamma,2026-07-06 04:07:42.967648,2026-07-06 23:53:19.402312,19.8,False,0,False,False,False,False
TCK-01303,deuda_tecnica_critica,team_beta,2026-02-13 06:38:23.804028,2026-02-13 21:24:24.329770,14.8,False,0,False,False,False,False
TCK-01304,cumplimiento_regulatorio,team_alpha,2026-05-02 21:25:35.518305,2026-05-03 17:32:20.071193,20.1,False,0,False,False,False,False
TCK-01305,cumplimiento_regulatorio,team_gamma,2026-02-13 18:57:16.796174,2026-02-14 14:08:05.700681,19.2,False,0,False,False,False,False
TCK-01306,retencion_clientes,team_growth,2026-05-03 14:00:39.200003,2026-05-04 21:00:17.692644,31.0,False,0,False,False,False,False
TCK-01307,soporte_reactivo,team_gamma,2026-03-04 04:36:50.165693,2026-03-05 01:34:29.949612,21.0,False,4,False,False,False,False
TCK-01308,mantenimiento_operativo,team_alpha,2026-08-25 20:21:59.871937,,,False,0,False,True,False,False
TCK-01309,deuda_tecnica_critica,team_alpha,2026-04-20 16:33:57.097917,2026-04-24 18:22:54.087334,97.8,False,0,False,False,False,False
TCK-01310,mantenimiento_operativo,team_gamma,2026-08-09 06:34:41.549291,2026-08-09 21:53:50.011049,15.3,False,0,False,False,False,False
TCK-01311,cumplimiento_regulatorio,team_growth,2026-03-05 12:24:54.390985,2026-03-07 04:16:49.420621,39.9,False,0,False,False,False,False
TCK-01312,mantenimiento_operativo,team_gamma,2026-03-16 08:27:00.902605,2026-03-16 15:43:34.904033,7.3,False,0,True,True,False,False
TCK-01313,cumplimiento_regulatorio,team_alpha,2026-09-03 12:03:19.938764,2026-09-03 22:42:40.982227,10.7,False,0,False,False,False,False
TCK-01314,mantenimiento_operativo,team_beta,2026-08-06 03:40:23.292913,2026-08-06 16:46:45.743891,13.1,False,0,True,True,False,False
TCK-01315,retencion_clientes,team_growth,2026-06-15 02:29:16.102923,2026-06-16 01:49:03.762440,23.3,False,0,False,False,False,False
TCK-01316,mantenimiento_operativo,team_beta,2026-08-11 13:48:19.282480,2026-08-11 21:57:49.630854,8.2,False,0,False,True,False,False
TCK-01317,deuda_tecnica_critica,team_beta,2026-03-02 16:07:42.101757,2026-03-07 22:54:10.788169,126.8,False,0,False,False,False,False
TCK-01318,deuda_tecnica_critica,team_beta,2026-06-05 08:08:26.087272,2026-06-06 08:40:52.985113,24.5,False,0,False,True,False,False
TCK-01319,retencion_clientes,team_growth,2026-02-08 10:10:00.251222,2026-02-10 02:33:39.628145,40.4,False,0,False,False,False,False
TCK-01320,retencion_clientes,team_growth,2026-08-11 20:03:23.096935,2026-08-12 14:15:25.869408,18.2,False,0,False,False,False,False
TCK-01321,cumplimiento_regulatorio,team_beta,2026-08-23 00:59:45.372089,2026-08-23 15:37:32.685694,14.6,False,0,False,False,False,False
TCK-01322,retencion_clientes,team_beta,2026-03-30 09:16:18.467963,2026-03-31 06:08:13.344250,20.9,False,0,False,False,False,False
TCK-01323,soporte_reactivo,team_beta,2026-07-12 23:39:58.040593,2026-07-13 10:11:02.415865,10.5,False,0,False,False,False,False
TCK-01324,retencion_clientes,team_beta,2026-08-06 23:42:48.226955,2026-08-07 16:36:31.804217,16.9,False,0,False,False,False,False
TCK-01325,retencion_clientes,team_gamma,2026-06-20 12:42:38.847678,2026-06-21 02:13:45.047762,13.5,False,0,False,False,False,False
TCK-01326,cumplimiento_regulatorio,team_growth,2026-06-29 17:03:03.533523,2026-06-30 03:33:16.044536,10.5,False,0,False,False,False,False
TCK-01327,cumplimiento_regulatorio,team_gamma,2026-05-18 10:35:33.985138,2026-05-19 01:31:05.986829,14.9,False,0,False,False,False,False
TCK-01328,mantenimiento_operativo,team_beta,2026-01-28 07:53:22.835242,2026-01-28 18:06:15.417404,10.2,False,0,True,True,False,False
TCK-01329,mantenimiento_operativo,team_beta,2026-05-13 07:51:57.316299,2026-05-14 04:20:50.440359,20.5,False,0,False,True,False,False
TCK-01330,soporte_reactivo,team_alpha,2025-12-26 08:29:57.213781,2025-12-27 00:40:49.000663,16.2,False,0,False,False,False,False
TCK-01331,retencion_clientes,team_growth,2026-06-18 02:30:45.774855,2026-06-20 16:48:16.535250,62.3,False,0,False,False,False,False
TCK-01332,mantenimiento_operativo,team_alpha,2026-09-01 13:00:55.542148,,,False,0,True,True,False,False
TCK-01333,deuda_tecnica_critica,team_beta,2026-05-16 13:28:57.166215,2026-05-22 15:29:59.016308,146.0,False,0,False,True,False,False
TCK-01334,soporte_reactivo,team_beta,2026-07-22 12:51:52.999910,2026-07-24 03:37:20.363705,38.8,False,4,False,False,False,False
TCK-01335,deuda_tecnica_critica,team_alpha,2026-08-27 19:19:30.102948,2026-08-28 02:41:49.711693,7.4,False,0,False,False,False,False
TCK-01336,mantenimiento_operativo,team_alpha,2026-01-13 01:39:18.671083,2026-01-13 17:54:18.424112,16.2,False,0,False,True,False,False
TCK-01337,soporte_reactivo,team_beta,2026-05-30 11:06:53.021926,2026-05-30 23:55:33.190566,12.8,True,0,False,False,False,False
TCK-01338,mantenimiento_operativo,team_beta,2026-08-05 17:54:33.095968,2026-08-06 00:17:13.407120,6.4,False,0,True,True,False,False
TCK-01339,retencion_clientes,team_growth,2026-08-17 16:28:06.141738,2026-08-19 08:22:47.480923,39.9,False,0,False,False,False,False
TCK-01340,soporte_reactivo,team_beta,2026-07-22 12:47:41.619865,2026-07-23 12:50:32.892264,24.0,False,0,False,False,False,False
TCK-01341,soporte_reactivo,team_gamma,2026-06-18 10:24:19.138194,2026-06-19 19:13:10.420254,32.8,False,4,False,False,False,False
TCK-01342,soporte_reactivo,team_alpha,2026-08-08 17:19:50.227547,2026-08-09 00:03:03.229350,6.7,False,0,False,False,False,False
TCK-01343,mantenimiento_operativo,team_beta,2026-02-28 00:38:23.007090,2026-02-28 18:46:26.115612,18.1,True,0,False,True,False,False
TCK-01344,soporte_reactivo,team_beta,2026-08-01 06:40:09.605322,2026-08-02 07:57:39.124484,25.3,False,0,False,False,False,False
TCK-01345,mantenimiento_operativo,team_alpha,2025-12-24 22:57:20.752425,2025-12-25 08:11:51.247147,9.2,False,0,False,True,False,False
TCK-01346,mantenimiento_operativo,team_growth,2026-05-30 10:41:05.156203,2026-05-31 06:09:21.117355,19.5,False,0,True,False,False,False
TCK-01347,mantenimiento_operativo,team_gamma,2025-12-17 02:22:32.431132,2025-12-17 06:37:41.264840,4.3,False,0,True,True,False,False
TCK-01348,soporte_reactivo,team_beta,2026-04-01 00:20:23.430538,2026-04-02 16:08:16.199466,39.8,False,4,False,False,False,False
TCK-01349,retencion_clientes,team_gamma,2026-04-18 04:34:33.348668,2026-04-19 13:19:31.694615,32.7,True,0,False,False,False,False
TCK-01350,mantenimiento_operativo,team_beta,2026-08-30 02:24:39.497266,2026-08-31 01:13:37.976798,22.8,True,0,True,False,False,False
TCK-01351,deuda_tecnica_critica,team_growth,2026-08-01 02:48:46.302879,2026-08-08 17:20:33.516495,182.5,False,0,False,True,False,False
TCK-01352,retencion_clientes,team_beta,2026-01-26 20:52:38.028378,2026-01-27 11:22:26.195879,14.5,False,0,False,False,False,False
TCK-01353,soporte_reactivo,team_alpha,2026-06-19 17:40:31.213417,2026-06-20 11:02:21.065198,17.4,False,0,False,False,False,False
TCK-01354,retencion_clientes,team_gamma,2025-12-22 23:34:34.692385,2025-12-23 16:29:31.113532,16.9,False,0,False,False,False,False
TCK-01355,mantenimiento_operativo,team_alpha,2026-05-20 13:11:27.086159,2026-05-21 04:28:58.179861,15.3,False,0,False,True,False,False
TCK-01356,soporte_reactivo,team_beta,2026-05-27 04:09:05.186026,2026-05-28 01:03:12.016595,20.9,False,0,False,False,False,False
TCK-01357,deuda_tecnica_critica,team_growth,2026-01-02 15:09:16.601058,2026-01-03 02:26:32.780839,11.3,False,0,False,True,False,False
TCK-01358,soporte_reactivo,team_growth,2026-02-11 16:33:48.979656,2026-02-15 05:43:23.657489,85.2,False,4,False,False,False,False
TCK-01359,mantenimiento_operativo,team_alpha,2026-01-29 03:18:27.923410,2026-01-30 05:27:09.555034,26.1,False,0,False,False,False,False
TCK-01360,retencion_clientes,team_growth,2026-06-09 11:24:28.281332,2026-06-10 15:44:23.269094,28.3,False,0,False,False,False,False
TCK-01361,soporte_reactivo,team_growth,2026-01-07 12:03:54.199747,2026-01-08 17:02:13.766274,29.0,False,0,False,False,False,False
TCK-01362,mantenimiento_operativo,team_gamma,2026-01-22 00:12:37.786010,2026-01-22 15:46:50.033857,15.6,True,0,False,False,False,False
TCK-01363,soporte_reactivo,team_beta,2025-12-23 04:24:25.592974,2025-12-23 20:39:07.850199,16.2,False,0,False,False,False,False
TCK-01364,cumplimiento_regulatorio,team_growth,2026-05-23 05:31:38.182705,2026-05-23 16:40:21.731582,11.1,False,0,False,False,False,False
TCK-01365,deuda_tecnica_critica,team_growth,2026-01-25 05:46:45.913003,2026-02-08 12:55:43.582568,343.1,False,0,False,False,False,False
TCK-01366,deuda_tecnica_critica,team_gamma,2026-01-08 19:27:33.139002,2026-01-20 18:03:35.612583,286.6,False,0,False,False,False,False
TCK-01367,mantenimiento_operativo,team_beta,2026-03-26 09:10:49.107770,2026-03-27 04:56:02.429813,19.8,False,0,False,False,False,False
TCK-01368,retencion_clientes,team_growth,2026-06-25 06:27:26.512529,2026-06-26 08:03:50.126988,25.6,False,0,False,False,False,False
TCK-01369,mantenimiento_operativo,team_alpha,2026-01-12 11:03:12.723545,2026-01-13 00:35:06.512308,13.5,False,0,True,True,False,False
TCK-01370,soporte_reactivo,team_beta,2026-04-01 09:49:48.937747,2026-04-02 19:02:39.625993,33.2,False,4,False,False,False,False
TCK-01371,soporte_reactivo,team_alpha,2026-09-07 00:48:02.361590,2026-09-07 23:42:35.053084,22.9,False,0,False,False,False,False
TCK-01372,mantenimiento_operativo,team_alpha,2026-06-25 02:23:02.067647,2026-06-25 23:34:06.142835,21.2,False,0,False,True,True,False
TCK-01373,cumplimiento_regulatorio,team_alpha,2026-08-13 13:53:20.257545,2026-08-13 16:56:03.736270,3.0,False,0,False,False,False,False
TCK-01374,retencion_clientes,team_gamma,2026-08-04 17:32:47.500441,2026-08-05 11:30:31.929882,18.0,False,0,False,False,False,False
TCK-01375,soporte_reactivo,team_growth,2026-07-09 01:27:47.399107,2026-07-10 08:40:50.132160,31.2,False,0,False,False,False,False
TCK-01376,soporte_reactivo,team_beta,2026-01-06 11:22:47.056718,2026-01-06 19:43:00.165978,8.3,False,0,False,False,False,False
TCK-01377,mantenimiento_operativo,team_gamma,2026-05-28 17:44:15.135273,2026-05-29 04:30:28.391609,10.8,False,0,False,True,False,False
TCK-01378,mantenimiento_operativo,team_alpha,2026-09-01 18:46:47.122552,,,False,0,False,True,False,False
TCK-01379,soporte_reactivo,team_gamma,2026-08-19 11:50:21.703137,2026-08-21 01:31:45.600783,37.7,False,4,False,False,False,False
TCK-01380,mantenimiento_operativo,team_gamma,2026-05-24 05:46:51.114343,2026-05-25 02:53:47.595289,21.1,False,0,False,False,False,False
TCK-01381,soporte_reactivo,team_beta,2026-08-17 07:26:01.405103,2026-08-17 17:28:28.610040,10.0,False,0,False,False,False,False
TCK-01382,soporte_reactivo,team_gamma,2026-07-21 17:25:01.707126,2026-07-22 21:06:30.739737,27.7,False,0,False,False,False,False
TCK-01383,mantenimiento_operativo,team_growth,2026-07-07 21:30:51.372146,2026-07-08 13:56:09.959968,16.4,False,0,True,False,False,False
TCK-01384,cumplimiento_regulatorio,team_beta,2026-02-03 05:18:33.397941,2026-02-03 15:30:05.772408,10.2,False,0,False,False,False,False
TCK-01385,soporte_reactivo,team_gamma,2025-12-30 14:31:33.879092,2026-01-01 11:48:53.864971,45.3,False,4,False,False,False,False
TCK-01386,soporte_reactivo,team_alpha,2026-01-06 07:51:14.033321,2026-01-06 18:44:55.856041,10.9,False,0,False,False,False,False
TCK-01387,soporte_reactivo,team_growth,2026-07-05 21:44:06.411830,2026-07-08 14:52:20.609336,65.1,False,0,False,False,False,False
TCK-01388,soporte_reactivo,team_beta,2026-01-06 08:16:49.499670,2026-01-06 20:44:57.753801,12.5,False,0,False,False,False,False
TCK-01389,soporte_reactivo,team_growth,2026-06-03 14:27:29.421114,2026-06-05 21:10:01.331755,54.7,True,4,False,False,False,False
TCK-01390,deuda_tecnica_critica,team_gamma,2026-06-02 19:08:56.206240,2026-06-03 20:44:46.036740,25.6,False,0,False,False,False,False
TCK-01391,mantenimiento_operativo,team_beta,2026-08-06 05:12:49.299025,2026-08-06 20:40:06.575910,15.5,False,0,False,True,False,False
TCK-01392,retencion_clientes,team_growth,2026-08-03 21:22:31.050023,2026-08-04 21:48:56.241992,24.4,False,0,False,False,False,False
TCK-01393,deuda_tecnica_critica,team_growth,2026-06-28 17:40:38.383212,2026-07-05 09:43:42.350797,160.1,False,0,False,False,False,False
TCK-01394,retencion_clientes,team_growth,2026-08-03 06:59:54.780190,2026-08-04 03:04:01.473534,20.1,False,0,False,False,False,False
TCK-01395,retencion_clientes,team_alpha,2026-05-26 03:52:11.066031,2026-05-26 10:06:20.471693,6.2,False,0,False,False,False,False
TCK-01396,mantenimiento_operativo,team_beta,2026-05-09 21:13:36.196615,2026-05-10 08:04:58.621125,10.9,False,0,True,False,False,False
TCK-01397,mantenimiento_operativo,team_alpha,2026-04-12 02:50:40.274470,2026-04-12 23:22:20.921125,20.5,False,0,True,True,False,False
TCK-01398,mantenimiento_operativo,team_gamma,2026-07-23 05:25:03.882565,2026-07-23 18:33:58.095631,13.1,False,0,False,True,False,False
TCK-01399,soporte_reactivo,team_gamma,2026-05-23 06:00:38.990532,2026-05-24 04:43:32.944413,22.7,False,0,False,False,False,False
TCK-01400,deuda_tecnica_critica,team_beta,2026-07-06 22:09:55.320159,2026-07-16 17:40:39.842338,235.5,False,0,False,False,False,False
TCK-01401,mantenimiento_operativo,team_gamma,2025-12-26 00:41:22.682303,2025-12-26 22:14:17.822575,21.5,False,0,False,True,False,False
TCK-01402,mantenimiento_operativo,team_beta,2026-01-28 11:59:18.478238,2026-01-29 13:15:12.636462,25.3,True,0,False,False,False,False
TCK-01403,deuda_tecnica_critica,team_beta,2026-05-15 12:27:24.147782,2026-05-20 03:19:01.174963,110.9,False,0,False,False,False,False
TCK-01404,soporte_reactivo,team_beta,2026-08-08 22:48:32.007525,2026-08-09 14:32:43.426400,15.7,False,0,False,False,False,False
TCK-01405,retencion_clientes,team_growth,2025-12-19 08:15:28.681495,2025-12-19 19:53:10.116020,11.6,False,0,False,False,False,False
TCK-01406,deuda_tecnica_critica,team_beta,2026-03-03 01:20:55.162926,2026-03-10 00:21:33.390384,167.0,False,0,False,False,False,False
TCK-01407,soporte_reactivo,team_beta,2026-03-08 08:20:20.124627,2026-03-09 13:00:57.725490,28.7,False,4,False,False,False,False
TCK-01408,soporte_reactivo,team_gamma,2026-06-16 23:14:27.713849,2026-06-19 03:02:59.619579,51.8,True,4,False,False,False,False
TCK-01409,retencion_clientes,team_growth,2026-04-01 01:30:57.835770,2026-04-01 15:35:01.338550,14.1,False,0,False,False,False,False
TCK-01410,mantenimiento_operativo,team_beta,2026-05-10 15:46:23.116900,2026-05-11 01:44:26.342472,10.0,False,0,False,True,False,False
TCK-01411,mantenimiento_operativo,team_beta,2026-05-13 06:04:16.381107,2026-05-14 19:34:11.188772,37.5,False,0,False,False,False,False
TCK-01412,cumplimiento_regulatorio,team_growth,2026-07-28 00:09:33.094648,2026-07-31 05:05:22.199913,76.9,True,0,False,False,False,False
TCK-01413,mantenimiento_operativo,team_alpha,2026-04-15 19:57:05.517834,2026-04-16 05:59:40.238818,10.0,False,0,False,False,False,False
TCK-01414,deuda_tecnica_critica,team_gamma,2026-08-22 16:08:21.536588,2026-08-26 15:17:36.223701,95.2,False,0,False,True,False,False
TCK-01415,deuda_tecnica_critica,team_growth,2026-02-03 08:49:31.748827,2026-02-04 07:55:57.684822,23.1,False,0,False,False,False,False
TCK-01416,mantenimiento_operativo,team_beta,2026-02-01 06:53:10.817934,2026-02-01 23:03:33.521247,16.2,False,0,False,True,False,False
TCK-01417,retencion_clientes,team_gamma,2026-03-23 11:34:01.119602,2026-03-24 02:24:23.131750,14.8,False,0,False,False,False,False
TCK-01418,soporte_reactivo,team_beta,2026-05-18 12:56:21.071989,2026-05-19 12:05:44.033888,23.2,False,0,False,False,False,False
TCK-01419,deuda_tecnica_critica,team_beta,2026-08-11 11:18:36.212660,2026-08-12 08:02:11.101363,20.7,False,0,False,False,False,False
TCK-01420,mantenimiento_operativo,team_beta,2026-08-17 01:17:22.420619,2026-08-17 17:36:31.683662,16.3,False,0,False,True,False,False
TCK-01421,soporte_reactivo,team_beta,2026-02-23 18:09:34.966924,2026-02-26 01:03:34.199044,54.9,False,4,False,False,False,False
TCK-01422,cumplimiento_regulatorio,team_alpha,2026-08-08 03:22:42.844943,2026-08-08 16:20:46.060516,13.0,False,0,False,False,False,False
TCK-01423,soporte_reactivo,team_gamma,2026-07-20 20:44:28.842053,2026-07-23 06:46:45.808908,58.0,False,4,False,False,False,False
TCK-01424,deuda_tecnica_critica,team_alpha,2026-07-12 10:55:12.907987,2026-07-12 21:44:30.278382,10.8,False,0,False,False,False,False
TCK-01425,cumplimiento_regulatorio,team_beta,2026-04-04 14:06:54.374035,2026-04-05 06:51:29.237323,16.7,False,0,False,False,False,False
TCK-01426,deuda_tecnica_critica,team_alpha,2026-05-01 18:18:13.507203,2026-05-02 08:01:51.917373,13.7,True,0,False,False,False,False
TCK-01427,soporte_reactivo,team_gamma,2026-03-19 14:24:58.516675,2026-03-20 18:40:42.238594,28.3,False,4,False,False,False,False
TCK-01428,mantenimiento_operativo,team_beta,2026-01-01 09:37:26.740253,2026-01-01 23:44:20.395565,14.1,False,0,False,True,False,False
TCK-01429,deuda_tecnica_critica,team_gamma,2026-08-20 01:50:06.918492,2026-08-20 12:24:03.565819,10.6,False,0,False,False,False,False
TCK-01430,mantenimiento_operativo,team_gamma,2026-01-21 22:02:32.574231,2026-01-22 05:31:04.388236,7.5,False,0,True,False,False,False
TCK-01431,soporte_reactivo,team_gamma,2026-08-28 00:27:25.678926,2026-08-28 12:59:46.086508,12.5,False,0,False,False,False,False
TCK-01432,soporte_reactivo,team_gamma,2026-04-26 02:55:31.684043,2026-04-28 15:05:30.464666,60.2,False,4,False,False,False,False
TCK-01433,retencion_clientes,team_growth,2026-06-16 08:39:04.481702,2026-06-17 13:33:50.954088,28.9,False,0,False,False,False,False
TCK-01434,retencion_clientes,team_gamma,2026-01-07 09:53:01.620167,2026-01-08 09:07:03.512091,23.2,False,0,False,False,False,False
TCK-01435,mantenimiento_operativo,team_alpha,2026-07-05 15:42:57.904537,2026-07-06 12:16:13.806548,20.6,False,0,False,False,False,False
TCK-01436,mantenimiento_operativo,team_gamma,2026-08-09 09:11:43.745560,2026-08-10 00:45:07.865830,15.6,False,0,False,True,False,False
TCK-01437,mantenimiento_operativo,team_beta,2026-05-11 07:44:06.848352,2026-05-12 02:41:42.033975,19.0,True,0,False,True,False,False
TCK-01438,deuda_tecnica_critica,team_growth,2026-05-30 05:10:43.822626,2026-05-30 17:11:15.875654,12.0,False,0,False,True,False,False
TCK-01439,deuda_tecnica_critica,team_growth,2026-06-19 12:55:15.066572,2026-06-20 08:47:48.987984,19.9,False,0,False,False,False,False
TCK-01440,deuda_tecnica_critica,team_beta,2026-03-21 13:20:51.846204,2026-04-05 04:31:43.589285,351.2,False,0,False,True,False,False
TCK-01441,cumplimiento_regulatorio,team_alpha,2026-05-16 17:47:14.027117,2026-05-17 01:49:57.440247,8.0,False,0,False,False,False,False
TCK-01442,deuda_tecnica_critica,team_beta,2026-04-28 03:03:59.125652,2026-04-28 14:03:05.790871,11.0,False,0,False,False,False,False
TCK-01443,cumplimiento_regulatorio,team_gamma,2025-12-21 19:27:04.322650,2025-12-22 22:32:39.223965,27.1,True,0,False,False,False,False
TCK-01444,retencion_clientes,team_beta,2026-07-23 21:53:34.171698,2026-07-24 11:05:11.473351,13.2,False,0,False,False,False,False
TCK-01445,mantenimiento_operativo,team_alpha,2026-02-03 01:46:43.670121,2026-02-03 11:04:36.469585,9.3,False,0,False,True,False,False
TCK-01446,deuda_tecnica_critica,team_alpha,2026-08-10 13:23:31.793035,2026-08-24 13:40:52.596451,336.3,False,0,False,True,False,False
TCK-01447,mantenimiento_operativo,team_alpha,2026-02-12 15:50:38.988667,2026-02-13 14:21:59.896880,22.5,False,0,False,True,False,False
TCK-01448,deuda_tecnica_critica,team_growth,2026-08-01 11:04:33.124822,2026-08-02 14:40:25.136328,27.6,False,0,False,True,False,False
TCK-01449,cumplimiento_regulatorio,team_beta,2026-08-07 19:58:25.302980,2026-08-08 08:54:35.097120,12.9,False,0,False,False,False,False
TCK-01450,soporte_reactivo,team_growth,2025-12-16 15:58:45.451611,2025-12-20 16:22:58.297178,96.4,False,4,False,False,False,False
TCK-01451,deuda_tecnica_critica,team_growth,2026-03-23 09:01:39.333273,2026-04-08 21:49:00.466417,396.8,False,0,False,True,False,False
TCK-01452,mantenimiento_operativo,team_gamma,2026-04-18 06:27:00.056340,2026-04-18 17:07:05.754468,10.7,False,0,False,True,False,False
TCK-01453,mantenimiento_operativo,team_beta,2026-07-07 06:08:20.095424,2026-07-07 18:44:57.970533,12.6,False,0,False,True,False,False
TCK-01454,mantenimiento_operativo,team_gamma,2026-08-07 02:57:06.609615,2026-08-07 13:01:02.128956,10.1,False,0,True,True,False,False
TCK-01455,retencion_clientes,team_beta,2026-07-26 15:01:18.156268,2026-07-27 09:47:39.569606,18.8,False,0,False,False,False,False
TCK-01456,soporte_reactivo,team_growth,2026-06-28 03:03:53.381085,2026-06-29 08:11:37.607268,29.1,True,0,False,False,False,False
TCK-01457,retencion_clientes,team_beta,2026-06-29 02:14:29.728240,2026-06-29 14:26:52.824837,12.2,False,0,False,False,False,False
TCK-01458,retencion_clientes,team_beta,2026-04-27 08:27:06.692936,2026-04-28 12:16:59.429693,27.8,False,0,False,False,False,False
TCK-01459,deuda_tecnica_critica,team_gamma,2026-04-03 06:31:29.492334,2026-04-15 17:00:09.133818,298.5,False,0,False,False,False,False
TCK-01460,retencion_clientes,team_alpha,2026-01-20 08:38:30.868224,2026-01-21 16:31:24.408762,31.9,False,0,False,False,False,False
TCK-01461,retencion_clientes,team_alpha,2026-05-19 14:46:34.722214,2026-05-21 04:51:15.681489,38.1,False,0,False,False,False,False
TCK-01462,soporte_reactivo,team_gamma,2026-03-28 22:57:07.250622,2026-03-29 17:00:51.757782,18.1,True,0,False,False,False,False
TCK-01463,mantenimiento_operativo,team_alpha,2026-08-30 02:48:57.823059,2026-09-04 08:25:12.334651,125.6,False,0,False,False,False,False
TCK-01464,mantenimiento_operativo,team_gamma,2026-03-06 17:19:51.535749,2026-03-07 04:08:37.479419,10.8,False,0,True,True,False,False
TCK-01465,mantenimiento_operativo,team_beta,2026-03-17 11:30:13.673427,2026-03-17 17:12:11.361289,5.7,False,0,True,False,False,False
TCK-01466,deuda_tecnica_critica,team_gamma,2026-02-22 03:25:12.135259,2026-03-02 16:49:32.409430,205.4,False,0,False,True,False,False
TCK-01467,mantenimiento_operativo,team_alpha,2026-08-24 21:33:10.577416,2026-08-26 00:23:28.713221,26.8,False,0,False,True,False,False
TCK-01468,retencion_clientes,team_growth,2026-05-13 16:43:39.819841,2026-05-14 11:27:06.773091,18.7,False,0,False,False,False,False
TCK-01469,mantenimiento_operativo,team_gamma,2026-02-13 23:26:44.531806,2026-02-14 14:14:34.144220,14.8,True,0,False,False,False,False
TCK-01470,mantenimiento_operativo,team_gamma,2026-04-19 02:30:45.021801,2026-04-20 00:58:45.001246,22.5,False,0,False,True,False,False
TCK-01471,retencion_clientes,team_gamma,2026-08-23 04:50:07.452968,2026-08-23 16:53:35.831633,12.1,False,0,False,False,False,False
TCK-01472,mantenimiento_operativo,team_gamma,2026-08-20 03:23:21.911659,2026-08-21 05:58:11.490682,26.6,True,0,True,True,False,False
TCK-01473,deuda_tecnica_critica,team_alpha,2026-08-16 09:32:00.958446,2026-08-23 03:37:40.867835,162.1,False,0,False,True,False,False
TCK-01474,cumplimiento_regulatorio,team_growth,2026-02-02 12:45:49.413309,2026-02-03 17:33:10.465175,28.8,False,0,False,False,False,False
TCK-01475,mantenimiento_operativo,team_alpha,2026-01-17 20:21:11.497500,2026-01-18 22:37:10.852507,26.3,False,0,False,True,False,False
TCK-01476,mantenimiento_operativo,team_alpha,2026-08-08 04:47:32.949989,2026-08-08 20:45:40.686423,16.0,False,0,False,True,False,False
TCK-01477,soporte_reactivo,team_alpha,2026-04-26 17:32:24.640249,2026-04-28 22:30:46.623101,53.0,False,4,False,False,False,False
TCK-01478,mantenimiento_operativo,team_growth,2026-02-23 05:05:01.336594,2026-02-24 02:48:11.520997,21.7,False,0,True,False,False,False
TCK-01479,soporte_reactivo,team_beta,2026-04-13 05:21:10.375713,2026-04-14 00:09:46.091380,18.8,False,0,False,False,False,False
TCK-01480,soporte_reactivo,team_alpha,2026-06-05 11:41:13.070053,2026-06-07 14:48:12.677883,51.1,False,4,False,False,False,False
TCK-01481,soporte_reactivo,team_gamma,2026-04-18 02:24:34.141375,2026-04-18 15:31:05.433795,13.1,False,0,False,False,False,False
TCK-01482,soporte_reactivo,team_alpha,2026-08-14 02:38:04.652186,2026-08-14 12:26:07.897029,9.8,False,0,False,False,False,False
TCK-01483,deuda_tecnica_critica,team_beta,2025-12-23 11:22:40.583298,2026-01-01 06:31:34.183212,211.1,False,0,False,False,False,False
TCK-01484,deuda_tecnica_critica,team_beta,2026-01-24 16:33:38.496681,2026-01-29 08:36:12.933079,112.0,False,0,False,False,False,False
TCK-01485,cumplimiento_regulatorio,team_beta,2026-02-14 03:11:30.214716,2026-02-15 14:40:14.850848,35.5,False,0,False,False,False,False
TCK-01486,deuda_tecnica_critica,team_alpha,2026-09-01 01:08:36.157221,2026-09-01 17:29:51.021898,16.4,False,0,False,False,False,False
TCK-01487,mantenimiento_operativo,team_beta,2026-01-11 12:32:34.937537,2026-01-12 11:56:25.472697,23.4,False,0,False,False,False,False
TCK-01488,retencion_clientes,team_beta,2026-08-28 17:51:42.058395,2026-08-29 10:06:19.508838,16.2,False,0,False,False,False,False
TCK-01489,soporte_reactivo,team_gamma,2026-02-09 23:27:23.034305,2026-02-10 10:30:04.434201,11.0,False,0,False,False,False,False
TCK-01490,mantenimiento_operativo,team_beta,2026-09-04 19:52:38.699140,2026-09-05 11:03:11.623109,15.2,False,0,False,True,False,False
TCK-01491,soporte_reactivo,team_gamma,2026-06-08 05:43:50.138154,2026-06-09 10:24:19.533662,28.7,True,4,False,False,False,False
TCK-01492,soporte_reactivo,team_gamma,2026-05-13 11:32:37.031123,2026-05-15 06:52:01.899924,43.3,False,4,False,False,False,False
TCK-01493,cumplimiento_regulatorio,team_growth,2026-01-02 03:19:04.809186,2026-01-03 07:13:23.585227,27.9,False,0,False,False,False,False
TCK-01494,deuda_tecnica_critica,team_beta,2026-06-09 04:37:01.824681,2026-06-17 13:10:21.848623,200.6,False,0,False,True,False,False
TCK-01495,retencion_clientes,team_growth,2026-05-21 23:20:38.927842,2026-05-22 19:17:09.085030,19.9,False,0,False,False,False,False
TCK-01496,soporte_reactivo,team_beta,2026-01-30 02:06:19.676879,2026-01-31 13:35:08.034482,35.5,False,4,False,False,False,False
TCK-01497,deuda_tecnica_critica,team_growth,2026-08-26 10:06:25.873953,,,False,0,False,False,False,False
TCK-01498,mantenimiento_operativo,team_beta,2026-03-29 13:36:21.278712,2026-03-30 09:18:32.595370,19.7,False,0,False,True,False,False
TCK-01499,soporte_reactivo,team_gamma,2026-05-25 01:38:59.558079,2026-05-26 08:35:12.845202,30.9,False,4,False,False,False,False
TCK-01500,mantenimiento_operativo,team_gamma,2026-03-26 13:56:40.231533,2026-03-27 07:24:58.453951,17.5,False,0,True,True,False,False
TCK-01501,cumplimiento_regulatorio,team_growth,2026-05-09 17:38:42.463627,2026-05-11 02:17:40.016752,32.6,False,0,False,False,False,False
TCK-01502,deuda_tecnica_critica,team_gamma,2026-01-08 23:12:39.590378,2026-01-09 21:24:53.843309,22.2,True,0,False,False,False,False
TCK-01503,cumplimiento_regulatorio,team_growth,2026-06-19 14:50:27.354677,2026-06-20 20:55:11.659000,30.1,False,0,False,False,False,False
TCK-01504,retencion_clientes,team_growth,2026-08-07 07:10:29.852589,2026-08-09 19:00:39.228116,59.8,True,0,False,False,False,False
TCK-01505,mantenimiento_operativo,team_gamma,2026-06-24 21:56:26.769388,2026-06-26 07:10:36.160172,33.2,False,0,False,True,True,False
TCK-01506,deuda_tecnica_critica,team_beta,2026-07-30 12:08:57.655801,2026-07-31 02:43:02.757969,14.6,False,0,False,False,False,False
TCK-01507,retencion_clientes,team_gamma,2026-08-05 03:49:52.488970,2026-08-05 18:10:17.783403,14.3,False,0,False,False,False,False
TCK-01508,retencion_clientes,team_beta,2026-02-18 15:01:59.722193,2026-02-19 03:32:15.120469,12.5,False,0,False,False,False,False
TCK-01509,deuda_tecnica_critica,team_growth,2026-07-05 12:41:17.617715,2026-07-28 12:03:41.459541,551.4,False,0,False,False,False,False
TCK-01510,retencion_clientes,team_growth,2026-09-04 06:45:38.935079,2026-09-05 08:21:05.149036,25.6,False,0,False,False,False,False
TCK-01511,deuda_tecnica_critica,team_alpha,2026-04-13 10:39:13.882948,2026-04-14 01:08:41.254588,14.5,False,0,False,True,False,False
TCK-01512,mantenimiento_operativo,team_beta,2026-06-22 11:02:39.051684,2026-06-22 22:22:19.234221,11.3,False,0,True,True,True,False
TCK-01513,mantenimiento_operativo,team_gamma,2026-01-02 08:36:05.568558,2026-01-02 23:48:59.561860,15.2,False,0,False,True,False,False
TCK-01514,cumplimiento_regulatorio,team_growth,2026-08-02 10:04:11.220248,2026-08-03 18:43:51.544167,32.7,False,0,False,False,False,False
TCK-01515,mantenimiento_operativo,team_growth,2026-08-30 15:37:15.433867,2026-08-31 03:46:55.979425,12.2,False,0,True,True,False,False
TCK-01516,soporte_reactivo,team_beta,2026-02-13 10:08:59.053409,2026-02-14 12:25:08.055830,26.3,False,4,False,False,False,False
TCK-01517,mantenimiento_operativo,team_gamma,2026-06-08 05:18:29.010534,2026-06-09 07:57:57.924324,26.7,False,0,False,True,False,False
TCK-01518,soporte_reactivo,team_growth,2025-12-25 00:46:41.808066,2025-12-25 15:57:43.611335,15.2,False,0,False,False,False,False
TCK-01519,cumplimiento_regulatorio,team_alpha,2026-04-11 11:39:37.992003,2026-04-11 20:48:28.926661,9.1,False,0,False,False,False,False
TCK-01520,soporte_reactivo,team_gamma,2026-02-14 21:30:08.919218,2026-02-15 13:14:31.868488,15.7,False,0,False,False,False,False
TCK-01521,mantenimiento_operativo,team_beta,2026-03-15 14:52:59.653477,2026-03-15 20:48:04.248546,5.9,False,0,True,True,False,False
TCK-01522,retencion_clientes,team_growth,2026-02-11 11:44:48.782038,2026-02-11 21:07:50.046873,9.4,False,0,False,False,False,False
TCK-01523,retencion_clientes,team_alpha,2026-06-12 00:16:58.923616,2026-06-12 16:40:00.378862,16.4,False,0,False,False,False,False
TCK-01524,retencion_clientes,team_gamma,2026-03-09 21:36:00.482680,2026-03-10 13:12:24.742969,15.6,False,0,False,False,False,False
TCK-01525,deuda_tecnica_critica,team_beta,2026-06-29 01:47:40.322814,2026-07-08 20:12:56.807162,234.4,False,0,False,False,False,False
TCK-01526,mantenimiento_operativo,team_alpha,2026-04-16 20:45:32.213790,2026-04-17 04:48:05.243803,8.0,False,0,True,True,False,False
TCK-01527,mantenimiento_operativo,team_growth,2026-08-16 04:36:57.607263,2026-08-16 23:41:34.018336,19.1,False,0,True,True,False,False
TCK-01528,deuda_tecnica_critica,team_beta,2025-12-29 15:17:43.275745,2026-01-03 05:49:44.271717,110.5,False,0,False,True,False,False
TCK-01529,mantenimiento_operativo,team_beta,2025-12-27 00:03:23.961207,2025-12-27 14:37:02.818624,14.6,False,0,False,True,False,False
TCK-01530,deuda_tecnica_critica,team_beta,2026-04-24 00:34:30.427402,2026-04-30 01:18:41.024790,144.7,False,0,False,False,False,False
TCK-01531,soporte_reactivo,team_growth,2026-02-16 20:05:28.994399,2026-02-17 14:29:19.246463,18.4,False,0,False,False,False,False
TCK-01532,retencion_clientes,team_growth,2026-07-15 19:53:02.679450,2026-07-16 19:55:49.616729,24.0,False,0,False,False,False,False
TCK-01533,retencion_clientes,team_gamma,2026-08-11 04:27:47.782681,2026-08-11 10:21:57.493783,5.9,False,0,False,False,False,False
TCK-01534,soporte_reactivo,team_beta,2026-04-15 19:00:22.675292,2026-04-17 07:40:18.765483,36.7,False,4,False,False,False,False
TCK-01535,retencion_clientes,team_alpha,2026-02-07 23:59:18.398734,2026-02-08 05:36:10.308693,5.6,False,0,False,False,False,False
TCK-01536,deuda_tecnica_critica,team_growth,2026-08-17 19:46:23.835087,2026-08-18 14:30:40.005676,18.7,False,0,False,False,False,False
TCK-01537,soporte_reactivo,team_gamma,2026-07-07 09:19:27.235906,2026-07-08 11:59:14.233424,26.7,False,4,False,False,False,False
TCK-01538,retencion_clientes,team_growth,2026-01-27 18:42:51.533148,2026-01-28 14:10:48.482866,19.5,False,0,False,False,False,False
TCK-01539,soporte_reactivo,team_alpha,2025-12-23 17:39:41.308942,2025-12-25 22:41:23.386939,53.0,False,4,False,False,False,False
TCK-01540,retencion_clientes,team_growth,2026-06-05 11:59:11.629652,2026-06-07 09:20:44.389733,45.4,False,0,False,False,False,False
TCK-01541,mantenimiento_operativo,team_alpha,2026-05-30 14:28:30.435875,2026-05-31 09:12:36.988655,18.7,False,0,False,True,False,False
TCK-01542,soporte_reactivo,team_alpha,2026-06-21 00:48:32.289152,2026-06-23 06:55:53.972624,54.1,False,4,False,False,False,False
TCK-01543,deuda_tecnica_critica,team_growth,2026-04-27 17:50:33.004873,2026-05-11 05:09:53.342216,323.3,True,0,False,False,False,False
TCK-01544,deuda_tecnica_critica,team_gamma,2026-07-03 03:29:13.843085,2026-07-03 16:02:50.882981,12.6,False,0,False,True,False,False
TCK-01545,mantenimiento_operativo,team_gamma,2026-07-09 23:58:05.200535,2026-07-10 18:53:14.327357,18.9,False,0,False,True,False,False
TCK-01546,soporte_reactivo,team_beta,2026-01-22 17:11:00.631795,2026-01-24 16:26:12.634039,47.3,False,4,False,False,False,False
TCK-01547,soporte_reactivo,team_growth,2026-01-09 05:42:09.881535,2026-01-10 19:54:48.933224,38.2,False,0,False,False,False,False
TCK-01548,deuda_tecnica_critica,team_alpha,2026-06-19 10:14:42.143641,2026-07-02 06:20:33.356621,308.1,False,0,False,True,True,False
TCK-01549,mantenimiento_operativo,team_alpha,2026-08-21 11:31:32.890130,2026-08-21 23:11:03.597007,11.7,False,0,True,False,False,False
TCK-01550,soporte_reactivo,team_gamma,2026-05-05 16:21:59.850215,2026-05-06 04:30:07.771785,12.1,False,0,False,False,False,False
TCK-01551,mantenimiento_operativo,team_alpha,2026-05-06 21:07:28.948900,2026-05-07 08:27:38.937328,11.3,False,0,False,False,False,False
TCK-01552,retencion_clientes,team_growth,2026-02-11 05:09:26.679648,2026-02-12 18:12:04.164809,37.0,False,0,False,False,False,False
TCK-01553,cumplimiento_regulatorio,team_growth,2026-01-13 03:14:27.094022,2026-01-15 05:15:21.704622,50.0,False,0,False,False,False,False
TCK-01554,soporte_reactivo,team_beta,2026-02-14 03:52:19.795146,2026-02-15 16:54:07.944721,37.0,False,0,False,False,False,False
TCK-01555,mantenimiento_operativo,team_alpha,2026-06-22 01:27:04.972693,2026-06-22 21:36:41.031604,20.2,False,0,False,True,True,False
TCK-01556,soporte_reactivo,team_beta,2026-08-11 13:42:40.203222,2026-08-12 06:32:09.082949,16.8,False,0,False,False,False,False
TCK-01557,deuda_tecnica_critica,team_growth,2026-06-18 11:53:13.359729,2026-07-11 04:59:10.294275,545.1,True,0,False,True,True,False
TCK-01558,retencion_clientes,team_beta,2026-03-26 05:53:44.427667,2026-03-26 18:20:48.623794,12.5,False,0,False,False,False,False
TCK-01559,mantenimiento_operativo,team_beta,2026-02-08 11:19:49.834764,2026-02-09 00:27:10.099664,13.1,False,0,False,True,False,False
TCK-01560,deuda_tecnica_critica,team_alpha,2026-03-05 07:23:57.432470,2026-03-11 08:23:44.693216,145.0,False,0,False,True,False,False
TCK-01561,soporte_reactivo,team_gamma,2026-04-11 09:52:14.640256,2026-04-12 18:33:36.822714,32.7,False,4,False,False,False,False
TCK-01562,cumplimiento_regulatorio,team_beta,2026-07-16 21:36:34.980540,2026-07-17 23:57:02.493404,26.3,False,0,False,False,False,False
TCK-01563,soporte_reactivo,team_gamma,2026-06-28 15:21:51.236568,2026-06-29 04:15:02.069258,12.9,False,0,False,False,False,False
TCK-01564,retencion_clientes,team_alpha,2026-06-10 00:55:31.203562,2026-06-10 14:05:45.191743,13.2,False,0,False,False,False,False
TCK-01565,cumplimiento_regulatorio,team_growth,2026-03-03 04:37:26.346088,2026-03-04 01:17:40.412609,20.7,False,0,False,False,False,False
TCK-01566,soporte_reactivo,team_beta,2026-08-05 20:22:20.946794,2026-08-06 06:12:02.693183,9.8,False,0,False,False,False,False
TCK-01567,deuda_tecnica_critica,team_growth,2026-09-06 00:12:15.892423,2026-09-07 03:03:48.770442,26.9,False,0,False,False,False,False
TCK-01568,soporte_reactivo,team_alpha,2026-06-14 11:37:07.693077,2026-06-15 15:36:29.996072,28.0,False,4,False,False,False,False
TCK-01569,mantenimiento_operativo,team_alpha,2026-08-15 13:55:00.014278,2026-08-16 00:33:21.435953,10.6,False,0,False,True,False,False
TCK-01570,deuda_tecnica_critica,team_gamma,2026-01-17 22:29:11.581588,2026-01-18 20:10:10.165083,21.7,True,0,False,False,False,False
TCK-01571,cumplimiento_regulatorio,team_growth,2026-08-26 08:50:31.314492,2026-08-27 10:15:53.889569,25.4,False,0,False,False,False,False
TCK-01572,soporte_reactivo,team_beta,2026-08-14 13:37:30.658886,2026-08-15 05:26:15.392653,15.8,False,0,False,False,False,False
TCK-01573,soporte_reactivo,team_beta,2025-12-18 11:20:08.024834,2025-12-19 06:39:25.848039,19.3,False,0,False,False,False,False
TCK-01574,cumplimiento_regulatorio,team_growth,2026-06-15 19:54:36.491142,2026-06-17 04:38:55.176077,32.7,False,0,False,False,False,False
TCK-01575,mantenimiento_operativo,team_beta,2026-03-09 04:45:11.625950,2026-03-09 13:45:24.236571,9.0,False,0,True,True,False,False
TCK-01576,soporte_reactivo,team_alpha,2026-03-30 21:17:52.134420,2026-03-31 15:37:27.084722,18.3,False,0,False,False,False,False
TCK-01577,cumplimiento_regulatorio,team_growth,2026-07-09 01:28:10.898510,2026-07-10 09:27:33.535566,32.0,False,0,False,False,False,False
TCK-01578,soporte_reactivo,team_gamma,2026-05-20 06:08:23.080387,2026-05-20 23:27:54.839485,17.3,False,0,False,False,False,False
TCK-01579,mantenimiento_operativo,team_gamma,2026-05-28 08:04:04.407350,2026-05-29 06:46:51.400508,22.7,False,0,False,True,False,False
TCK-01580,cumplimiento_regulatorio,team_growth,2026-02-15 09:50:31.395920,2026-02-16 17:09:23.355067,31.3,False,0,False,False,False,False
TCK-01581,soporte_reactivo,team_gamma,2026-07-13 14:02:01.516957,2026-07-14 01:57:42.454112,11.9,False,0,False,False,False,False
TCK-01582,soporte_reactivo,team_beta,2026-02-15 16:30:01.932097,2026-02-18 01:32:10.708045,57.0,False,4,False,False,False,False
TCK-01583,cumplimiento_regulatorio,team_beta,2026-05-12 22:21:08.114801,2026-05-14 00:09:26.435018,25.8,False,0,False,False,False,False
TCK-01584,deuda_tecnica_critica,team_growth,2026-01-01 23:06:12.327347,2026-01-03 04:00:39.768712,28.9,False,0,False,False,False,False
TCK-01585,soporte_reactivo,team_alpha,2026-03-20 18:41:21.275674,2026-03-21 09:15:33.390783,14.6,False,0,False,False,False,False
TCK-01586,retencion_clientes,team_growth,2026-05-22 09:14:07.994373,2026-05-25 08:05:37.875779,70.9,False,0,False,False,False,False
TCK-01587,deuda_tecnica_critica,team_gamma,2026-06-01 02:06:27.742308,2026-06-09 02:06:58.504479,192.0,False,0,False,False,False,False
TCK-01588,mantenimiento_operativo,team_gamma,2026-05-18 09:30:53.473267,2026-05-19 05:46:06.875019,20.3,False,0,False,True,False,False
TCK-01589,soporte_reactivo,team_gamma,2026-03-04 11:59:07.924363,2026-03-05 01:46:55.484963,13.8,False,0,False,False,False,False
TCK-01590,mantenimiento_operativo,team_beta,2026-08-05 17:42:47.832948,2026-08-07 04:16:30.266232,34.6,False,0,True,False,False,False
TCK-01591,mantenimiento_operativo,team_alpha,2026-06-28 02:58:28.479457,2026-06-30 15:00:08.548233,60.0,False,0,False,True,True,False
TCK-01592,mantenimiento_operativo,team_alpha,2026-07-03 06:53:49.808502,2026-07-03 22:05:55.463760,15.2,False,0,False,True,False,False
TCK-01593,soporte_reactivo,team_growth,2026-01-07 08:52:52.052880,2026-01-08 16:47:11.126708,31.9,False,0,False,False,False,False
TCK-01594,soporte_reactivo,team_growth,2026-02-27 06:39:00.942438,2026-02-28 08:15:57.840866,25.6,False,0,False,False,False,False
TCK-01595,soporte_reactivo,team_alpha,2026-05-13 20:20:33.934560,2026-05-14 04:02:09.718196,7.7,False,0,False,False,False,False
TCK-01596,retencion_clientes,team_gamma,2026-05-08 01:36:44.030785,2026-05-08 17:11:37.020839,15.6,False,0,False,False,False,False
TCK-01597,soporte_reactivo,team_alpha,2026-07-13 00:00:14.996267,2026-07-13 12:19:18.725614,12.3,False,0,False,False,False,False
TCK-01598,mantenimiento_operativo,team_gamma,2026-02-18 20:42:05.840132,2026-02-19 03:58:14.159587,7.3,False,0,False,False,False,False
TCK-01599,soporte_reactivo,team_alpha,2026-08-06 09:28:21.772748,2026-08-07 01:49:25.840389,16.4,False,0,False,False,False,False
TCK-01600,cumplimiento_regulatorio,team_growth,2026-01-22 10:30:55.282567,2026-01-23 15:17:53.774843,28.8,False,0,False,False,False,False
TCK-01601,soporte_reactivo,team_gamma,2026-05-29 07:49:01.991468,2026-05-30 22:01:10.535194,38.2,False,4,False,False,False,False
TCK-01602,cumplimiento_regulatorio,team_gamma,2026-01-16 00:47:22.018355,2026-01-16 17:56:55.100706,17.2,False,0,False,False,False,False
TCK-01603,mantenimiento_operativo,team_beta,2026-02-02 12:40:49.748024,2026-02-02 17:01:16.839861,4.3,False,0,True,True,False,False
TCK-01604,mantenimiento_operativo,team_alpha,2026-02-22 07:51:41.028358,2026-02-22 20:08:08.505375,12.3,False,0,False,False,False,False
TCK-01605,mantenimiento_operativo,team_gamma,2026-02-24 18:13:20.030008,2026-02-25 12:52:26.675605,18.7,True,0,False,True,False,False
TCK-01606,mantenimiento_operativo,team_beta,2026-02-09 15:15:17.141604,2026-02-10 10:34:30.046864,19.3,False,0,False,True,False,False
TCK-01607,cumplimiento_regulatorio,team_gamma,2026-08-18 21:57:12.389655,2026-08-19 13:03:43.128695,15.1,False,0,False,False,False,False
TCK-01608,retencion_clientes,team_alpha,2026-04-29 08:58:26.952148,2026-04-29 17:43:03.442968,8.7,False,0,False,False,False,False
TCK-01609,cumplimiento_regulatorio,team_beta,2026-07-07 14:36:22.812655,2026-07-08 03:07:48.093970,12.5,False,0,False,False,False,False
TCK-01610,cumplimiento_regulatorio,team_alpha,2026-07-17 23:26:25.676581,2026-07-18 22:47:14.194520,23.3,False,0,False,False,False,False
TCK-01611,mantenimiento_operativo,team_beta,2026-07-05 18:38:33.059283,2026-07-06 00:58:55.578785,6.3,False,0,False,True,False,False
TCK-01612,soporte_reactivo,team_beta,2026-03-01 15:00:55.412074,2026-03-02 18:16:35.932062,27.3,False,4,False,False,False,False
TCK-01613,mantenimiento_operativo,team_beta,2026-03-18 18:36:36.021785,2026-03-19 13:28:45.890056,18.9,False,0,False,False,False,False
TCK-01614,mantenimiento_operativo,team_gamma,2026-01-20 20:55:30.858312,2026-01-21 18:51:52.875973,21.9,False,0,False,True,False,False
TCK-01615,soporte_reactivo,team_beta,2026-03-24 18:01:54.463222,2026-03-25 20:47:19.363712,26.8,False,0,False,False,False,False
TCK-01616,soporte_reactivo,team_beta,2026-02-27 19:01:27.500196,2026-02-28 03:52:44.523361,8.9,False,0,False,False,False,False
TCK-01617,soporte_reactivo,team_beta,2026-01-06 01:53:52.904618,2026-01-07 20:21:54.498707,42.5,False,4,False,False,False,False
TCK-01618,cumplimiento_regulatorio,team_growth,2026-02-11 09:06:49.664932,2026-02-12 09:25:19.269446,24.3,False,0,False,False,False,False
TCK-01619,cumplimiento_regulatorio,team_beta,2025-12-24 19:13:56.308624,2025-12-25 17:35:41.937752,22.4,False,0,False,False,False,False
TCK-01620,mantenimiento_operativo,team_beta,2026-05-09 10:56:26.395482,2026-05-10 21:35:01.582805,34.6,False,0,True,True,False,False
TCK-01621,mantenimiento_operativo,team_alpha,2026-02-11 15:57:17.792700,2026-02-12 06:36:13.104856,14.6,False,0,True,True,False,False
TCK-01622,cumplimiento_regulatorio,team_alpha,2026-08-07 19:03:10.151255,2026-08-08 05:30:07.325688,10.4,False,0,False,False,False,False
TCK-01623,mantenimiento_operativo,team_gamma,2026-08-17 17:14:01.380087,2026-08-18 02:28:06.748919,9.2,False,0,False,True,False,False
TCK-01624,mantenimiento_operativo,team_alpha,2026-02-19 06:25:36.003817,2026-02-20 13:20:26.851583,30.9,True,0,True,True,False,False
TCK-01625,soporte_reactivo,team_gamma,2026-08-14 21:18:35.889337,2026-08-16 19:24:21.212182,46.1,False,4,False,False,False,False
TCK-01626,mantenimiento_operativo,team_beta,2026-01-06 06:49:18.696909,2026-01-07 01:46:21.693071,19.0,False,0,True,True,False,False
TCK-01627,soporte_reactivo,team_gamma,2025-12-26 04:40:20.017606,2025-12-26 13:48:22.560430,9.1,False,0,False,False,False,False
TCK-01628,mantenimiento_operativo,team_growth,2026-06-28 11:44:36.403489,2026-06-29 23:31:35.765255,35.8,False,0,False,True,False,False
TCK-01629,mantenimiento_operativo,team_alpha,2026-03-09 01:04:31.647406,2026-03-09 17:21:39.949251,16.3,False,0,False,False,False,False
TCK-01630,soporte_reactivo,team_beta,2026-03-06 01:55:56.666065,2026-03-06 13:45:49.118991,11.8,False,0,False,False,False,False
TCK-01631,mantenimiento_operativo,team_beta,2026-02-25 15:56:19.280879,2026-02-26 15:30:08.186346,23.6,False,0,False,True,False,False
TCK-01632,mantenimiento_operativo,team_gamma,2026-01-24 14:29:51.166726,2026-01-25 08:25:19.148625,17.9,False,0,False,True,False,False
TCK-01633,deuda_tecnica_critica,team_gamma,2025-12-16 18:28:37.166203,2025-12-17 14:03:36.619330,19.6,False,0,False,False,False,False
TCK-01634,retencion_clientes,team_gamma,2026-09-05 19:14:47.780849,2026-09-06 05:17:22.266578,10.0,False,0,False,False,False,False
TCK-01635,soporte_reactivo,team_alpha,2026-04-03 00:23:33.046002,2026-04-03 15:06:55.380735,14.7,False,0,False,False,False,False
TCK-01636,cumplimiento_regulatorio,team_growth,2026-07-01 01:09:59.729314,2026-07-02 17:51:33.771447,40.7,True,0,False,False,False,False
TCK-01637,mantenimiento_operativo,team_gamma,2026-09-04 10:59:20.250714,2026-09-04 22:28:55.403624,11.5,False,0,True,True,False,False
TCK-01638,retencion_clientes,team_gamma,2026-02-20 08:54:06.699745,2026-02-20 21:30:53.053727,12.6,False,0,False,False,False,False
TCK-01639,soporte_reactivo,team_gamma,2026-05-25 11:15:38.907150,2026-05-27 18:39:09.445948,55.4,False,4,False,False,False,False
TCK-01640,mantenimiento_operativo,team_beta,2026-04-04 07:41:47.597171,2026-04-04 20:09:55.858055,12.5,False,0,False,False,False,False
TCK-01641,soporte_reactivo,team_alpha,2026-02-25 03:05:53.274303,2026-02-25 23:15:37.880107,20.2,False,0,False,False,False,False
TCK-01642,cumplimiento_regulatorio,team_growth,2026-08-29 22:24:30.391037,2026-08-30 13:51:54.425929,15.5,False,0,False,False,False,False
TCK-01643,cumplimiento_regulatorio,team_growth,2026-08-13 03:44:50.768282,2026-08-14 13:37:51.388046,33.9,False,0,False,False,False,False
TCK-01644,mantenimiento_operativo,team_beta,2026-04-15 19:11:56.260063,2026-04-16 07:29:41.535278,12.3,False,0,True,True,False,False
TCK-01645,deuda_tecnica_critica,team_alpha,2026-08-31 15:09:21.709769,2026-09-08 07:35:17.909170,184.4,False,0,False,True,False,False
TCK-01646,mantenimiento_operativo,team_alpha,2025-12-22 14:39:40.224200,2025-12-22 22:46:12.834862,8.1,False,0,True,True,False,False
TCK-01647,deuda_tecnica_critica,team_beta,2026-01-19 01:41:18.336110,2026-01-19 16:06:48.228514,14.4,False,0,False,False,False,False
TCK-01648,soporte_reactivo,team_gamma,2026-06-29 06:19:31.797973,2026-06-29 15:25:09.027467,9.1,False,0,False,False,False,False
TCK-01649,deuda_tecnica_critica,team_beta,2026-04-06 09:35:52.114632,2026-04-11 10:23:13.317638,120.8,False,0,False,False,False,False
TCK-01650,deuda_tecnica_critica,team_beta,2026-03-08 07:03:06.614155,2026-03-09 02:59:23.390466,19.9,False,0,False,True,False,False
TCK-01651,deuda_tecnica_critica,team_beta,2026-07-04 22:38:39.184414,2026-07-08 13:46:25.306968,87.1,False,0,False,False,False,False
TCK-01652,deuda_tecnica_critica,team_gamma,2026-07-11 21:58:18.593649,2026-07-12 11:49:16.166267,13.8,False,0,False,False,False,False
TCK-01653,cumplimiento_regulatorio,team_gamma,2026-03-04 03:21:12.685707,2026-03-05 09:21:10.371882,30.0,True,0,False,False,False,False
TCK-01654,soporte_reactivo,team_growth,2026-07-18 00:55:04.106782,2026-07-19 10:27:09.189473,33.5,False,0,False,False,False,False
TCK-01655,cumplimiento_regulatorio,team_gamma,2026-03-07 21:19:58.839422,2026-03-08 12:31:58.050917,15.2,False,0,False,False,False,False
TCK-01656,mantenimiento_operativo,team_growth,2026-01-28 17:40:02.628153,2026-01-29 16:37:38.571241,23.0,False,0,False,False,False,False
TCK-01657,deuda_tecnica_critica,team_alpha,2026-04-26 00:50:47.309250,2026-05-06 09:29:20.283739,248.6,False,0,False,False,False,False
TCK-01658,soporte_reactivo,team_gamma,2026-06-13 19:47:23.501073,2026-06-16 12:47:31.407168,65.0,False,4,False,False,False,False
TCK-01659,retencion_clientes,team_alpha,2026-01-09 12:26:49.347723,2026-01-09 23:58:16.230405,11.5,False,0,False,False,False,False
TCK-01660,retencion_clientes,team_alpha,2026-03-08 18:40:33.868429,2026-03-09 06:17:33.378012,11.6,False,0,False,False,False,False
TCK-01661,retencion_clientes,team_growth,2026-02-08 01:45:48.334417,2026-02-08 21:52:20.514178,20.1,False,0,False,False,False,False
TCK-01662,soporte_reactivo,team_gamma,2025-12-19 20:59:32.234381,2025-12-20 21:16:20.815647,24.3,False,0,False,False,False,False
TCK-01663,mantenimiento_operativo,team_growth,2025-12-28 10:56:04.082687,2025-12-29 14:40:11.466262,27.7,False,0,True,True,False,False
TCK-01664,mantenimiento_operativo,team_growth,2026-08-03 05:15:18.237928,2026-08-03 17:48:04.519872,12.5,False,0,True,True,False,False
TCK-01665,mantenimiento_operativo,team_beta,2026-06-13 12:19:57.867132,2026-06-14 01:07:02.703063,12.8,False,0,True,True,False,False
TCK-01666,retencion_clientes,team_growth,2026-05-11 19:03:28.054609,2026-05-12 20:28:38.310443,25.4,False,0,False,False,False,False
TCK-01667,cumplimiento_regulatorio,team_growth,2026-07-09 17:19:31.488666,2026-07-11 01:08:43.202151,31.8,False,0,False,False,False,False
TCK-01668,retencion_clientes,team_alpha,2026-02-02 14:54:32.753682,2026-02-03 09:18:21.144629,18.4,True,0,False,False,False,False
TCK-01669,retencion_clientes,team_beta,2026-06-11 16:39:53.064772,2026-06-12 09:51:50.886150,17.2,False,0,False,False,False,False
TCK-01670,soporte_reactivo,team_alpha,2026-07-13 13:12:54.796776,2026-07-15 03:35:16.274647,38.4,False,4,False,False,False,False
TCK-01671,retencion_clientes,team_gamma,2026-08-22 08:52:31.310761,2026-08-22 15:36:04.817130,6.7,False,0,False,False,False,False
TCK-01672,soporte_reactivo,team_alpha,2026-02-12 00:50:40.293384,2026-02-13 20:15:57.528283,43.4,False,4,False,False,False,False
TCK-01673,soporte_reactivo,team_alpha,2026-06-30 02:26:01.365568,2026-07-02 18:25:31.412500,64.0,False,4,False,False,False,False
TCK-01674,soporte_reactivo,team_beta,2026-08-03 07:48:02.519795,2026-08-04 23:00:55.479966,39.2,False,4,False,False,False,False
TCK-01675,soporte_reactivo,team_growth,2026-03-11 04:33:51.912933,2026-03-12 05:52:14.283247,25.3,False,0,False,False,False,False
TCK-01676,cumplimiento_regulatorio,team_alpha,2026-03-13 16:43:13.721160,2026-03-13 23:12:56.066190,6.5,False,0,False,False,False,False
TCK-01677,soporte_reactivo,team_gamma,2026-03-26 02:46:48.999394,2026-03-27 16:15:47.523807,37.5,False,4,False,False,False,False
TCK-01678,mantenimiento_operativo,team_alpha,2026-01-12 08:06:07.728649,2026-01-12 22:01:32.537595,13.9,False,0,False,False,False,False
TCK-01679,mantenimiento_operativo,team_beta,2026-06-25 21:07:05.534103,2026-06-26 08:41:24.895368,11.6,False,0,False,True,True,False
TCK-01680,cumplimiento_regulatorio,team_gamma,2026-07-27 02:48:46.598996,2026-07-28 09:45:49.153632,31.0,True,0,False,False,False,False
TCK-01681,mantenimiento_operativo,team_beta,2026-07-08 13:52:29.682133,2026-07-09 05:57:19.877003,16.1,False,0,False,False,False,False
TCK-01682,mantenimiento_operativo,team_alpha,2026-06-15 10:06:18.733163,2026-06-15 21:17:44.390827,11.2,False,0,False,True,True,False
TCK-01683,soporte_reactivo,team_beta,2026-05-05 13:31:40.496113,2026-05-06 12:21:40.331268,22.8,False,0,False,False,False,False
TCK-01684,retencion_clientes,team_growth,2026-02-01 02:40:50.900618,2026-02-01 20:16:25.154730,17.6,False,0,False,False,False,False
TCK-01685,mantenimiento_operativo,team_beta,2026-05-18 11:14:19.721676,2026-05-18 22:22:24.793012,11.1,False,0,True,True,False,False
TCK-01686,deuda_tecnica_critica,team_growth,2026-04-20 21:40:05.715248,2026-04-21 20:38:47.855371,23.0,False,0,False,False,False,False
TCK-01687,mantenimiento_operativo,team_alpha,2026-01-24 08:57:14.382356,2026-01-24 14:59:09.660415,6.0,False,0,True,True,False,False
TCK-01688,mantenimiento_operativo,team_beta,2026-01-13 13:48:40.186283,2026-01-14 03:31:23.472773,13.7,True,0,False,False,False,False
TCK-01689,soporte_reactivo,team_gamma,2026-08-07 09:08:23.971161,2026-08-08 04:40:22.281225,19.5,False,0,False,False,False,False
TCK-01690,deuda_tecnica_critica,team_alpha,2025-12-18 11:00:45.613610,2025-12-19 08:20:44.690267,21.3,True,0,False,False,False,False
TCK-01691,soporte_reactivo,team_gamma,2026-03-31 17:13:53.278778,2026-04-02 21:38:47.951108,52.4,False,4,False,False,False,False
TCK-01692,cumplimiento_regulatorio,team_alpha,2026-05-19 22:48:14.536679,2026-05-20 20:47:32.062235,22.0,False,0,False,False,False,False
TCK-01693,cumplimiento_regulatorio,team_beta,2026-08-02 01:50:31.846682,2026-08-02 19:29:26.593943,17.6,False,0,False,False,False,False
TCK-01694,soporte_reactivo,team_alpha,2026-06-30 20:30:48.547591,2026-07-01 11:41:04.648246,15.2,False,0,False,False,False,False
TCK-01695,retencion_clientes,team_beta,2026-02-13 23:08:59.527661,2026-02-14 20:15:44.025864,21.1,False,0,False,False,False,False
TCK-01696,retencion_clientes,team_alpha,2026-03-18 14:40:20.184126,2026-03-19 03:17:02.079156,12.6,False,0,False,False,False,False
TCK-01697,cumplimiento_regulatorio,team_growth,2026-07-22 18:02:21.941526,2026-07-24 00:02:00.195991,30.0,False,0,False,False,False,False
TCK-01698,soporte_reactivo,team_gamma,2026-06-25 21:55:07.275178,2026-06-28 00:32:33.702805,50.6,False,0,False,False,False,False
TCK-01699,soporte_reactivo,team_alpha,2026-06-10 15:04:57.599313,2026-06-12 07:11:54.801303,40.1,False,4,False,False,False,False
TCK-01700,mantenimiento_operativo,team_beta,2026-02-05 08:50:43.136410,2026-02-05 17:00:43.728783,8.2,False,0,False,True,False,False
TCK-01701,mantenimiento_operativo,team_gamma,2026-08-31 07:59:08.895594,2026-09-01 02:58:44.400814,19.0,False,0,False,False,False,False
TCK-01702,deuda_tecnica_critica,team_growth,2026-07-18 15:17:21.728870,2026-07-28 03:33:26.856423,228.3,False,0,False,False,False,False
TCK-01703,deuda_tecnica_critica,team_growth,2025-12-23 10:30:30.923450,2025-12-25 07:30:48.132811,45.0,False,0,False,False,False,False
TCK-01704,mantenimiento_operativo,team_alpha,2026-07-03 11:37:46.313788,2026-07-04 04:14:37.327884,16.6,False,0,False,True,False,False
TCK-01705,deuda_tecnica_critica,team_growth,2026-03-24 20:58:54.668232,2026-03-26 19:59:51.611981,47.0,False,0,False,True,False,False
TCK-01706,retencion_clientes,team_gamma,2026-07-15 12:50:16.421000,2026-07-16 01:38:15.061751,12.8,False,0,False,False,False,False
TCK-01707,deuda_tecnica_critica,team_growth,2026-04-01 13:58:30.926595,2026-04-14 06:16:16.522860,304.3,False,0,False,True,False,False
TCK-01708,retencion_clientes,team_growth,2025-12-23 09:13:12.393333,2025-12-25 01:46:32.115719,40.6,False,0,False,False,False,False
TCK-01709,retencion_clientes,team_beta,2026-01-02 00:22:25.129387,2026-01-02 19:22:48.106188,19.0,False,0,False,False,False,False
TCK-01710,soporte_reactivo,team_beta,2026-06-03 22:25:42.796868,2026-06-04 09:35:12.191534,11.2,False,0,False,False,False,False
TCK-01711,soporte_reactivo,team_beta,2026-05-25 19:45:18.160098,2026-05-26 10:49:24.860235,15.1,False,0,False,False,False,False
TCK-01712,retencion_clientes,team_gamma,2026-05-08 09:29:45.527662,2026-05-09 13:39:48.139824,28.2,True,0,False,False,False,False
TCK-01713,deuda_tecnica_critica,team_growth,2026-02-06 22:01:27.672509,2026-02-21 19:00:48.974462,357.0,False,0,False,False,False,False
TCK-01714,deuda_tecnica_critica,team_gamma,2026-02-27 05:36:00.208778,2026-02-27 22:33:31.892368,17.0,False,0,False,False,False,False
TCK-01715,retencion_clientes,team_gamma,2026-06-22 16:25:31.082587,2026-06-23 02:17:35.096221,9.9,False,0,False,False,False,False
TCK-01716,mantenimiento_operativo,team_beta,2026-08-18 05:29:55.056857,2026-08-18 20:09:54.660220,14.7,False,0,True,True,False,False
TCK-01717,mantenimiento_operativo,team_alpha,2026-06-27 15:34:39.431821,2026-06-28 15:56:00.417818,24.4,False,0,False,True,True,False
TCK-01718,soporte_reactivo,team_alpha,2026-07-14 11:57:51.631881,2026-07-15 03:00:24.634389,15.0,False,0,False,False,False,False
TCK-01719,deuda_tecnica_critica,team_growth,2026-04-12 20:55:20.563518,2026-04-14 13:02:08.038887,40.1,False,0,False,False,False,False
TCK-01720,soporte_reactivo,team_beta,2026-04-21 20:04:52.765170,2026-04-23 18:09:19.956886,46.1,False,4,False,False,False,False
TCK-01721,soporte_reactivo,team_alpha,2026-03-27 16:33:53.022483,2026-03-28 23:40:59.935584,31.1,False,4,False,False,False,False
TCK-01722,mantenimiento_operativo,team_growth,2026-02-28 22:34:40.900587,2026-03-01 17:19:53.166829,18.8,False,0,True,True,False,False
TCK-01723,retencion_clientes,team_growth,2026-06-12 19:10:00.691760,2026-06-16 02:32:02.810820,79.4,False,0,False,False,False,False
TCK-01724,retencion_clientes,team_growth,2026-06-23 23:02:49.001445,2026-06-24 12:55:04.530721,13.9,False,0,False,False,False,False
TCK-01725,cumplimiento_regulatorio,team_growth,2026-05-04 01:33:45.353150,2026-05-05 16:13:27.161991,38.7,False,0,False,False,False,False
TCK-01726,retencion_clientes,team_beta,2025-12-28 07:13:06.368953,2025-12-29 00:54:03.100149,17.7,False,0,False,False,False,False
TCK-01727,cumplimiento_regulatorio,team_alpha,2026-05-29 14:26:07.669269,2026-05-30 06:30:32.879560,16.1,False,0,False,False,False,False
TCK-01728,mantenimiento_operativo,team_gamma,2026-04-13 09:05:04.704863,2026-04-14 10:26:42.696602,25.4,False,0,False,True,False,False
TCK-01729,cumplimiento_regulatorio,team_growth,2026-05-16 11:56:01.628411,2026-05-17 15:59:19.442536,28.1,False,0,False,False,False,False
TCK-01730,mantenimiento_operativo,team_beta,2026-05-15 20:20:05.991332,2026-05-16 07:49:47.342227,11.5,False,0,True,True,False,False
TCK-01731,mantenimiento_operativo,team_beta,2026-03-15 17:41:41.162809,2026-03-15 22:11:10.416095,4.5,False,0,True,True,False,False
TCK-01732,retencion_clientes,team_alpha,2026-04-21 18:26:15.169352,2026-04-22 12:39:05.879345,18.2,False,0,False,False,False,False
TCK-01733,cumplimiento_regulatorio,team_growth,2026-02-13 05:44:25.200636,2026-02-14 10:04:18.809951,28.3,False,0,False,False,False,False
TCK-01734,cumplimiento_regulatorio,team_growth,2026-07-27 20:00:53.864165,2026-07-29 16:45:02.206678,44.7,False,0,False,False,False,False
TCK-01735,mantenimiento_operativo,team_beta,2026-08-18 09:33:34.762386,2026-08-19 19:52:25.312187,34.3,True,0,False,False,False,False
TCK-01736,mantenimiento_operativo,team_alpha,2026-08-18 08:50:16.339118,2026-08-19 23:04:37.416980,38.2,False,0,False,True,False,False
TCK-01737,retencion_clientes,team_growth,2026-03-22 15:50:53.813508,2026-03-23 05:12:49.716736,13.4,False,0,False,False,False,False
TCK-01738,retencion_clientes,team_growth,2026-02-10 08:42:10.145682,2026-02-11 04:02:02.395617,19.3,False,0,False,False,False,False
TCK-01739,soporte_reactivo,team_alpha,2026-02-02 21:06:41.241354,2026-02-03 10:23:11.977976,13.3,True,0,False,False,False,False
TCK-01740,deuda_tecnica_critica,team_growth,2026-04-09 13:34:27.451350,2026-04-10 09:49:44.230441,20.3,False,0,False,True,False,False
TCK-01741,retencion_clientes,team_beta,2026-06-18 04:17:34.422550,2026-06-18 16:04:27.540506,11.8,False,0,False,False,False,False
TCK-01742,mantenimiento_operativo,team_gamma,2026-01-22 05:01:59.202649,2026-01-22 16:04:14.500393,11.0,False,0,False,True,False,False
TCK-01743,cumplimiento_regulatorio,team_growth,2025-12-24 06:08:36.664196,2025-12-25 23:34:05.867809,41.4,False,0,False,False,False,False
TCK-01744,soporte_reactivo,team_alpha,2026-07-07 13:27:06.169552,2026-07-08 15:58:16.459387,26.5,False,4,False,False,False,False
TCK-01745,retencion_clientes,team_gamma,2026-01-30 20:28:32.395439,2026-01-31 12:18:38.162628,15.8,False,0,False,False,False,False
TCK-01746,deuda_tecnica_critica,team_beta,2026-03-06 12:48:59.929226,2026-03-07 14:27:44.586523,25.6,False,0,False,True,False,False
TCK-01747,cumplimiento_regulatorio,team_growth,2026-05-24 01:27:34.488403,2026-05-28 03:37:41.495235,98.2,False,0,False,False,False,False
TCK-01748,deuda_tecnica_critica,team_beta,2026-02-26 08:05:08.968472,2026-02-26 17:29:33.407291,9.4,False,0,False,False,False,False
TCK-01749,soporte_reactivo,team_alpha,2026-04-05 03:51:15.846968,2026-04-07 11:32:38.026023,55.7,False,4,False,False,False,False
TCK-01750,deuda_tecnica_critica,team_beta,2026-06-07 16:45:04.663878,2026-06-13 01:39:08.073238,128.9,False,0,False,False,False,False
TCK-01751,retencion_clientes,team_growth,2026-04-13 15:15:18.665486,2026-04-14 06:43:14.579669,15.5,False,0,False,False,False,False
TCK-01752,mantenimiento_operativo,team_beta,2026-05-24 13:03:33.999932,2026-05-24 23:41:29.863878,10.6,False,0,True,True,False,False
TCK-01753,deuda_tecnica_critica,team_gamma,2026-02-03 02:17:26.035994,2026-02-08 17:28:15.918295,135.2,False,0,False,True,False,False
TCK-01754,soporte_reactivo,team_growth,2026-07-16 07:47:08.682183,2026-07-18 20:37:27.797753,60.8,False,4,False,False,False,False
TCK-01755,mantenimiento_operativo,team_gamma,2026-02-12 05:39:19.141492,2026-02-13 00:01:01.470546,18.4,False,0,False,False,False,False
TCK-01756,soporte_reactivo,team_alpha,2026-06-29 08:35:26.493796,2026-06-30 17:44:57.983815,33.2,False,0,False,False,False,False
TCK-01757,retencion_clientes,team_alpha,2026-08-26 22:24:11.830848,2026-08-27 14:09:23.411552,15.8,False,0,False,False,False,False
TCK-01758,mantenimiento_operativo,team_alpha,2026-06-06 08:48:00.979592,2026-06-07 02:20:08.091139,17.5,False,0,False,True,False,False
TCK-01759,soporte_reactivo,team_alpha,2026-06-19 10:49:53.954971,2026-06-19 16:35:34.579659,5.8,False,0,False,False,False,False
TCK-01760,retencion_clientes,team_gamma,2026-08-30 15:54:24.498190,2026-08-31 08:14:43.476399,16.3,False,0,False,False,False,False
TCK-01761,cumplimiento_regulatorio,team_growth,2026-02-27 15:11:30.029074,2026-02-28 15:01:38.596023,23.8,True,0,False,False,False,False
TCK-01762,mantenimiento_operativo,team_growth,2026-03-01 13:21:22.396600,2026-03-02 17:46:46.576057,28.4,False,0,False,False,False,False
TCK-01763,retencion_clientes,team_alpha,2026-05-25 15:43:58.020356,2026-05-26 14:51:08.263591,23.1,False,0,False,False,False,False
TCK-01764,cumplimiento_regulatorio,team_growth,2026-08-24 18:16:20.385477,2026-08-25 10:26:22.354648,16.2,False,0,False,False,False,False
TCK-01765,mantenimiento_operativo,team_beta,2026-06-29 17:49:37.237318,2026-06-30 08:23:19.976906,14.6,False,0,False,False,False,False
TCK-01766,retencion_clientes,team_growth,2026-03-24 23:59:40.111208,2026-03-25 10:59:10.192265,11.0,False,0,False,False,False,False
TCK-01767,deuda_tecnica_critica,team_gamma,2026-07-19 20:18:22.562867,2026-07-20 06:24:26.734140,10.1,False,0,False,False,False,False
TCK-01768,soporte_reactivo,team_alpha,2026-03-03 02:48:38.222059,2026-03-03 14:57:32.235379,12.1,False,0,False,False,False,False
TCK-01769,cumplimiento_regulatorio,team_beta,2026-08-04 02:44:55.117730,2026-08-05 04:57:59.931842,26.2,False,0,False,False,False,False
TCK-01770,deuda_tecnica_critica,team_growth,2026-07-27 22:24:03.146925,2026-07-30 00:53:26.478578,50.5,False,0,False,True,False,False
TCK-01771,mantenimiento_operativo,team_beta,2025-12-19 09:13:39.055429,2025-12-19 18:39:22.742423,9.4,False,0,False,True,False,False
TCK-01772,retencion_clientes,team_growth,2026-05-30 07:22:12.811526,2026-05-31 04:30:09.378837,21.1,False,0,False,False,False,False
TCK-01773,mantenimiento_operativo,team_gamma,2026-01-20 06:39:59.905890,2026-01-20 15:25:18.175952,8.8,False,0,False,True,False,False
TCK-01774,cumplimiento_regulatorio,team_growth,2026-01-25 21:40:04.285033,2026-01-30 07:36:50.945121,105.9,False,0,False,False,False,False
TCK-01775,mantenimiento_operativo,team_beta,2026-08-28 22:21:44.419328,2026-08-29 08:36:30.570429,10.2,False,0,False,True,False,False
TCK-01776,soporte_reactivo,team_beta,2026-09-04 21:05:04.662829,2026-09-05 10:37:42.431780,13.5,False,0,False,False,False,False
TCK-01777,cumplimiento_regulatorio,team_gamma,2026-07-01 14:10:51.518543,2026-07-02 02:25:40.329663,12.2,False,0,False,False,False,False
TCK-01778,soporte_reactivo,team_alpha,2026-07-19 02:55:18.770314,2026-07-19 16:05:14.905036,13.2,False,0,False,False,False,False
TCK-01779,deuda_tecnica_critica,team_growth,2026-04-05 14:39:02.284828,2026-04-15 04:29:15.121370,229.8,False,0,False,True,False,False
TCK-01780,deuda_tecnica_critica,team_growth,2026-05-13 01:49:46.202945,2026-05-13 19:44:36.653266,17.9,False,0,False,False,False,False
TCK-01781,mantenimiento_operativo,team_gamma,2026-08-30 20:22:45.836482,2026-08-31 12:05:06.711150,15.7,False,0,False,True,False,False
TCK-01782,mantenimiento_operativo,team_alpha,2026-02-23 10:14:17.271261,2026-02-24 07:32:04.801524,21.3,False,0,False,False,False,False
TCK-01783,soporte_reactivo,team_alpha,2026-05-21 03:36:46.207559,2026-05-22 00:15:25.929662,20.6,False,0,False,False,False,False
TCK-01784,soporte_reactivo,team_beta,2026-07-17 12:10:09.495307,2026-07-18 01:18:04.874852,13.1,False,0,False,False,False,False
TCK-01785,cumplimiento_regulatorio,team_growth,2026-05-31 21:15:19.169817,2026-06-01 23:23:23.983599,26.1,False,0,False,False,False,False
TCK-01786,soporte_reactivo,team_gamma,2026-08-12 05:14:21.787705,2026-08-12 22:00:20.531549,16.8,False,0,False,False,False,False
TCK-01787,soporte_reactivo,team_beta,2026-02-04 16:35:42.944218,2026-02-04 23:49:26.791818,7.2,False,0,False,False,False,False
TCK-01788,soporte_reactivo,team_growth,2026-05-23 11:15:15.467915,2026-05-24 10:23:28.672177,23.1,False,0,False,False,False,False
TCK-01789,retencion_clientes,team_beta,2026-08-14 15:34:47.741478,2026-08-15 23:25:44.821343,31.8,False,0,False,False,False,False
TCK-01790,mantenimiento_operativo,team_alpha,2026-02-18 05:33:42.213130,2026-02-18 20:48:20.327444,15.2,False,0,False,False,False,False
TCK-01791,soporte_reactivo,team_gamma,2026-08-13 04:41:49.759917,2026-08-13 11:35:57.541727,6.9,False,0,False,False,False,False
TCK-01792,deuda_tecnica_critica,team_alpha,2026-08-09 16:17:29.212303,2026-08-15 08:33:04.534880,136.3,False,0,False,True,False,False
TCK-01793,mantenimiento_operativo,team_beta,2026-04-06 23:59:17.262269,2026-04-07 14:10:03.475098,14.2,False,0,False,True,False,False
TCK-01794,soporte_reactivo,team_alpha,2026-01-21 21:50:23.344049,2026-01-24 23:20:42.047203,73.5,False,4,False,False,False,False
TCK-01795,soporte_reactivo,team_alpha,2026-04-10 09:03:59.283995,2026-04-11 02:42:19.905204,17.6,False,0,False,False,False,False
TCK-01796,cumplimiento_regulatorio,team_gamma,2026-05-30 16:38:59.258828,2026-05-31 02:49:08.647443,10.2,False,0,False,False,False,False
TCK-01797,soporte_reactivo,team_beta,2026-06-30 16:21:37.291722,2026-07-02 07:05:07.646854,38.7,False,4,False,False,False,False
TCK-01798,cumplimiento_regulatorio,team_beta,2026-05-17 14:40:50.625622,2026-05-18 20:00:12.356810,29.3,False,0,False,False,False,False
TCK-01799,cumplimiento_regulatorio,team_growth,2026-08-21 00:04:07.168081,2026-08-22 07:23:41.113157,31.3,False,0,False,False,False,False
TCK-01800,retencion_clientes,team_gamma,2026-08-18 16:38:08.148491,2026-08-19 04:27:28.154139,11.8,False,0,False,False,False,False
TCK-01801,cumplimiento_regulatorio,team_growth,2026-05-05 15:56:11.130545,2026-05-07 01:15:10.855492,33.3,False,0,False,False,False,False
TCK-01802,soporte_reactivo,team_gamma,2026-04-26 02:32:13.709223,2026-04-26 21:56:28.386505,19.4,False,4,False,False,False,False
TCK-01803,cumplimiento_regulatorio,team_beta,2026-08-12 08:25:58.350047,2026-08-13 11:39:45.607051,27.2,False,0,False,False,False,False
TCK-01804,soporte_reactivo,team_alpha,2026-06-14 19:29:37.736694,2026-06-16 00:35:53.212151,29.1,False,0,False,False,False,False
TCK-01805,mantenimiento_operativo,team_gamma,2026-05-16 23:26:20.565940,2026-05-17 08:19:50.550006,8.9,False,0,True,True,False,False
TCK-01806,mantenimiento_operativo,team_growth,2026-02-11 00:43:51.033148,2026-02-11 23:17:19.743530,22.6,False,0,True,True,False,False
TCK-01807,deuda_tecnica_critica,team_growth,2026-08-21 14:35:56.595134,2026-09-01 06:50:25.505640,256.2,False,0,False,False,False,False
TCK-01808,deuda_tecnica_critica,team_growth,2026-05-13 15:50:26.935681,2026-05-14 09:39:38.223889,17.8,False,0,False,False,False,False
TCK-01809,soporte_reactivo,team_growth,2026-05-09 00:30:25.996176,2026-05-13 00:27:35.390243,96.0,False,4,False,False,False,False
TCK-01810,soporte_reactivo,team_beta,2026-09-06 22:08:01.987635,2026-09-08 01:07:09.933227,27.0,False,0,False,False,False,False
TCK-01811,cumplimiento_regulatorio,team_beta,2026-08-21 02:08:44.148509,2026-08-21 21:51:44.441792,19.7,False,0,False,False,False,False
TCK-01812,retencion_clientes,team_beta,2026-06-22 06:55:50.840328,2026-06-22 21:49:38.570332,14.9,False,0,False,False,False,False
TCK-01813,cumplimiento_regulatorio,team_alpha,2026-06-16 21:23:07.459152,2026-06-17 20:16:34.573213,22.9,False,0,False,False,False,False
TCK-01814,soporte_reactivo,team_beta,2026-03-05 01:25:36.050729,2026-03-06 21:53:47.710675,44.5,False,4,False,False,False,False
TCK-01815,deuda_tecnica_critica,team_growth,2026-06-17 03:39:30.751641,2026-06-18 05:45:05.867654,26.1,False,0,False,False,False,False
TCK-01816,deuda_tecnica_critica,team_gamma,2026-02-10 22:30:15.860520,2026-02-18 06:54:20.635297,176.4,False,0,False,True,False,False
TCK-01817,cumplimiento_regulatorio,team_alpha,2026-08-19 10:46:02.806713,2026-08-20 07:22:52.242722,20.6,False,0,False,False,False,False
TCK-01818,mantenimiento_operativo,team_alpha,2026-01-30 06:48:07.075926,2026-01-31 08:59:42.085843,26.2,False,0,False,True,False,False
TCK-01819,mantenimiento_operativo,team_alpha,2026-02-25 23:46:52.786827,2026-02-26 14:21:46.875944,14.6,True,0,True,True,False,False
TCK-01820,soporte_reactivo,team_growth,2026-07-27 17:00:53.461105,2026-07-28 19:16:54.712207,26.3,False,0,False,False,False,False
TCK-01821,mantenimiento_operativo,team_alpha,2026-02-25 04:48:37.563516,2026-02-26 06:08:27.693703,25.3,False,0,False,False,False,False
TCK-01822,cumplimiento_regulatorio,team_gamma,2026-05-23 21:16:40.840272,2026-05-24 12:08:25.964836,14.9,True,0,False,False,False,False
TCK-01823,mantenimiento_operativo,team_gamma,2026-07-16 11:46:15.718581,2026-07-17 02:27:42.679332,14.7,False,0,True,True,False,False
TCK-01824,soporte_reactivo,team_alpha,2026-06-24 19:18:09.347155,2026-06-25 08:37:58.648257,13.3,False,0,False,False,False,False
TCK-01825,retencion_clientes,team_alpha,2026-06-15 21:57:22.103954,2026-06-16 08:40:42.305471,10.7,False,0,False,False,False,False
TCK-01826,mantenimiento_operativo,team_beta,2026-06-23 21:14:32.200421,2026-06-25 05:43:18.310806,32.5,False,0,False,True,True,False
TCK-01827,mantenimiento_operativo,team_alpha,2026-01-03 05:36:59.559161,2026-01-03 20:55:07.775922,15.3,False,0,False,True,False,False
TCK-01828,mantenimiento_operativo,team_gamma,2026-07-03 22:19:25.932905,2026-07-04 13:41:18.743011,15.4,False,0,False,True,False,False
TCK-01829,cumplimiento_regulatorio,team_alpha,2026-01-26 05:29:28.520964,2026-01-27 03:02:41.489825,21.6,False,0,False,False,False,False
TCK-01830,retencion_clientes,team_growth,2026-04-06 07:53:52.991947,2026-04-07 21:42:45.310117,37.8,False,0,False,False,False,False
TCK-01831,cumplimiento_regulatorio,team_growth,2026-08-08 19:39:11.580053,2026-08-11 05:05:08.144444,57.4,True,0,False,False,False,False
TCK-01832,mantenimiento_operativo,team_alpha,2026-03-15 19:59:57.033951,2026-03-16 11:25:29.295163,15.4,False,0,False,True,False,False
TCK-01833,mantenimiento_operativo,team_alpha,2026-08-01 16:36:57.839566,2026-08-02 01:25:32.097717,8.8,False,0,True,False,False,False
TCK-01834,retencion_clientes,team_growth,2026-07-26 01:07:24.438393,2026-07-27 08:40:39.779068,31.6,False,0,False,False,False,False
TCK-01835,cumplimiento_regulatorio,team_gamma,2026-02-25 08:05:17.483283,2026-02-26 04:50:38.293777,20.8,False,0,False,False,False,False
TCK-01836,soporte_reactivo,team_alpha,2025-12-24 10:19:25.055805,2025-12-25 16:36:53.322404,30.3,False,0,False,False,False,False
TCK-01837,cumplimiento_regulatorio,team_alpha,2026-05-23 09:57:19.691321,2026-05-23 21:23:47.633551,11.4,False,0,False,False,False,False
TCK-01838,mantenimiento_operativo,team_beta,2026-05-26 20:44:19.629083,2026-05-27 03:54:49.755694,7.2,False,0,False,True,False,False
TCK-01839,deuda_tecnica_critica,team_growth,2026-08-31 09:37:18.791589,,,False,0,False,False,False,False
TCK-01840,mantenimiento_operativo,team_alpha,2025-12-16 15:55:51.154738,2025-12-17 02:13:53.460690,10.3,False,0,False,False,False,False
TCK-01841,mantenimiento_operativo,team_beta,2026-02-28 16:07:55.302966,2026-03-01 13:12:20.898001,21.1,False,0,False,True,False,False
TCK-01842,cumplimiento_regulatorio,team_growth,2026-04-17 08:21:16.291876,2026-04-20 14:23:15.201530,78.0,False,0,False,False,False,False
TCK-01843,soporte_reactivo,team_beta,2026-04-28 02:28:16.407075,2026-04-29 04:10:39.032910,25.7,False,0,False,False,False,False
TCK-01844,soporte_reactivo,team_beta,2026-07-07 11:38:29.754409,2026-07-08 13:55:22.901710,26.3,False,0,False,False,False,False
TCK-01845,deuda_tecnica_critica,team_growth,2026-02-09 23:14:42.400510,2026-02-10 15:22:46.308426,16.1,False,0,False,True,False,False
TCK-01846,soporte_reactivo,team_alpha,2026-04-19 14:10:48.986006,2026-04-20 11:15:42.797861,21.1,False,0,False,False,False,False
TCK-01847,retencion_clientes,team_alpha,2026-02-16 19:12:12.069929,2026-02-17 15:29:19.390526,20.3,False,0,False,False,False,False
TCK-01848,retencion_clientes,team_alpha,2026-02-14 19:04:24.883131,2026-02-15 06:07:49.936842,11.1,False,0,False,False,False,False
TCK-01849,deuda_tecnica_critica,team_growth,2026-02-28 17:24:44.296894,2026-03-01 07:12:53.683622,13.8,False,0,False,False,False,False
TCK-01850,mantenimiento_operativo,team_gamma,2026-05-22 14:41:45.369739,2026-05-23 06:43:54.058729,16.0,False,0,True,True,False,False
TCK-01851,cumplimiento_regulatorio,team_alpha,2026-03-24 07:37:01.587981,2026-03-24 20:38:28.613361,13.0,False,0,False,False,False,False
TCK-01852,deuda_tecnica_critica,team_growth,2025-12-22 10:21:08.409066,2025-12-23 20:36:07.306429,34.2,False,0,False,False,False,False
TCK-01853,soporte_reactivo,team_beta,2026-06-01 17:57:16.456736,2026-06-03 14:00:25.749642,44.1,False,4,False,False,False,False
TCK-01854,deuda_tecnica_critica,team_growth,2025-12-26 02:04:51.000601,2025-12-28 11:10:42.663266,57.1,False,0,False,True,False,False
TCK-01855,soporte_reactivo,team_beta,2026-08-13 06:38:18.640170,2026-08-14 08:19:40.301481,25.7,False,0,False,False,False,False
TCK-01856,mantenimiento_operativo,team_alpha,2026-04-17 08:08:13.145429,2026-04-17 17:10:16.645490,9.0,False,0,False,True,False,False
TCK-01857,retencion_clientes,team_growth,2026-07-07 08:23:31.640123,2026-07-08 20:49:42.767778,36.4,True,0,False,False,False,False
TCK-01858,mantenimiento_operativo,team_gamma,2026-08-13 05:14:03.647008,2026-08-14 14:23:34.837208,33.2,False,0,False,True,False,False
TCK-01859,soporte_reactivo,team_alpha,2026-01-13 02:42:18.714615,2026-01-13 12:49:08.783842,10.1,False,0,False,False,False,False
TCK-01860,cumplimiento_regulatorio,team_gamma,2026-02-06 23:09:19.353549,2026-02-07 05:23:24.071045,6.2,False,0,False,False,False,False
TCK-01861,cumplimiento_regulatorio,team_alpha,2026-08-06 03:15:05.676371,2026-08-06 17:23:45.853518,14.1,False,0,False,False,False,False
TCK-01862,mantenimiento_operativo,team_gamma,2026-05-01 03:43:29.460871,2026-05-02 01:15:01.592291,21.5,False,0,False,False,False,False
TCK-01863,cumplimiento_regulatorio,team_gamma,2026-01-02 23:15:49.108553,2026-01-03 23:56:15.927714,24.7,False,0,False,False,False,False
TCK-01864,deuda_tecnica_critica,team_beta,2026-03-20 11:13:39.414837,2026-03-26 11:22:27.601682,144.1,False,0,False,False,False,False
TCK-01865,retencion_clientes,team_beta,2026-01-21 14:26:41.272371,2026-01-21 23:54:46.182208,9.5,False,0,False,False,False,False
TCK-01866,soporte_reactivo,team_beta,2026-03-05 21:32:46.832526,2026-03-06 06:15:25.757546,8.7,False,0,False,False,False,False
TCK-01867,cumplimiento_regulatorio,team_growth,2026-08-14 15:01:46.707889,2026-08-17 15:01:50.315343,72.0,False,0,False,False,False,False
TCK-01868,mantenimiento_operativo,team_alpha,2026-05-09 17:43:59.010715,2026-05-10 10:19:47.884487,16.6,False,0,False,True,False,False
TCK-01869,deuda_tecnica_critica,team_beta,2026-01-05 18:13:39.151853,2026-01-11 21:41:20.507783,147.5,False,0,False,False,False,False
TCK-01870,retencion_clientes,team_growth,2026-06-21 06:17:03.914985,2026-06-23 01:43:12.344832,43.4,False,0,False,False,False,False
TCK-01871,mantenimiento_operativo,team_beta,2026-06-24 21:37:15.442310,2026-06-25 10:45:58.878029,13.1,False,0,False,False,False,False
TCK-01872,deuda_tecnica_critica,team_gamma,2026-07-02 21:17:03.109211,2026-07-08 05:09:39.847012,127.9,False,0,False,False,False,False
TCK-01873,mantenimiento_operativo,team_growth,2026-04-10 18:49:37.122890,2026-04-12 04:15:29.368417,33.4,False,0,False,True,False,False
TCK-01874,cumplimiento_regulatorio,team_beta,2026-07-26 12:30:17.714974,2026-07-28 00:36:26.157988,36.1,False,0,False,False,False,False
TCK-01875,cumplimiento_regulatorio,team_growth,2026-04-24 18:05:34.282567,2026-04-26 05:20:59.528487,35.3,False,0,False,False,False,False
TCK-01876,mantenimiento_operativo,team_gamma,2026-04-02 07:55:49.123042,2026-04-03 13:16:22.095614,29.3,False,0,True,True,False,False
TCK-01877,soporte_reactivo,team_gamma,2026-07-18 18:15:53.802030,2026-07-19 07:30:58.807341,13.3,False,0,False,False,False,False
TCK-01878,retencion_clientes,team_gamma,2026-06-04 17:29:58.741981,2026-06-05 20:40:39.696527,27.2,False,0,False,False,False,False
TCK-01879,mantenimiento_operativo,team_growth,2026-07-19 12:38:17.735957,2026-07-20 17:37:55.935826,29.0,False,0,True,True,False,False
TCK-01880,cumplimiento_regulatorio,team_beta,2026-07-11 13:13:06.560581,2026-07-11 22:17:19.862935,9.1,False,0,False,False,False,False
TCK-01881,mantenimiento_operativo,team_beta,2026-03-06 01:23:19.576817,2026-03-06 22:06:48.317983,20.7,False,0,False,True,False,False
TCK-01882,retencion_clientes,team_growth,2026-01-24 19:28:31.768260,2026-01-25 15:25:16.314851,19.9,False,0,False,False,False,False
TCK-01883,soporte_reactivo,team_beta,2026-08-05 05:02:12.906272,2026-08-06 21:17:41.062046,40.3,True,4,False,False,False,False
TCK-01884,deuda_tecnica_critica,team_alpha,2026-04-22 16:29:31.051282,2026-05-05 14:23:19.114056,309.9,False,0,False,False,False,False
TCK-01885,retencion_clientes,team_growth,2026-06-01 16:06:52.730296,2026-06-02 22:07:13.774782,30.0,False,0,False,False,False,False
TCK-01886,mantenimiento_operativo,team_gamma,2026-01-19 12:38:17.202347,2026-01-20 03:35:55.274498,15.0,False,0,True,False,False,False
TCK-01887,deuda_tecnica_critica,team_gamma,2026-02-01 20:44:57.256819,2026-02-05 16:39:57.947264,91.9,False,0,False,False,False,False
TCK-01888,deuda_tecnica_critica,team_gamma,2026-06-17 14:11:32.971700,2026-06-18 11:54:51.727286,21.7,False,0,False,False,False,False
TCK-01889,soporte_reactivo,team_beta,2026-04-03 17:20:05.031091,2026-04-04 09:46:21.308113,16.4,False,0,False,False,False,False
TCK-01890,retencion_clientes,team_growth,2026-02-08 21:55:49.378853,2026-02-09 19:53:52.713914,22.0,True,0,False,False,False,False
TCK-01891,soporte_reactivo,team_gamma,2026-09-01 08:43:25.220336,2026-09-02 13:01:07.428058,28.3,True,0,False,False,False,False
TCK-01892,retencion_clientes,team_alpha,2026-07-05 06:55:38.412341,2026-07-06 03:51:10.807781,20.9,False,0,False,False,False,False
TCK-01893,mantenimiento_operativo,team_beta,2026-05-02 09:16:02.018932,2026-05-02 20:13:49.989319,11.0,False,0,False,True,False,False
TCK-01894,soporte_reactivo,team_gamma,2026-03-07 00:12:58.317534,2026-03-07 18:02:00.249374,17.8,False,0,False,False,False,False
TCK-01895,cumplimiento_regulatorio,team_growth,2026-01-31 10:47:53.507941,2026-02-01 15:40:30.834890,28.9,False,0,False,False,False,False
TCK-01896,mantenimiento_operativo,team_beta,2026-05-17 04:18:57.275798,2026-05-17 21:40:21.290087,17.4,False,0,True,False,False,False
TCK-01897,cumplimiento_regulatorio,team_growth,2026-05-14 11:54:09.734491,2026-05-16 04:20:52.814086,40.4,False,0,False,False,False,False
TCK-01898,cumplimiento_regulatorio,team_alpha,2026-04-05 17:52:14.699954,2026-04-06 19:28:58.817658,25.6,False,0,False,False,False,False
TCK-01899,soporte_reactivo,team_gamma,2026-08-06 02:04:41.319956,2026-08-08 17:09:13.214573,63.1,False,4,False,False,False,False
TCK-01900,deuda_tecnica_critica,team_growth,2026-01-25 07:40:18.165656,2026-01-26 12:34:34.467892,28.9,False,0,False,False,False,False
TCK-01901,mantenimiento_operativo,team_beta,2026-02-10 16:30:56.932236,2026-02-11 09:23:44.439269,16.9,False,0,False,True,False,False
TCK-01902,soporte_reactivo,team_alpha,2026-03-04 19:46:59.655614,2026-03-07 05:06:01.832825,57.3,True,4,False,False,False,False
TCK-01903,soporte_reactivo,team_alpha,2026-04-20 23:32:13.150646,2026-04-21 09:59:28.957958,10.5,False,0,False,False,False,False
TCK-01904,soporte_reactivo,team_growth,2026-05-12 16:43:37.866578,2026-05-17 15:46:46.760700,119.1,False,4,False,False,False,False
TCK-01905,cumplimiento_regulatorio,team_gamma,2026-07-02 18:30:39.681809,2026-07-03 03:51:04.013704,9.3,False,0,False,False,False,False
TCK-01906,mantenimiento_operativo,team_beta,2026-04-17 06:39:37.203282,2026-04-17 14:10:05.457535,7.5,False,0,False,False,False,False
TCK-01907,mantenimiento_operativo,team_alpha,2026-06-20 13:00:03.522551,2026-06-21 21:08:52.670690,32.1,False,0,False,True,True,False
TCK-01908,soporte_reactivo,team_beta,2026-02-12 20:29:03.663110,2026-02-14 01:28:34.978044,29.0,False,4,False,False,False,False
TCK-01909,mantenimiento_operativo,team_beta,2026-02-26 10:15:50.236332,2026-02-26 21:32:52.657315,11.3,False,0,False,True,False,False
TCK-01910,soporte_reactivo,team_gamma,2026-01-01 19:48:19.989417,2026-01-03 15:00:20.082711,43.2,True,4,False,False,False,False
TCK-01911,retencion_clientes,team_gamma,2026-08-17 21:22:39.250281,2026-08-18 07:03:58.333278,9.7,False,0,False,False,False,False
TCK-01912,retencion_clientes,team_alpha,2026-08-05 13:26:51.669997,2026-08-06 11:58:08.440728,22.5,False,0,False,False,False,False
TCK-01913,mantenimiento_operativo,team_gamma,2026-02-23 13:48:24.225343,2026-02-23 22:02:45.752296,8.2,False,0,False,True,False,False
TCK-01914,soporte_reactivo,team_alpha,2026-02-08 19:24:02.183237,2026-02-09 13:38:04.126977,18.2,False,0,False,False,False,False
TCK-01915,retencion_clientes,team_growth,2026-07-11 18:54:50.570243,2026-07-13 00:40:21.901824,29.8,False,0,False,False,False,False
TCK-01916,soporte_reactivo,team_alpha,2026-03-03 01:07:38.030781,2026-03-05 22:06:18.351876,69.0,False,4,False,False,False,False
TCK-01917,retencion_clientes,team_growth,2026-02-17 16:02:09.155127,2026-02-18 22:48:06.183366,30.8,False,0,False,False,False,False
TCK-01918,cumplimiento_regulatorio,team_alpha,2026-01-30 05:52:13.924632,2026-01-30 13:16:17.766477,7.4,False,0,False,False,False,False
TCK-01919,retencion_clientes,team_alpha,2026-03-14 05:18:58.060826,2026-03-15 00:59:22.015245,19.7,False,0,False,False,False,False
TCK-01920,cumplimiento_regulatorio,team_gamma,2026-03-15 17:10:46.617066,2026-03-16 05:33:38.757708,12.4,False,0,False,False,False,False
TCK-01921,mantenimiento_operativo,team_gamma,2026-07-18 16:29:52.162731,2026-07-19 15:05:25.697098,22.6,False,0,False,True,False,False
TCK-01922,deuda_tecnica_critica,team_beta,2025-12-24 11:46:41.676653,2026-01-06 11:14:41.361038,311.5,False,0,False,False,False,False
TCK-01923,cumplimiento_regulatorio,team_beta,2026-02-03 04:42:42.392670,2026-02-04 03:02:57.389636,22.3,False,0,False,False,False,False
TCK-01924,mantenimiento_operativo,team_gamma,2025-12-23 05:39:44.993841,2025-12-23 17:49:11.844468,12.2,False,0,False,True,False,False
TCK-01925,retencion_clientes,team_alpha,2026-09-03 21:13:48.854006,2026-09-04 22:34:52.126789,25.4,False,0,False,False,False,False
TCK-01926,soporte_reactivo,team_growth,2026-08-05 18:23:39.468375,2026-08-08 06:35:02.290955,60.2,False,4,False,False,False,False
TCK-01927,soporte_reactivo,team_alpha,2026-01-22 11:26:40.064781,2026-01-23 08:02:58.154614,20.6,False,0,False,False,False,False
TCK-01928,retencion_clientes,team_growth,2026-05-04 18:24:58.363092,2026-05-06 10:20:46.326777,39.9,False,0,False,False,False,False
TCK-01929,mantenimiento_operativo,team_gamma,2026-07-17 01:06:53.174575,2026-07-17 14:48:41.707406,13.7,False,0,True,False,False,False
TCK-01930,soporte_reactivo,team_beta,2026-06-04 19:17:50.212520,2026-06-06 23:34:38.432094,52.3,True,4,False,False,False,False
TCK-01931,mantenimiento_operativo,team_alpha,2026-01-12 11:47:51.344348,2026-01-13 14:36:52.786925,26.8,False,0,False,False,False,False
TCK-01932,cumplimiento_regulatorio,team_alpha,2026-03-02 16:06:55.063751,2026-03-03 22:54:55.272156,30.8,True,0,False,False,False,False
TCK-01933,deuda_tecnica_critica,team_alpha,2026-05-12 13:45:38.861440,2026-05-13 04:46:45.519598,15.0,False,0,False,True,False,False
TCK-01934,retencion_clientes,team_alpha,2026-04-18 12:13:55.924142,2026-04-19 11:23:57.856520,23.2,False,0,False,False,False,False
TCK-01935,cumplimiento_regulatorio,team_beta,2026-04-02 00:53:01.842333,2026-04-02 16:21:37.021378,15.5,False,0,False,False,False,False
TCK-01936,mantenimiento_operativo,team_gamma,2026-03-07 11:32:53.960740,2026-03-08 01:11:37.965959,13.6,False,0,False,False,False,False
TCK-01937,cumplimiento_regulatorio,team_alpha,2026-08-10 05:58:09.832409,2026-08-10 16:27:21.649368,10.5,False,0,False,False,False,False
TCK-01938,cumplimiento_regulatorio,team_growth,2026-02-18 03:10:11.255190,2026-02-19 00:57:31.659521,21.8,False,0,False,False,False,False
TCK-01939,retencion_clientes,team_growth,2026-04-06 05:05:59.629037,2026-04-07 20:01:56.166039,38.9,False,0,False,False,False,False
TCK-01940,soporte_reactivo,team_gamma,2026-06-25 22:33:16.811224,2026-06-28 04:33:28.341987,54.0,False,4,False,False,False,False
TCK-01941,soporte_reactivo,team_gamma,2026-03-06 06:25:21.199879,2026-03-06 20:15:43.652543,13.8,False,0,False,False,False,False
TCK-01942,soporte_reactivo,team_gamma,2026-08-04 17:57:04.531745,2026-08-05 18:15:00.355435,24.3,False,0,False,False,False,False
TCK-01943,cumplimiento_regulatorio,team_growth,2025-12-20 08:03:30.610037,2025-12-21 09:59:40.307142,25.9,False,0,False,False,False,False
TCK-01944,retencion_clientes,team_beta,2026-03-15 22:16:48.166869,2026-03-16 16:48:21.542765,18.5,False,0,False,False,False,False
TCK-01945,mantenimiento_operativo,team_beta,2026-02-14 08:38:54.489078,2026-02-14 22:04:31.788169,13.4,False,0,True,True,False,False
TCK-01946,cumplimiento_regulatorio,team_beta,2025-12-23 09:10:34.479143,2025-12-24 02:20:37.978435,17.2,False,0,False,False,False,False
TCK-01947,deuda_tecnica_critica,team_beta,2026-03-27 17:22:49.149315,2026-03-28 13:13:49.061621,19.8,False,0,False,False,False,False
TCK-01948,deuda_tecnica_critica,team_alpha,2026-01-26 22:49:46.560471,2026-02-09 08:33:08.360172,321.7,True,0,False,False,False,False
TCK-01949,retencion_clientes,team_beta,2026-02-10 11:04:16.558886,2026-02-11 04:03:26.547218,17.0,True,0,False,False,False,False
TCK-01950,mantenimiento_operativo,team_alpha,2026-04-09 09:37:29.202432,2026-04-10 03:42:14.776476,18.1,False,0,True,True,False,False
TCK-01951,soporte_reactivo,team_gamma,2026-04-14 11:48:04.590825,2026-04-14 22:43:50.595046,10.9,False,0,False,False,False,False
TCK-01952,soporte_reactivo,team_beta,2026-02-16 11:21:24.142083,2026-02-16 22:21:56.600235,11.0,False,0,False,False,False,False
TCK-01953,mantenimiento_operativo,team_beta,2026-07-11 16:52:54.035677,2026-07-12 21:16:39.333466,28.4,False,0,False,False,False,False
TCK-01954,cumplimiento_regulatorio,team_growth,2025-12-31 20:30:31.246653,2026-01-01 21:46:02.056790,25.3,False,0,False,False,False,False
TCK-01955,deuda_tecnica_critica,team_alpha,2026-03-11 11:31:40.233947,2026-03-21 14:50:22.417461,243.3,False,0,False,False,False,False
TCK-01956,deuda_tecnica_critica,team_growth,2026-08-19 03:00:55.406548,2026-08-24 12:36:34.499442,129.6,False,0,False,False,False,False
TCK-01957,soporte_reactivo,team_alpha,2026-01-04 08:27:15.675615,2026-01-04 22:08:04.334878,13.7,False,0,False,False,False,False
TCK-01958,soporte_reactivo,team_alpha,2026-05-26 00:54:10.098688,2026-05-27 03:52:32.685071,27.0,False,4,False,False,False,False
TCK-01959,retencion_clientes,team_growth,2026-01-18 23:30:40.716548,2026-01-19 13:20:56.705931,13.8,False,0,False,False,False,False
TCK-01960,deuda_tecnica_critica,team_growth,2026-01-04 08:14:17.623779,2026-01-05 10:38:05.383628,26.4,False,0,False,False,False,False
TCK-01961,cumplimiento_regulatorio,team_alpha,2026-01-28 17:55:30.346962,2026-01-29 12:14:43.708458,18.3,False,0,False,False,False,False
TCK-01962,soporte_reactivo,team_gamma,2026-01-23 16:01:10.088019,2026-01-24 07:12:56.386678,15.2,False,0,False,False,False,False
TCK-01963,retencion_clientes,team_gamma,2026-03-09 14:08:15.811192,2026-03-10 03:05:55.734680,13.0,False,0,False,False,False,False
TCK-01964,cumplimiento_regulatorio,team_growth,2026-07-20 02:58:04.840906,2026-07-22 14:58:52.963492,60.0,False,0,False,False,False,False
TCK-01965,mantenimiento_operativo,team_beta,2026-08-27 09:31:47.747459,2026-08-27 23:51:01.430558,14.3,True,0,False,False,False,False
TCK-01966,mantenimiento_operativo,team_growth,2026-08-05 11:11:24.117198,2026-08-06 17:50:04.111867,30.6,False,0,False,True,False,False
TCK-01967,cumplimiento_regulatorio,team_gamma,2026-01-04 16:57:25.437199,2026-01-04 23:48:43.044360,6.9,False,0,False,False,False,False
TCK-01968,mantenimiento_operativo,team_beta,2026-04-26 03:12:00.556970,2026-04-26 17:47:17.490267,14.6,False,0,False,False,False,False
TCK-01969,retencion_clientes,team_gamma,2025-12-30 03:20:08.118411,2025-12-31 01:42:25.518255,22.4,False,0,False,False,False,False
TCK-01970,cumplimiento_regulatorio,team_beta,2026-02-05 12:54:41.880471,2026-02-05 21:24:17.418147,8.5,False,0,False,False,False,False
TCK-01971,deuda_tecnica_critica,team_growth,2026-04-13 08:53:53.900430,2026-04-26 03:52:39.455461,307.0,False,0,False,False,False,False
TCK-01972,deuda_tecnica_critica,team_beta,2026-07-23 02:48:24.391726,2026-07-24 03:27:07.629105,24.6,False,0,False,True,False,False
TCK-01973,soporte_reactivo,team_beta,2026-07-03 20:24:50.795792,2026-07-04 06:00:57.730903,9.6,False,0,False,False,False,False
TCK-01974,deuda_tecnica_critica,team_growth,2026-06-03 11:33:15.122596,2026-06-12 01:33:00.510878,206.0,False,0,False,True,False,False
TCK-01975,soporte_reactivo,team_beta,2026-09-03 11:57:49.856542,2026-09-03 21:54:41.624763,9.9,False,0,False,False,False,False
TCK-01976,retencion_clientes,team_alpha,2026-03-25 12:54:52.792586,2026-03-27 03:12:21.636158,38.3,False,0,False,False,False,False
TCK-01977,soporte_reactivo,team_alpha,2026-02-11 19:26:53.463214,2026-02-12 22:48:11.751650,27.4,False,4,False,False,False,False
TCK-01978,soporte_reactivo,team_gamma,2026-02-10 23:20:56.286566,2026-02-11 19:48:28.718221,20.5,False,0,False,False,False,False
TCK-01979,mantenimiento_operativo,team_gamma,2025-12-29 14:36:36.022085,2025-12-30 08:30:32.790513,17.9,False,0,True,True,False,False
TCK-01980,retencion_clientes,team_growth,2026-01-09 13:05:55.246749,2026-01-11 01:51:10.321146,36.8,False,0,False,False,False,False
TCK-01981,cumplimiento_regulatorio,team_growth,2026-05-02 02:29:09.022715,2026-05-04 07:17:58.260862,52.8,False,0,False,False,False,False
TCK-01982,deuda_tecnica_critica,team_growth,2026-06-29 08:57:44.925388,2026-06-30 22:09:31.371269,37.2,False,0,False,True,False,False
TCK-01983,soporte_reactivo,team_alpha,2026-03-25 17:30:59.006179,2026-03-26 22:55:57.654463,29.4,False,0,False,False,False,False
TCK-01984,soporte_reactivo,team_gamma,2026-08-25 14:47:59.543925,2026-08-27 12:07:21.816993,45.3,False,4,False,False,False,False
TCK-01985,deuda_tecnica_critica,team_gamma,2026-04-08 17:32:04.079569,2026-04-09 01:21:18.287578,7.8,False,0,False,False,False,False
TCK-01986,deuda_tecnica_critica,team_beta,2026-04-17 19:29:05.109370,2026-04-24 17:54:11.874372,166.4,False,0,False,True,False,False
TCK-01987,soporte_reactivo,team_gamma,2026-05-02 14:34:58.975891,2026-05-03 01:11:58.986228,10.6,False,0,False,False,False,False
TCK-01988,mantenimiento_operativo,team_alpha,2026-01-18 12:23:31.429747,2026-01-18 22:19:59.060497,9.9,False,0,False,True,False,False
TCK-01989,deuda_tecnica_critica,team_alpha,2026-03-03 21:13:57.713198,2026-03-04 06:26:07.879581,9.2,False,0,False,True,False,False
TCK-01990,soporte_reactivo,team_growth,2026-01-04 18:26:46.166453,2026-01-05 13:48:15.480123,19.4,False,0,False,False,False,False
TCK-01991,mantenimiento_operativo,team_alpha,2026-07-29 07:09:12.937434,2026-07-29 19:26:24.809179,12.3,False,0,False,False,False,False
TCK-01992,mantenimiento_operativo,team_alpha,2026-03-19 02:09:14.990597,2026-03-19 15:42:22.396718,13.6,False,0,True,True,False,False
TCK-01993,cumplimiento_regulatorio,team_alpha,2026-01-25 17:52:36.933269,2026-01-26 11:26:18.729912,17.6,False,0,False,False,False,False
TCK-01994,soporte_reactivo,team_beta,2026-01-08 18:13:42.919893,2026-01-11 10:59:10.207357,64.8,False,4,False,False,False,False
TCK-01995,soporte_reactivo,team_gamma,2026-06-20 10:20:58.957343,2026-06-21 13:30:06.512747,27.2,False,4,False,False,False,False
TCK-01996,soporte_reactivo,team_beta,2026-03-02 23:10:56.467554,2026-03-03 12:24:48.795542,13.2,False,0,False,False,False,False
TCK-01997,cumplimiento_regulatorio,team_growth,2026-03-28 05:48:31.720010,2026-04-01 17:15:46.759123,107.5,True,0,False,False,False,False
TCK-01998,soporte_reactivo,team_beta,2026-09-06 00:39:23.450579,2026-09-07 00:01:15.293701,23.4,False,0,False,False,False,False
TCK-01999,soporte_reactivo,team_gamma,2026-08-08 22:51:32.079056,2026-08-09 23:45:24.108310,24.9,False,4,False,False,False,False
TCK-02000,soporte_reactivo,team_alpha,2026-05-13 15:16:56.090668,2026-05-14 05:43:31.981963,14.4,False,0,False,False,False,False
TCK-02001,deuda_tecnica_critica,team_alpha,2026-06-26 15:07:21.337865,2026-07-02 07:06:59.531747,136.0,False,0,False,False,False,False
TCK-02002,soporte_reactivo,team_alpha,2026-01-02 20:32:48.949700,2026-01-03 13:15:30.362674,16.7,False,0,False,False,False,False
TCK-02003,mantenimiento_operativo,team_beta,2026-08-25 14:41:52.614773,2026-08-25 21:39:42.222717,7.0,False,0,True,True,False,False
TCK-02004,retencion_clientes,team_growth,2026-02-18 14:55:40.663733,2026-02-19 22:15:16.909722,31.3,False,0,False,False,False,False
TCK-02005,mantenimiento_operativo,team_alpha,2026-07-11 00:35:25.151924,2026-07-11 06:31:46.047109,5.9,False,0,True,False,False,False
TCK-02006,retencion_clientes,team_beta,2026-06-30 22:05:47.712432,2026-07-01 04:43:24.003887,6.6,False,0,False,False,False,False
TCK-02007,soporte_reactivo,team_beta,2026-05-20 06:36:28.549092,2026-05-22 12:26:35.992676,53.8,False,4,False,False,False,False
TCK-02008,mantenimiento_operativo,team_alpha,2026-03-31 21:05:49.649428,2026-04-01 01:56:01.209959,4.8,False,0,False,True,False,False
TCK-02009,soporte_reactivo,team_gamma,2026-06-27 11:35:37.691943,2026-06-28 01:48:23.748395,14.2,False,0,False,False,False,False
TCK-02010,deuda_tecnica_critica,team_growth,2026-05-01 19:37:43.005473,2026-05-28 01:32:08.522412,629.9,False,0,False,False,False,False
TCK-02011,soporte_reactivo,team_alpha,2026-07-18 14:34:24.265996,2026-07-19 01:37:05.566307,11.0,False,0,False,False,False,False
TCK-02012,deuda_tecnica_critica,team_growth,2026-07-25 21:36:56.484902,2026-08-05 06:25:40.240258,248.8,False,0,False,False,False,False
TCK-02013,soporte_reactivo,team_gamma,2026-04-12 04:35:40.215885,2026-04-14 07:03:17.335797,50.5,False,4,False,False,False,False
TCK-02014,mantenimiento_operativo,team_alpha,2026-07-09 10:47:57.516457,2026-07-12 00:48:36.254956,62.0,False,0,False,True,False,False
TCK-02015,cumplimiento_regulatorio,team_growth,2026-09-05 08:46:43.357655,2026-09-06 09:17:39.037519,24.5,False,0,False,False,False,False
TCK-02016,mantenimiento_operativo,team_beta,2025-12-19 20:54:21.397232,2025-12-20 04:14:01.453798,7.3,False,0,False,True,False,False
TCK-02017,soporte_reactivo,team_gamma,2026-02-02 09:09:56.125638,2026-02-02 19:54:13.709656,10.7,False,0,False,False,False,False
TCK-02018,mantenimiento_operativo,team_alpha,2026-06-03 16:38:59.374954,2026-06-04 01:53:14.444394,9.2,False,0,False,True,False,False
TCK-02019,soporte_reactivo,team_gamma,2026-08-23 20:24:46.354520,2026-08-25 01:17:44.946954,28.9,False,0,False,False,False,False
TCK-02020,mantenimiento_operativo,team_gamma,2026-06-10 03:52:34.144983,2026-06-10 14:46:37.460298,10.9,False,0,False,True,False,False
TCK-02021,soporte_reactivo,team_gamma,2026-03-25 03:13:48.627491,2026-03-25 10:05:00.381508,6.9,False,0,False,False,False,False
TCK-02022,retencion_clientes,team_beta,2026-08-04 14:36:52.520699,2026-08-05 08:22:48.044043,17.8,False,0,False,False,False,False
TCK-02023,cumplimiento_regulatorio,team_growth,2026-07-24 21:18:53.928783,2026-07-25 12:18:57.096349,15.0,False,0,False,False,False,False
TCK-02024,deuda_tecnica_critica,team_growth,2026-04-20 04:33:25.613988,2026-04-21 07:07:34.475864,26.6,False,0,False,True,False,False
TCK-02025,mantenimiento_operativo,team_gamma,2026-08-04 06:15:41.301822,2026-08-04 23:28:16.025300,17.2,False,0,False,True,False,False
TCK-02026,soporte_reactivo,team_alpha,2026-05-23 06:48:04.756569,2026-05-23 13:34:52.837540,6.8,False,0,False,False,False,False
TCK-02027,soporte_reactivo,team_gamma,2026-09-03 14:45:42.320266,2026-09-04 17:20:30.962796,26.6,False,0,False,False,False,False
TCK-02028,cumplimiento_regulatorio,team_beta,2026-05-21 19:14:51.039751,2026-05-22 06:16:24.388711,11.0,False,0,False,False,False,False
TCK-02029,mantenimiento_operativo,team_gamma,2026-03-19 10:24:13.310838,2026-03-19 17:39:58.859333,7.3,False,0,True,True,False,False
TCK-02030,mantenimiento_operativo,team_alpha,2026-02-14 12:33:58.888768,2026-02-14 22:13:04.818543,9.7,False,0,False,False,False,False
TCK-02031,soporte_reactivo,team_gamma,2026-07-15 17:01:07.891352,2026-07-16 05:10:03.447352,12.1,False,0,False,False,False,False
TCK-02032,mantenimiento_operativo,team_beta,2026-02-03 07:22:39.605207,2026-02-03 17:06:30.379088,9.7,False,0,True,False,False,False
TCK-02033,mantenimiento_operativo,team_beta,2026-05-12 04:29:09.027805,2026-05-12 21:32:55.449896,17.1,False,0,False,True,False,False
TCK-02034,cumplimiento_regulatorio,team_alpha,2026-01-10 05:21:28.784549,2026-01-11 07:07:51.679033,25.8,False,0,False,False,False,False
TCK-02035,cumplimiento_regulatorio,team_alpha,2026-01-21 08:07:52.387166,2026-01-21 19:08:49.889710,11.0,False,0,False,False,False,False
TCK-02036,retencion_clientes,team_growth,2026-07-28 12:38:40.605410,2026-07-29 17:05:50.619264,28.5,False,0,False,False,False,False
TCK-02037,mantenimiento_operativo,team_alpha,2025-12-23 23:49:59.412715,2025-12-24 11:33:03.373432,11.7,False,0,False,True,False,False
TCK-02038,soporte_reactivo,team_beta,2026-07-24 22:09:40.969698,2026-07-26 09:42:53.555635,35.6,False,0,False,False,False,False
TCK-02039,deuda_tecnica_critica,team_alpha,2026-05-28 11:52:04.706790,2026-05-28 23:35:05.810549,11.7,False,0,False,True,False,False
TCK-02040,deuda_tecnica_critica,team_beta,2026-02-11 10:23:27.405263,2026-02-11 22:28:41.015112,12.1,False,0,False,False,False,False
TCK-02041,soporte_reactivo,team_alpha,2026-04-01 13:41:34.077530,2026-04-02 23:09:23.253616,33.5,False,4,False,False,False,False
TCK-02042,mantenimiento_operativo,team_alpha,2026-03-03 23:14:14.024453,2026-03-04 17:43:43.758678,18.5,False,0,False,True,False,False
TCK-02043,mantenimiento_operativo,team_beta,2026-05-28 08:38:08.277300,2026-05-28 19:37:06.316240,11.0,False,0,False,True,False,False
TCK-02044,soporte_reactivo,team_alpha,2026-08-24 18:52:58.715333,2026-08-25 12:27:31.705209,17.6,False,0,False,False,False,False
TCK-02045,retencion_clientes,team_alpha,2026-06-15 23:33:39.793604,2026-06-16 17:22:24.092581,17.8,False,0,False,False,False,False
TCK-02046,mantenimiento_operativo,team_beta,2026-08-11 20:19:00.604456,2026-08-12 04:28:43.413063,8.2,False,0,True,True,False,False
TCK-02047,cumplimiento_regulatorio,team_growth,2026-06-04 21:27:53.571858,2026-06-05 15:46:45.050490,18.3,False,0,False,False,False,False
TCK-02048,soporte_reactivo,team_gamma,2026-07-18 17:22:41.854422,2026-07-19 10:12:48.162305,16.8,False,0,False,False,False,False
TCK-02049,deuda_tecnica_critica,team_alpha,2026-08-22 12:14:23.849872,2026-08-27 05:02:05.633342,112.8,False,0,False,True,False,False
TCK-02050,soporte_reactivo,team_alpha,2026-02-26 18:11:10.788809,2026-02-27 09:29:54.394585,15.3,False,0,False,False,False,False
TCK-02051,soporte_reactivo,team_alpha,2026-07-24 08:27:52.726998,2026-07-26 21:39:10.084342,61.2,False,4,False,False,False,False
TCK-02052,soporte_reactivo,team_alpha,2026-03-22 05:10:14.320899,2026-03-22 10:56:36.038366,5.8,False,0,False,False,False,False
TCK-02053,retencion_clientes,team_growth,2026-02-17 07:52:31.425495,2026-02-19 18:34:36.938373,58.7,True,0,False,False,False,False
TCK-02054,retencion_clientes,team_gamma,2026-04-08 21:41:30.820378,2026-04-09 22:28:45.731823,24.8,False,0,False,False,False,False
TCK-02055,cumplimiento_regulatorio,team_alpha,2026-08-15 09:44:43.158307,2026-08-16 02:21:20.391560,16.6,False,0,False,False,False,False
TCK-02056,soporte_reactivo,team_gamma,2026-02-11 19:09:30.571674,2026-02-12 06:13:36.758398,11.1,False,0,False,False,False,False
TCK-02057,mantenimiento_operativo,team_gamma,2026-08-21 01:56:49.989927,2026-08-21 19:49:45.476108,17.9,False,0,False,True,False,False
TCK-02058,retencion_clientes,team_growth,2026-02-17 00:02:31.595483,2026-02-18 22:10:45.491215,46.1,False,0,False,False,False,False
TCK-02059,deuda_tecnica_critica,team_growth,2026-04-01 19:58:15.767878,2026-04-10 07:03:42.050192,203.1,False,0,False,True,False,False
TCK-02060,retencion_clientes,team_growth,2026-01-29 07:57:14.269503,2026-01-30 16:21:38.489489,32.4,False,0,False,False,False,False
TCK-02061,soporte_reactivo,team_growth,2026-04-26 08:21:37.808137,2026-04-29 01:23:25.166478,65.0,False,4,False,False,False,False
TCK-02062,deuda_tecnica_critica,team_alpha,2026-06-29 17:05:44.514103,2026-07-06 11:53:28.231279,162.8,False,0,False,True,False,False
TCK-02063,soporte_reactivo,team_growth,2026-03-26 09:17:32.412602,2026-03-27 18:13:00.475087,32.9,False,0,False,False,False,False
TCK-02064,mantenimiento_operativo,team_beta,2026-02-14 12:48:13.674508,2026-02-15 05:49:03.963996,17.0,False,0,False,True,False,False
TCK-02065,retencion_clientes,team_alpha,2026-04-23 06:02:42.255269,2026-04-23 18:40:49.172674,12.6,True,0,False,False,False,False
TCK-02066,mantenimiento_operativo,team_beta,2026-01-07 02:14:24.819472,2026-01-07 10:16:09.515821,8.0,False,0,True,True,False,False
TCK-02067,cumplimiento_regulatorio,team_growth,2026-03-15 01:28:28.389115,2026-03-16 20:22:17.215898,42.9,False,0,False,False,False,False
TCK-02068,retencion_clientes,team_growth,2026-03-10 01:00:12.815633,2026-03-11 01:21:56.335605,24.4,False,0,False,False,False,False
TCK-02069,mantenimiento_operativo,team_gamma,2026-01-10 12:41:47.223104,2026-01-11 07:05:11.906571,18.4,False,0,True,True,False,False
TCK-02070,mantenimiento_operativo,team_gamma,2026-02-18 20:05:43.223683,2026-02-19 13:00:19.449218,16.9,False,0,False,False,False,False
TCK-02071,deuda_tecnica_critica,team_growth,2026-03-07 05:21:41.570677,2026-03-08 11:22:55.997943,30.0,False,0,False,False,False,False
TCK-02072,soporte_reactivo,team_alpha,2026-06-19 06:22:05.249573,2026-06-22 11:26:26.409033,77.1,False,4,False,False,False,False
TCK-02073,soporte_reactivo,team_beta,2026-05-28 01:31:57.657240,2026-05-28 20:08:13.112677,18.6,False,0,False,False,False,False
TCK-02074,retencion_clientes,team_beta,2026-07-03 01:18:54.435411,2026-07-03 13:32:41.914760,12.2,False,0,False,False,False,False
TCK-02075,retencion_clientes,team_beta,2026-08-16 09:33:38.133516,2026-08-17 06:51:02.981030,21.3,False,0,False,False,False,False
TCK-02076,deuda_tecnica_critica,team_beta,2026-07-10 07:57:53.070585,2026-07-10 22:46:53.509410,14.8,False,0,False,False,False,False
TCK-02077,cumplimiento_regulatorio,team_gamma,2026-08-03 07:13:49.911233,2026-08-03 12:50:19.105127,5.6,False,0,False,False,False,False
TCK-02078,deuda_tecnica_critica,team_growth,2026-02-23 13:43:26.969751,2026-03-04 19:03:02.551925,221.3,False,0,False,False,False,False
TCK-02079,cumplimiento_regulatorio,team_alpha,2026-05-23 19:06:30.720811,2026-05-24 07:31:37.246144,12.4,False,0,False,False,False,False
TCK-02080,deuda_tecnica_critica,team_gamma,2026-05-18 21:18:54.873536,2026-05-25 01:25:04.266076,148.1,False,0,False,False,False,False
TCK-02081,mantenimiento_operativo,team_beta,2026-08-23 23:42:11.502245,2026-08-25 02:23:08.070968,26.7,False,0,False,True,False,False
TCK-02082,cumplimiento_regulatorio,team_growth,2026-06-17 20:43:52.681529,2026-06-19 07:52:02.753534,35.1,False,0,False,False,False,False
TCK-02083,retencion_clientes,team_beta,2026-06-29 03:26:34.118900,2026-06-29 13:40:38.411855,10.2,False,0,False,False,False,False
TCK-02084,retencion_clientes,team_beta,2026-04-10 08:28:25.133823,2026-04-11 11:16:41.959410,26.8,False,0,False,False,False,False
TCK-02085,cumplimiento_regulatorio,team_gamma,2026-05-11 20:28:13.158115,2026-05-12 11:07:07.946212,14.6,False,0,False,False,False,False
TCK-02086,soporte_reactivo,team_gamma,2026-05-24 14:52:12.418567,2026-05-25 02:48:46.770827,11.9,False,0,False,False,False,False
TCK-02087,mantenimiento_operativo,team_gamma,2026-02-26 23:24:49.701979,2026-02-27 14:46:03.585207,15.4,False,0,False,True,False,False
TCK-02088,mantenimiento_operativo,team_beta,2026-03-11 03:41:05.251196,2026-03-12 03:15:31.818977,23.6,False,0,False,True,False,False
TCK-02089,retencion_clientes,team_alpha,2025-12-23 13:44:46.603372,2025-12-24 06:07:12.219747,16.4,False,0,False,False,False,False
TCK-02090,soporte_reactivo,team_beta,2026-08-26 22:18:47.022112,2026-08-27 14:06:14.218282,15.8,False,0,False,False,False,False
TCK-02091,mantenimiento_operativo,team_beta,2026-02-16 07:30:28.117106,2026-02-16 18:28:00.156144,11.0,False,0,False,True,False,False
TCK-02092,retencion_clientes,team_alpha,2026-07-11 23:41:19.934883,2026-07-12 11:40:09.544355,12.0,False,0,False,False,False,False
TCK-02093,mantenimiento_operativo,team_beta,2026-02-04 03:32:22.004251,2026-02-04 14:55:59.245045,11.4,False,0,True,False,False,False
TCK-02094,deuda_tecnica_critica,team_growth,2026-02-21 18:59:43.977270,2026-02-23 08:41:16.711174,37.7,False,0,False,True,False,False
TCK-02095,mantenimiento_operativo,team_beta,2026-03-17 09:49:17.784009,2026-03-18 15:03:55.516953,29.2,False,0,False,True,False,False
TCK-02096,retencion_clientes,team_gamma,2026-08-06 08:19:02.287905,2026-08-06 21:08:59.763590,12.8,False,0,False,False,False,False
TCK-02097,retencion_clientes,team_gamma,2026-07-26 20:15:49.147124,2026-07-27 06:57:55.757011,10.7,False,0,False,False,False,False
TCK-02098,mantenimiento_operativo,team_alpha,2026-02-26 23:26:27.812251,2026-02-27 15:54:27.771988,16.5,False,0,False,True,False,False
TCK-02099,deuda_tecnica_critica,team_growth,2026-05-18 21:55:30.299652,2026-05-20 13:11:29.158442,39.3,False,0,False,False,False,False
TCK-02100,retencion_clientes,team_gamma,2026-08-14 01:03:23.892778,2026-08-15 01:15:51.734361,24.2,False,0,False,False,False,False
TCK-02101,mantenimiento_operativo,team_growth,2026-04-09 21:22:45.661886,2026-04-10 03:59:01.499897,6.6,False,0,True,False,False,False
TCK-02102,soporte_reactivo,team_beta,2026-06-18 08:42:41.047186,2026-06-19 11:26:59.672772,26.7,False,0,False,False,False,False
TCK-02103,cumplimiento_regulatorio,team_alpha,2026-04-03 15:14:28.325089,2026-04-04 07:38:24.786920,16.4,False,0,False,False,False,False
TCK-02104,deuda_tecnica_critica,team_gamma,2026-07-15 03:46:28.038895,2026-07-15 14:50:26.198617,11.1,False,0,False,True,False,False
TCK-02105,soporte_reactivo,team_gamma,2026-08-01 20:37:10.585008,2026-08-03 01:01:32.203141,28.4,False,0,False,False,False,False
TCK-02106,retencion_clientes,team_alpha,2026-05-02 11:02:22.074300,2026-05-03 12:01:42.629052,25.0,False,0,False,False,False,False
TCK-02107,mantenimiento_operativo,team_gamma,2026-02-12 20:52:21.877855,2026-02-13 13:42:39.462816,16.8,False,0,True,True,False,False
TCK-02108,deuda_tecnica_critica,team_alpha,2026-08-17 08:24:06.890928,2026-08-22 21:02:07.414300,132.6,False,0,False,True,False,False
TCK-02109,soporte_reactivo,team_beta,2026-02-05 20:46:02.092527,2026-02-08 11:25:31.533615,62.7,False,4,False,False,False,False
TCK-02110,soporte_reactivo,team_beta,2026-04-11 21:46:28.364261,2026-04-12 07:37:37.118822,9.9,False,0,False,False,False,False
TCK-02111,mantenimiento_operativo,team_gamma,2026-08-08 04:51:45.953035,2026-08-08 20:44:04.980309,15.9,False,0,True,True,False,False
TCK-02112,mantenimiento_operativo,team_growth,2026-07-12 00:25:12.746821,2026-07-15 07:17:22.496972,78.9,False,0,True,False,False,False
TCK-02113,cumplimiento_regulatorio,team_growth,2026-08-06 02:12:34.597993,2026-08-07 05:41:54.969787,27.5,False,0,False,False,False,False
TCK-02114,soporte_reactivo,team_alpha,2025-12-22 08:16:27.096658,2025-12-22 14:58:22.191281,6.7,False,0,False,False,False,False
TCK-02115,mantenimiento_operativo,team_alpha,2026-07-07 12:08:07.625624,2026-07-08 02:33:52.595352,14.4,False,0,True,True,False,False
TCK-02116,deuda_tecnica_critica,team_growth,2026-01-25 03:05:46.472423,2026-02-05 17:48:38.825749,278.7,False,0,False,True,False,False
TCK-02117,cumplimiento_regulatorio,team_beta,2026-01-19 20:39:00.750178,2026-01-21 03:15:37.731625,30.6,True,0,False,False,False,False
TCK-02118,soporte_reactivo,team_alpha,2026-07-20 07:58:20.266155,2026-07-21 11:58:15.190570,28.0,False,0,False,False,False,False
TCK-02119,mantenimiento_operativo,team_alpha,2026-04-28 12:09:07.925081,2026-04-29 10:37:54.152054,22.5,False,0,False,True,False,False
TCK-02120,deuda_tecnica_critica,team_growth,2025-12-16 09:22:52.091130,2025-12-24 00:52:03.112810,183.5,False,0,False,True,False,False
TCK-02121,mantenimiento_operativo,team_beta,2026-03-17 07:04:27.567616,2026-03-17 14:33:14.191859,7.5,False,0,True,True,False,False
TCK-02122,mantenimiento_operativo,team_beta,2026-02-03 15:33:06.395206,2026-02-05 00:59:59.613315,33.4,False,0,False,True,False,False
TCK-02123,soporte_reactivo,team_beta,2025-12-30 21:29:49.723035,2026-01-01 01:26:25.071397,27.9,False,4,False,False,False,False
TCK-02124,soporte_reactivo,team_gamma,2026-04-16 00:07:03.393750,2026-04-16 20:54:54.899765,20.8,True,0,False,False,False,False
TCK-02125,deuda_tecnica_critica,team_beta,2026-02-14 05:54:56.776390,2026-02-14 17:06:56.842941,11.2,False,0,False,False,False,False
TCK-02126,cumplimiento_regulatorio,team_growth,2026-04-22 07:51:34.832420,2026-04-23 01:53:19.165762,18.0,False,0,False,False,False,False
TCK-02127,mantenimiento_operativo,team_alpha,2026-02-06 04:59:11.778965,2026-02-06 23:34:42.249325,18.6,False,0,False,True,False,False
TCK-02128,mantenimiento_operativo,team_gamma,2026-05-30 08:50:57.366876,2026-05-31 07:17:24.343326,22.4,False,0,False,False,False,False
TCK-02129,mantenimiento_operativo,team_alpha,2026-07-05 05:14:01.650058,2026-07-05 13:29:18.211920,8.3,False,0,False,True,False,False
TCK-02130,retencion_clientes,team_alpha,2026-08-27 21:53:24.923408,2026-08-28 12:38:23.617624,14.7,False,0,False,False,False,False
TCK-02131,mantenimiento_operativo,team_beta,2026-01-26 23:25:55.866564,2026-01-27 20:50:17.908403,21.4,False,0,False,False,False,False
TCK-02132,mantenimiento_operativo,team_alpha,2026-01-26 09:07:53.004638,2026-01-26 19:27:32.707143,10.3,False,0,True,True,False,False
TCK-02133,soporte_reactivo,team_gamma,2025-12-30 16:16:25.002434,2026-01-01 08:30:16.853412,40.2,False,4,False,False,False,False
TCK-02134,deuda_tecnica_critica,team_growth,2026-03-06 16:35:00.686917,2026-03-09 06:39:05.969009,62.1,False,0,False,True,False,False
TCK-02135,soporte_reactivo,team_gamma,2026-05-13 08:10:50.842068,2026-05-13 21:27:37.104785,13.3,False,0,False,False,False,False
TCK-02136,retencion_clientes,team_growth,2026-08-21 03:11:25.763685,2026-08-22 01:40:28.637929,22.5,False,0,False,False,False,False
TCK-02137,soporte_reactivo,team_alpha,2026-01-27 18:50:13.997412,2026-01-28 10:04:20.100865,15.2,False,0,False,False,False,False
TCK-02138,retencion_clientes,team_beta,2026-06-02 01:43:59.073813,2026-06-02 15:05:37.667573,13.4,False,0,False,False,False,False
TCK-02139,soporte_reactivo,team_growth,2026-05-05 13:56:12.975442,2026-05-07 17:59:31.963451,52.1,False,4,False,False,False,False
TCK-02140,soporte_reactivo,team_beta,2025-12-28 17:32:39.502243,2025-12-29 15:08:03.130310,21.6,False,0,False,False,False,False
TCK-02141,soporte_reactivo,team_growth,2026-05-27 00:58:58.742202,2026-05-28 05:01:39.845037,28.0,False,0,False,False,False,False
TCK-02142,retencion_clientes,team_alpha,2026-08-15 11:02:05.830416,2026-08-15 20:15:33.820338,9.2,False,0,False,False,False,False
TCK-02143,soporte_reactivo,team_beta,2026-04-06 06:43:02.858196,2026-04-06 20:24:11.051460,13.7,False,0,False,False,False,False
TCK-02144,soporte_reactivo,team_gamma,2026-05-18 23:04:36.242320,2026-05-19 22:39:23.611267,23.6,True,0,False,False,False,False
TCK-02145,cumplimiento_regulatorio,team_growth,2026-04-09 16:48:01.879559,2026-04-10 13:33:40.428321,20.8,False,0,False,False,False,False
TCK-02146,mantenimiento_operativo,team_gamma,2026-09-02 17:55:47.209418,2026-09-03 11:55:38.627037,18.0,False,0,True,True,False,False
TCK-02147,retencion_clientes,team_alpha,2026-07-16 04:57:26.810224,2026-07-17 14:59:34.506412,34.0,False,0,False,False,False,False
TCK-02148,soporte_reactivo,team_growth,2026-07-04 02:18:41.619568,2026-07-04 23:05:39.702245,20.8,False,0,False,False,False,False
TCK-02149,retencion_clientes,team_gamma,2026-05-13 19:21:35.810998,2026-05-15 04:29:02.275539,33.1,False,0,False,False,False,False
TCK-02150,retencion_clientes,team_alpha,2026-03-07 21:29:53.065137,2026-03-08 09:12:57.754459,11.7,False,0,False,False,False,False
TCK-02151,cumplimiento_regulatorio,team_alpha,2026-06-27 11:36:49.435718,2026-06-28 00:14:40.341105,12.6,False,0,False,False,False,False
TCK-02152,mantenimiento_operativo,team_growth,2026-07-25 13:46:32.329304,2026-07-27 00:37:26.210827,34.8,False,0,False,True,False,False
TCK-02153,deuda_tecnica_critica,team_beta,2026-01-27 11:17:15.985594,2026-02-02 02:27:34.771849,135.2,False,0,False,False,False,False
TCK-02154,mantenimiento_operativo,team_gamma,2026-06-27 03:51:21.553659,2026-06-27 09:29:14.448654,5.6,False,0,False,True,True,False
TCK-02155,mantenimiento_operativo,team_beta,2026-02-25 14:34:23.641101,2026-02-26 13:27:52.090519,22.9,False,0,False,True,False,False
TCK-02156,cumplimiento_regulatorio,team_growth,2026-06-15 13:11:56.043140,2026-06-16 17:21:42.839133,28.2,False,0,False,False,False,False
TCK-02157,cumplimiento_regulatorio,team_alpha,2026-08-30 14:51:30.787901,2026-08-31 09:13:56.822879,18.4,False,0,False,False,False,False
TCK-02158,cumplimiento_regulatorio,team_growth,2026-02-13 17:45:56.092980,2026-02-15 13:45:11.386961,44.0,False,0,False,False,False,False
TCK-02159,cumplimiento_regulatorio,team_alpha,2026-05-05 15:54:37.202386,2026-05-06 13:37:06.270687,21.7,False,0,False,False,False,False
TCK-02160,soporte_reactivo,team_beta,2026-01-14 14:14:10.645170,2026-01-15 12:00:30.115414,21.8,False,0,False,False,False,False
TCK-02161,soporte_reactivo,team_beta,2026-02-28 18:39:40.489182,2026-03-01 21:45:51.804112,27.1,False,0,False,False,False,False
TCK-02162,mantenimiento_operativo,team_gamma,2026-06-18 07:50:37.886068,2026-06-18 15:13:02.994396,7.4,False,0,True,True,True,False
TCK-02163,deuda_tecnica_critica,team_gamma,2026-04-11 14:42:34.313878,2026-05-01 03:26:25.150066,468.7,False,0,False,True,False,False
TCK-02164,soporte_reactivo,team_alpha,2026-08-09 21:16:33.708314,2026-08-10 22:14:27.358426,25.0,False,0,False,False,False,False
TCK-02165,deuda_tecnica_critica,team_growth,2026-03-14 13:20:25.976535,2026-03-15 13:58:37.745274,24.6,False,0,False,False,False,False
TCK-02166,mantenimiento_operativo,team_gamma,2026-06-30 04:18:50.863115,2026-06-30 13:32:11.299936,9.2,False,0,False,False,False,False
TCK-02167,mantenimiento_operativo,team_beta,2026-08-01 12:17:40.291298,2026-08-02 08:05:17.037194,19.8,False,0,True,True,False,False
TCK-02168,mantenimiento_operativo,team_gamma,2026-06-04 07:58:17.682961,2026-06-05 01:16:16.110869,17.3,False,0,True,False,False,False
TCK-02169,retencion_clientes,team_alpha,2026-04-16 05:41:58.237897,2026-04-16 18:32:23.987161,12.8,False,0,False,False,False,False
TCK-02170,retencion_clientes,team_gamma,2026-01-29 03:44:39.291747,2026-01-29 17:05:13.555176,13.3,False,0,False,False,False,False
TCK-02171,retencion_clientes,team_gamma,2026-04-21 11:31:30.528273,2026-04-22 11:48:29.330327,24.3,True,0,False,False,False,False
TCK-02172,mantenimiento_operativo,team_gamma,2026-05-27 18:08:05.620882,2026-05-28 19:07:33.740819,25.0,False,0,False,True,False,False
TCK-02173,soporte_reactivo,team_growth,2026-08-25 07:45:59.077045,2026-08-26 15:23:43.784678,31.6,False,0,False,False,False,False
TCK-02174,soporte_reactivo,team_gamma,2026-05-22 17:12:05.055327,2026-05-24 01:36:36.786954,32.4,False,4,False,False,False,False
TCK-02175,retencion_clientes,team_gamma,2026-04-23 13:41:31.177824,2026-04-24 02:48:19.112340,13.1,False,0,False,False,False,False
TCK-02176,mantenimiento_operativo,team_beta,2026-06-06 03:17:00.761052,2026-06-06 22:35:30.047084,19.3,False,0,False,False,False,False
TCK-02177,soporte_reactivo,team_gamma,2026-08-01 11:04:25.441260,2026-08-04 12:15:18.087369,73.2,True,4,False,False,False,False
TCK-02178,retencion_clientes,team_gamma,2026-01-16 12:40:03.210026,2026-01-17 05:53:47.385839,17.2,True,0,False,False,False,False
TCK-02179,mantenimiento_operativo,team_alpha,2026-04-01 11:50:38.483718,2026-04-01 18:53:18.167782,7.0,False,0,False,True,False,False
TCK-02180,deuda_tecnica_critica,team_beta,2026-01-18 08:43:41.300554,2026-01-18 20:27:18.401174,11.7,False,0,False,False,False,False
TCK-02181,cumplimiento_regulatorio,team_growth,2025-12-23 02:31:59.147547,2025-12-24 05:29:53.947402,27.0,False,0,False,False,False,False
TCK-02182,retencion_clientes,team_alpha,2026-07-05 05:44:35.558931,2026-07-05 21:00:26.227737,15.3,False,0,False,False,False,False
TCK-02183,deuda_tecnica_critica,team_beta,2026-03-09 05:08:34.427623,2026-03-10 22:04:26.702464,40.9,False,0,False,True,False,False
TCK-02184,deuda_tecnica_critica,team_growth,2026-02-20 14:54:54.877393,2026-02-24 01:02:55.547165,82.1,True,0,False,True,False,False
TCK-02185,soporte_reactivo,team_alpha,2026-05-06 21:06:10.962805,2026-05-07 07:29:54.790466,10.4,False,0,False,False,False,False
TCK-02186,soporte_reactivo,team_alpha,2026-05-25 07:54:08.944574,2026-05-26 12:22:12.657167,28.5,False,4,False,False,False,False
TCK-02187,soporte_reactivo,team_alpha,2026-06-10 09:16:05.083905,2026-06-11 01:53:31.661470,16.6,False,0,False,False,False,False
TCK-02188,deuda_tecnica_critica,team_beta,2026-03-17 04:36:16.700650,2026-03-17 19:10:22.127795,14.6,False,0,False,False,False,False
TCK-02189,deuda_tecnica_critica,team_growth,2026-01-12 20:26:39.900411,2026-02-01 11:21:52.082526,470.9,False,0,False,True,False,False
TCK-02190,deuda_tecnica_critica,team_alpha,2026-04-25 00:30:53.020583,2026-04-25 11:11:34.380245,10.7,False,0,False,True,False,False
TCK-02191,retencion_clientes,team_gamma,2026-02-26 16:18:56.632235,2026-02-27 11:19:49.081028,19.0,False,0,False,False,False,False
TCK-02192,soporte_reactivo,team_alpha,2026-07-15 15:46:51.446237,2026-07-16 08:31:21.559266,16.7,False,0,False,False,False,False
TCK-02193,soporte_reactivo,team_gamma,2026-02-08 23:39:11.243591,2026-02-09 17:03:40.025245,17.4,False,0,False,False,False,False
TCK-02194,mantenimiento_operativo,team_alpha,2026-08-01 19:02:09.485859,2026-08-02 06:21:03.726149,11.3,False,0,False,True,False,False
TCK-02195,mantenimiento_operativo,team_gamma,2026-01-01 04:28:10.378766,2026-01-01 21:46:54.259779,17.3,False,0,True,False,False,False
TCK-02196,mantenimiento_operativo,team_growth,2026-08-13 23:29:00.252595,2026-08-15 20:37:07.373225,45.1,False,0,False,True,False,False
TCK-02197,deuda_tecnica_critica,team_growth,2026-05-25 08:31:58.096520,2026-06-04 19:18:49.864766,250.8,False,0,False,False,False,False
TCK-02198,mantenimiento_operativo,team_alpha,2026-05-14 00:24:50.588782,2026-05-14 13:33:20.784279,13.1,False,0,False,True,False,False
TCK-02199,retencion_clientes,team_gamma,2026-07-15 06:34:33.373850,2026-07-16 10:37:24.490235,28.0,False,0,False,False,False,False
TCK-02200,deuda_tecnica_critica,team_growth,2026-08-13 12:28:43.668264,2026-08-25 04:31:27.950428,280.0,False,0,False,False,False,False
TCK-02201,retencion_clientes,team_growth,2026-03-05 10:37:09.132821,2026-03-06 14:51:35.821330,28.2,False,0,False,False,False,False
TCK-02202,mantenimiento_operativo,team_gamma,2026-01-11 19:59:20.560653,2026-01-12 03:12:17.406672,7.2,False,0,True,True,False,False
TCK-02203,deuda_tecnica_critica,team_alpha,2026-08-12 05:26:51.185658,2026-08-15 17:42:12.628486,84.3,False,0,False,False,False,False
TCK-02204,cumplimiento_regulatorio,team_growth,2026-05-01 16:34:40.688736,2026-05-03 02:43:05.380960,34.1,False,0,False,False,False,False
TCK-02205,retencion_clientes,team_beta,2026-05-30 02:06:22.766210,2026-05-30 16:54:07.284343,14.8,False,0,False,False,False,False
TCK-02206,deuda_tecnica_critica,team_gamma,2026-03-26 09:08:53.315690,2026-04-04 04:27:31.561928,211.3,False,0,False,False,False,False
TCK-02207,soporte_reactivo,team_beta,2026-05-16 18:49:45.080770,2026-05-17 12:55:38.384081,18.1,False,0,False,False,False,False
TCK-02208,cumplimiento_regulatorio,team_growth,2026-01-06 22:59:45.531806,2026-01-10 09:16:27.020439,82.3,False,0,False,False,False,False
TCK-02209,cumplimiento_regulatorio,team_alpha,2026-01-04 21:49:12.592851,2026-01-05 05:14:23.411134,7.4,False,0,False,False,False,False
TCK-02210,cumplimiento_regulatorio,team_beta,2026-06-01 15:24:40.932880,2026-06-02 11:28:06.573482,20.1,False,0,False,False,False,False
TCK-02211,mantenimiento_operativo,team_growth,2026-04-16 14:43:56.666287,2026-04-17 13:38:58.068234,22.9,False,0,False,True,False,False
TCK-02212,deuda_tecnica_critica,team_growth,2026-07-27 12:20:35.856852,2026-08-06 10:39:59.265781,238.3,False,0,False,False,False,False
TCK-02213,cumplimiento_regulatorio,team_growth,2026-08-10 20:25:52.387502,2026-08-12 17:33:20.197843,45.1,False,0,False,False,False,False
TCK-02214,retencion_clientes,team_gamma,2026-09-02 22:16:21.564225,2026-09-03 14:48:00.129386,16.5,False,0,False,False,False,False
TCK-02215,mantenimiento_operativo,team_beta,2026-04-15 22:53:24.178586,2026-04-16 06:15:56.544798,7.4,False,0,True,True,False,False
TCK-02216,cumplimiento_regulatorio,team_growth,2026-03-22 07:41:04.636480,2026-03-23 09:22:27.659795,25.7,False,0,False,False,False,False
TCK-02217,cumplimiento_regulatorio,team_growth,2026-06-15 09:39:55.223252,2026-06-17 15:40:58.836746,54.0,False,0,False,False,False,False
TCK-02218,deuda_tecnica_critica,team_gamma,2026-03-27 03:14:04.888780,2026-03-27 14:36:58.281285,11.4,False,0,False,False,False,False
TCK-02219,mantenimiento_operativo,team_beta,2026-08-20 05:15:49.314615,2026-08-20 17:02:49.367624,11.8,False,0,False,True,False,False
TCK-02220,mantenimiento_operativo,team_beta,2026-08-10 00:59:22.290545,2026-08-10 20:28:17.712580,19.5,True,0,True,False,False,False
TCK-02221,mantenimiento_operativo,team_growth,2026-01-18 00:34:09.130518,2026-01-19 16:46:43.887434,40.2,False,0,False,True,False,False
TCK-02222,mantenimiento_operativo,team_beta,2026-01-28 19:48:27.236117,2026-01-29 06:23:51.780500,10.6,False,0,False,True,False,False
TCK-02223,cumplimiento_regulatorio,team_alpha,2026-05-15 08:45:08.183313,2026-05-15 19:28:28.432524,10.7,False,0,False,False,False,False
TCK-02224,mantenimiento_operativo,team_gamma,2026-08-06 13:30:43.632561,2026-08-07 03:30:12.907371,14.0,True,0,False,True,False,False
TCK-02225,mantenimiento_operativo,team_growth,2026-02-21 15:13:17.251910,2026-02-22 12:59:14.667329,21.8,False,0,True,True,False,False
TCK-02226,mantenimiento_operativo,team_alpha,2026-03-19 03:24:07.300598,2026-03-19 17:24:56.728461,14.0,False,0,False,True,False,False
TCK-02227,mantenimiento_operativo,team_gamma,2025-12-24 06:55:56.633807,2025-12-24 16:46:25.019507,9.8,False,0,True,True,False,False
TCK-02228,soporte_reactivo,team_beta,2026-08-08 14:51:34.606108,2026-08-09 06:30:17.602976,15.6,False,0,False,False,False,False
TCK-02229,mantenimiento_operativo,team_beta,2026-04-20 10:45:47.343534,2026-04-21 00:42:51.397270,14.0,False,0,True,True,False,False
TCK-02230,retencion_clientes,team_growth,2026-04-20 22:56:12.951864,2026-04-23 09:02:34.645109,58.1,True,0,False,False,False,False
TCK-02231,cumplimiento_regulatorio,team_beta,2026-05-08 23:29:47.734491,2026-05-09 10:23:59.848865,10.9,False,0,False,False,False,False
TCK-02232,mantenimiento_operativo,team_beta,2026-03-09 02:42:56.718612,2026-03-10 20:06:43.536024,41.4,True,0,False,True,False,False
TCK-02233,cumplimiento_regulatorio,team_growth,2026-08-24 08:39:15.073481,2026-08-25 06:30:12.557988,21.8,False,0,False,False,False,False
TCK-02234,mantenimiento_operativo,team_alpha,2026-04-02 21:49:44.825485,2026-04-03 11:53:31.344340,14.1,False,0,False,True,False,False
TCK-02235,mantenimiento_operativo,team_gamma,2026-07-23 01:30:18.308627,2026-07-23 14:36:20.228277,13.1,False,0,False,True,False,False
TCK-02236,soporte_reactivo,team_beta,2026-05-17 04:25:14.688758,2026-05-18 00:24:21.086448,20.0,False,0,False,False,False,False
TCK-02237,soporte_reactivo,team_alpha,2026-08-02 10:45:57.660497,2026-08-03 19:45:33.926266,33.0,False,4,False,False,False,False
TCK-02238,deuda_tecnica_critica,team_alpha,2026-04-09 22:20:08.098183,2026-04-15 18:17:20.697613,140.0,False,0,False,False,False,False
TCK-02239,mantenimiento_operativo,team_beta,2026-06-25 09:44:11.080692,2026-06-26 00:27:12.783076,14.7,False,0,False,False,False,False
TCK-02240,deuda_tecnica_critica,team_growth,2026-01-28 04:18:04.089820,2026-01-29 07:50:34.713521,27.5,False,0,False,False,False,False
TCK-02241,deuda_tecnica_critica,team_growth,2026-01-29 01:35:47.817709,2026-01-30 18:42:29.802227,41.1,False,0,False,False,False,False
TCK-02242,mantenimiento_operativo,team_growth,2026-01-27 08:45:01.459649,2026-01-27 16:47:55.827899,8.0,False,0,True,True,False,False
TCK-02243,retencion_clientes,team_growth,2026-07-05 16:51:02.323862,2026-07-06 01:34:45.837330,8.7,False,0,False,False,False,False
TCK-02244,soporte_reactivo,team_gamma,2026-08-07 11:03:12.641481,2026-08-08 00:36:08.302813,13.5,False,0,False,False,False,False
TCK-02245,deuda_tecnica_critica,team_gamma,2026-07-03 20:03:57.737757,2026-07-07 23:09:36.858816,99.1,True,0,False,False,False,False
TCK-02246,soporte_reactivo,team_gamma,2026-04-20 03:55:33.473619,2026-04-22 04:14:45.248232,48.3,False,4,False,False,False,False
TCK-02247,soporte_reactivo,team_beta,2026-02-23 17:24:21.565336,2026-02-24 23:17:29.075155,29.9,False,4,False,False,False,False
TCK-02248,retencion_clientes,team_alpha,2026-07-21 13:36:24.412031,2026-07-22 06:04:39.194088,16.5,False,0,False,False,False,False
TCK-02249,deuda_tecnica_critica,team_alpha,2026-01-02 19:19:51.984791,2026-01-03 01:33:26.808390,6.2,False,0,False,True,False,False
TCK-02250,soporte_reactivo,team_gamma,2026-05-17 19:19:35.273238,2026-05-18 19:52:24.018158,24.5,False,0,False,False,False,False
TCK-02251,soporte_reactivo,team_growth,2026-09-02 20:29:11.045730,2026-09-03 18:24:07.517945,21.9,False,0,False,False,False,False
TCK-02252,mantenimiento_operativo,team_beta,2025-12-19 04:24:06.615519,2025-12-20 01:02:52.992177,20.6,False,0,False,True,False,False
TCK-02253,mantenimiento_operativo,team_gamma,2026-04-15 01:14:24.839260,2026-04-15 14:03:28.587115,12.8,False,0,True,True,False,False
TCK-02254,deuda_tecnica_critica,team_growth,2026-06-21 06:53:43.339575,2026-07-01 04:57:53.977056,238.1,False,0,False,False,False,False
TCK-02255,cumplimiento_regulatorio,team_growth,2026-03-11 00:47:44.222146,2026-03-11 23:29:21.280471,22.7,False,0,False,False,False,False
TCK-02256,mantenimiento_operativo,team_gamma,2026-02-20 03:02:34.864237,2026-02-20 14:06:19.798518,11.1,False,0,True,True,False,False
TCK-02257,soporte_reactivo,team_beta,2026-09-03 14:26:07.216627,2026-09-05 07:44:59.048327,41.3,False,4,False,False,False,False
TCK-02258,soporte_reactivo,team_alpha,2026-04-01 07:28:50.736419,2026-04-01 21:17:12.424282,13.8,False,0,False,False,False,False
TCK-02259,mantenimiento_operativo,team_gamma,2026-08-01 01:30:30.849573,2026-08-01 10:05:24.823246,8.6,False,0,False,False,False,False
TCK-02260,retencion_clientes,team_growth,2026-05-22 17:07:51.075815,2026-05-23 23:30:09.383985,30.4,False,0,False,False,False,False
TCK-02261,deuda_tecnica_critica,team_alpha,2026-01-05 08:20:19.222178,2026-01-06 07:22:55.051020,23.0,False,0,False,False,False,False
TCK-02262,deuda_tecnica_critica,team_gamma,2026-08-31 12:19:02.391307,2026-08-31 23:22:00.261595,11.0,False,0,False,True,False,False
TCK-02263,retencion_clientes,team_growth,2026-01-31 09:35:23.367170,2026-02-01 21:29:44.453275,35.9,False,0,False,False,False,False
TCK-02264,retencion_clientes,team_growth,2026-06-12 06:47:32.625491,2026-06-14 14:29:50.932985,55.7,True,0,False,False,False,False
TCK-02265,soporte_reactivo,team_alpha,2026-03-09 05:31:22.842068,2026-03-11 07:06:51.472476,49.6,False,0,False,False,False,False
TCK-02266,cumplimiento_regulatorio,team_growth,2026-08-05 20:24:06.973977,2026-08-07 02:37:58.859545,30.2,False,0,False,False,False,False
TCK-02267,soporte_reactivo,team_alpha,2026-08-16 05:41:23.049245,2026-08-17 10:44:19.282171,29.0,False,4,False,False,False,False
TCK-02268,mantenimiento_operativo,team_growth,2026-06-21 22:06:32.444697,2026-06-22 21:00:15.778742,22.9,False,0,True,False,False,False
TCK-02269,soporte_reactivo,team_growth,2026-03-27 03:01:51.008587,2026-03-27 13:37:35.660232,10.6,False,0,False,False,False,False
TCK-02270,cumplimiento_regulatorio,team_alpha,2026-04-13 22:38:45.058443,2026-04-15 04:58:07.676302,30.3,True,0,False,False,False,False
TCK-02271,retencion_clientes,team_beta,2026-06-23 00:48:59.402593,2026-06-23 10:28:50.092718,9.7,False,0,False,False,False,False
TCK-02272,soporte_reactivo,team_gamma,2026-02-22 00:43:43.072231,2026-02-22 18:03:24.325511,17.3,False,0,False,False,False,False
TCK-02273,mantenimiento_operativo,team_gamma,2026-08-23 11:41:27.263629,2026-08-24 06:09:56.752332,18.5,False,0,False,False,False,False
TCK-02274,mantenimiento_operativo,team_alpha,2026-04-09 14:50:33.203985,2026-04-10 04:56:11.180420,14.1,False,0,False,True,False,False
TCK-02275,retencion_clientes,team_growth,2025-12-20 16:23:51.891748,2025-12-22 07:36:43.748348,39.2,False,0,False,False,False,False
TCK-02276,cumplimiento_regulatorio,team_growth,2026-07-14 22:40:04.856662,2026-07-15 10:30:35.472485,11.8,False,0,False,False,False,False
TCK-02277,cumplimiento_regulatorio,team_beta,2026-01-13 22:10:13.294620,2026-01-14 14:10:45.478476,16.0,False,0,False,False,False,False
TCK-02278,mantenimiento_operativo,team_alpha,2026-08-26 12:44:21.432701,2026-08-27 06:55:20.147766,18.2,False,0,False,True,False,False
TCK-02279,deuda_tecnica_critica,team_alpha,2026-08-16 18:02:27.497183,2026-08-18 11:15:06.344028,41.2,False,0,False,False,False,False
TCK-02280,retencion_clientes,team_growth,2025-12-19 20:53:08.920730,2025-12-20 19:46:12.657662,22.9,True,0,False,False,False,False
TCK-02281,mantenimiento_operativo,team_alpha,2026-01-27 01:59:26.709064,2026-01-27 15:51:20.775258,13.9,False,0,False,True,False,False
TCK-02282,cumplimiento_regulatorio,team_growth,2026-04-04 21:39:58.402742,2026-04-06 16:53:35.193253,43.2,False,0,False,False,False,False
TCK-02283,cumplimiento_regulatorio,team_growth,2026-01-26 12:05:25.399721,2026-01-29 02:07:34.352043,62.0,True,0,False,False,False,False
TCK-02284,deuda_tecnica_critica,team_beta,2026-03-02 10:07:44.375346,2026-03-14 11:03:56.486508,288.9,False,0,False,False,False,False
TCK-02285,retencion_clientes,team_alpha,2026-08-17 23:27:23.028048,2026-08-18 18:06:13.166194,18.6,False,0,False,False,False,False
TCK-02286,retencion_clientes,team_alpha,2026-07-29 13:43:57.334340,2026-07-30 01:21:20.521721,11.6,False,0,False,False,False,False
TCK-02287,cumplimiento_regulatorio,team_alpha,2026-07-16 06:49:15.282353,2026-07-17 03:46:57.056386,21.0,False,0,False,False,False,False
TCK-02288,mantenimiento_operativo,team_gamma,2026-01-26 12:39:43.134079,2026-01-26 23:16:44.777422,10.6,False,0,True,True,False,False
TCK-02289,soporte_reactivo,team_alpha,2026-02-14 08:40:24.712809,2026-02-16 08:18:06.115268,47.6,False,4,False,False,False,False
TCK-02290,soporte_reactivo,team_alpha,2026-08-04 19:33:14.022756,2026-08-05 07:51:56.444440,12.3,False,0,False,False,False,False
TCK-02291,deuda_tecnica_critica,team_beta,2026-06-26 20:08:52.126135,2026-07-05 13:03:21.006695,208.9,False,0,False,False,False,False
TCK-02292,soporte_reactivo,team_alpha,2026-08-23 12:00:06.566907,2026-08-24 21:50:13.880948,33.8,False,0,False,False,False,False
TCK-02293,soporte_reactivo,team_alpha,2026-03-08 10:48:17.192122,2026-03-09 19:07:30.822163,32.3,True,4,False,False,False,False
TCK-02294,mantenimiento_operativo,team_alpha,2026-07-06 13:13:07.226584,2026-07-07 01:46:42.099422,12.6,False,0,False,True,False,False
TCK-02295,cumplimiento_regulatorio,team_gamma,2026-04-15 22:45:41.394400,2026-04-16 23:59:20.298692,25.2,False,0,False,False,False,False
TCK-02296,retencion_clientes,team_growth,2026-02-19 19:29:19.950483,2026-02-21 09:08:48.597735,37.7,False,0,False,False,False,False
TCK-02297,soporte_reactivo,team_gamma,2026-07-25 05:46:41.185653,2026-07-25 16:56:11.054591,11.2,False,0,False,False,False,False
TCK-02298,mantenimiento_operativo,team_alpha,2026-02-18 08:31:56.047733,2026-02-18 16:59:48.276128,8.5,False,0,True,True,False,False
TCK-02299,mantenimiento_operativo,team_beta,2026-03-29 07:50:36.908661,2026-03-30 00:54:22.122884,17.1,False,0,True,True,False,False
TCK-02300,mantenimiento_operativo,team_gamma,2026-05-02 07:37:19.816001,2026-05-02 20:25:16.187429,12.8,False,0,True,True,False,False
TCK-02301,cumplimiento_regulatorio,team_alpha,2026-04-24 05:46:57.710566,2026-04-25 03:18:24.479719,21.5,False,0,False,False,False,False
TCK-02302,soporte_reactivo,team_alpha,2026-01-14 16:43:18.273598,2026-01-15 08:55:41.198265,16.2,True,0,False,False,False,False
TCK-02303,mantenimiento_operativo,team_alpha,2026-01-08 04:47:35.514935,2026-01-08 19:00:17.292813,14.2,False,0,False,True,False,False
TCK-02304,mantenimiento_operativo,team_growth,2026-03-25 11:48:10.256037,2026-03-26 05:36:23.309453,17.8,True,0,True,False,False,False
TCK-02305,soporte_reactivo,team_alpha,2026-03-28 07:51:45.090825,2026-03-29 09:04:01.831482,25.2,False,4,False,False,False,False
TCK-02306,mantenimiento_operativo,team_beta,2026-04-26 15:10:16.201158,2026-04-27 01:46:48.670857,10.6,False,0,False,False,False,False
TCK-02307,cumplimiento_regulatorio,team_growth,2026-05-12 00:40:32.303593,2026-05-14 01:06:05.179619,48.4,False,0,False,False,False,False
TCK-02308,cumplimiento_regulatorio,team_alpha,2026-08-16 11:44:02.008092,2026-08-16 19:43:22.026054,8.0,False,0,False,False,False,False
TCK-02309,soporte_reactivo,team_alpha,2026-07-22 22:27:05.461352,2026-07-25 13:54:12.017960,63.5,False,4,False,False,False,False
TCK-02310,cumplimiento_regulatorio,team_growth,2026-06-09 23:16:25.399144,2026-06-10 13:12:09.757078,13.9,False,0,False,False,False,False
TCK-02311,retencion_clientes,team_gamma,2026-04-21 08:46:24.867885,2026-04-21 22:09:22.544314,13.4,False,0,False,False,False,False
TCK-02312,soporte_reactivo,team_alpha,2026-03-29 13:46:32.550160,2026-03-30 11:50:46.695094,22.1,False,0,False,False,False,False
TCK-02313,retencion_clientes,team_growth,2026-07-28 14:07:10.257313,2026-07-29 10:10:59.163497,20.1,False,0,False,False,False,False
TCK-02314,soporte_reactivo,team_beta,2026-06-12 14:38:47.850836,2026-06-14 03:11:07.435185,36.5,False,0,False,False,False,False
TCK-02315,retencion_clientes,team_growth,2026-06-12 22:42:36.415788,2026-06-13 21:41:35.640624,23.0,False,0,False,False,False,False
TCK-02316,soporte_reactivo,team_growth,2026-05-31 19:54:16.377595,2026-06-01 09:47:41.239894,13.9,False,0,False,False,False,False
TCK-02317,deuda_tecnica_critica,team_beta,2025-12-21 22:30:15.920622,2025-12-22 12:23:37.241211,13.9,False,0,False,True,False,False
TCK-02318,cumplimiento_regulatorio,team_beta,2026-01-26 14:14:18.984243,2026-01-27 08:34:24.457033,18.3,False,0,False,False,False,False
TCK-02319,mantenimiento_operativo,team_beta,2026-05-31 04:17:54.356792,2026-05-31 06:42:47.247438,2.4,False,0,True,False,False,False
TCK-02320,retencion_clientes,team_beta,2026-09-01 09:58:08.244348,2026-09-02 13:16:49.096187,27.3,False,0,False,False,False,False
TCK-02321,mantenimiento_operativo,team_beta,2026-02-23 06:50:00.886127,2026-02-24 01:13:59.651722,18.4,False,0,False,False,False,False
TCK-02322,cumplimiento_regulatorio,team_gamma,2026-02-20 04:16:04.572388,2026-02-20 17:13:10.156419,13.0,False,0,False,False,False,False
TCK-02323,soporte_reactivo,team_beta,2026-04-08 06:54:17.789765,2026-04-08 23:10:10.583260,16.3,False,0,False,False,False,False
TCK-02324,retencion_clientes,team_gamma,2026-05-22 17:46:21.365020,2026-05-23 10:06:16.818559,16.3,True,0,False,False,False,False
TCK-02325,mantenimiento_operativo,team_gamma,2026-06-16 17:17:13.117131,2026-06-17 13:00:06.012379,19.7,False,0,False,True,True,False
TCK-02326,retencion_clientes,team_growth,2026-01-23 23:59:48.268931,2026-01-24 23:49:03.448932,23.8,False,0,False,False,False,False
TCK-02327,retencion_clientes,team_gamma,2026-05-21 13:49:14.947482,2026-05-22 07:09:42.164414,17.3,False,0,False,False,False,False
TCK-02328,mantenimiento_operativo,team_growth,2026-07-06 17:45:21.490347,2026-07-07 16:44:18.939515,23.0,False,0,True,True,False,False
TCK-02329,mantenimiento_operativo,team_growth,2025-12-19 12:21:45.171198,2025-12-19 22:38:58.029877,10.3,False,0,True,False,False,False
TCK-02330,soporte_reactivo,team_beta,2025-12-24 11:48:06.361428,2025-12-24 23:53:09.212198,12.1,False,0,False,False,False,False
TCK-02331,mantenimiento_operativo,team_beta,2026-01-29 09:34:34.349316,2026-01-30 13:51:36.031314,28.3,False,0,False,False,False,False
TCK-02332,soporte_reactivo,team_beta,2026-06-03 02:15:49.773837,2026-06-04 05:31:04.463976,27.3,False,0,False,False,False,False
TCK-02333,mantenimiento_operativo,team_alpha,2026-07-28 06:54:22.327886,2026-07-28 19:14:40.695008,12.3,False,0,False,True,False,False
TCK-02334,soporte_reactivo,team_growth,2026-06-01 02:54:24.819890,2026-06-02 13:04:12.093369,34.2,False,0,False,False,False,False
TCK-02335,soporte_reactivo,team_alpha,2026-05-29 06:18:00.812933,2026-05-30 02:42:55.176137,20.4,True,0,False,False,False,False
TCK-02336,mantenimiento_operativo,team_beta,2026-09-06 07:46:00.851422,2026-09-06 15:56:32.504059,8.2,False,0,False,True,False,False
TCK-02337,deuda_tecnica_critica,team_beta,2026-06-03 21:46:40.304608,2026-06-04 10:23:34.325973,12.6,False,0,False,False,False,False
TCK-02338,retencion_clientes,team_alpha,2026-08-04 05:49:57.551041,2026-08-05 06:57:58.561766,25.1,False,0,False,False,False,False
TCK-02339,soporte_reactivo,team_gamma,2026-02-09 01:19:50.640137,2026-02-10 18:58:24.264107,41.6,False,4,False,False,False,False
TCK-02340,cumplimiento_regulatorio,team_gamma,2026-03-14 03:59:26.274353,2026-03-15 00:15:04.321195,20.3,False,0,False,False,False,False
TCK-02341,soporte_reactivo,team_growth,2026-05-02 01:00:24.286406,2026-05-03 12:46:24.379581,35.8,False,0,False,False,False,False
TCK-02342,deuda_tecnica_critica,team_growth,2026-04-05 12:52:00.691283,2026-04-06 08:39:09.397493,19.8,False,0,False,True,False,False
TCK-02343,retencion_clientes,team_beta,2026-09-01 23:22:18.723645,2026-09-02 05:42:12.751761,6.3,False,0,False,False,False,False
TCK-02344,deuda_tecnica_critica,team_gamma,2026-06-30 12:28:52.375186,2026-07-08 21:51:35.325144,201.4,False,0,False,False,False,False
TCK-02345,cumplimiento_regulatorio,team_gamma,2026-07-20 21:34:25.649001,2026-07-21 14:33:40.427123,17.0,False,0,False,False,False,False
TCK-02346,mantenimiento_operativo,team_beta,2026-02-12 22:52:19.528989,2026-02-13 12:31:33.521688,13.7,False,0,False,False,False,False
TCK-02347,deuda_tecnica_critica,team_alpha,2026-04-20 03:50:48.170599,2026-04-20 14:03:55.771969,10.2,False,0,False,False,False,False
TCK-02348,deuda_tecnica_critica,team_gamma,2026-07-07 22:32:37.914849,2026-07-14 08:20:16.849176,153.8,False,0,False,True,False,False
TCK-02349,retencion_clientes,team_growth,2026-01-13 17:21:34.180032,2026-01-15 09:44:22.141352,40.4,False,0,False,False,False,False
TCK-02350,mantenimiento_operativo,team_beta,2026-02-20 15:43:32.959417,2026-02-21 01:49:15.382879,10.1,False,0,False,False,False,False
TCK-02351,deuda_tecnica_critica,team_alpha,2026-08-19 09:24:39.654033,2026-08-19 18:34:24.677670,9.2,False,0,False,True,False,False
TCK-02352,retencion_clientes,team_alpha,2026-02-26 12:47:37.144513,2026-02-27 05:31:24.651501,16.7,False,0,False,False,False,False
TCK-02353,deuda_tecnica_critica,team_alpha,2026-02-19 16:12:38.318159,2026-02-26 18:32:51.942023,170.3,False,0,False,False,False,False
TCK-02354,soporte_reactivo,team_growth,2026-02-10 08:30:35.081812,2026-02-11 15:10:01.478103,30.7,False,0,False,False,False,False
TCK-02355,cumplimiento_regulatorio,team_gamma,2026-08-30 04:49:21.006280,,,False,0,False,False,False,False
TCK-02356,mantenimiento_operativo,team_beta,2026-03-01 18:50:49.514001,2026-03-02 07:43:57.122708,12.9,False,0,False,True,False,False
TCK-02357,mantenimiento_operativo,team_gamma,2026-07-29 14:59:37.510127,2026-07-30 03:47:11.632694,12.8,False,0,False,True,False,False
TCK-02358,mantenimiento_operativo,team_beta,2026-04-15 03:14:25.264776,2026-04-15 15:03:58.567433,11.8,False,0,False,True,False,False
TCK-02359,deuda_tecnica_critica,team_beta,2026-05-02 01:00:32.530231,2026-05-02 17:00:48.303549,16.0,False,0,False,True,False,False
TCK-02360,deuda_tecnica_critica,team_beta,2026-04-27 01:09:07.530536,2026-04-27 06:47:55.722431,5.6,False,0,False,False,False,False
TCK-02361,soporte_reactivo,team_growth,2025-12-31 10:10:45.113300,2026-01-04 09:26:23.119920,95.3,False,4,False,False,False,False
TCK-02362,mantenimiento_operativo,team_gamma,2026-02-16 23:50:40.491378,2026-02-17 08:26:28.795919,8.6,False,0,True,True,False,False
TCK-02363,deuda_tecnica_critica,team_beta,2026-06-15 11:16:32.711504,2026-06-15 21:13:51.270775,10.0,False,0,False,False,False,False
TCK-02364,mantenimiento_operativo,team_alpha,2026-01-26 16:21:57.908265,2026-01-27 07:53:07.808087,15.5,False,0,True,True,False,False
TCK-02365,deuda_tecnica_critica,team_alpha,2026-03-20 23:06:21.469045,2026-03-26 13:52:53.906211,134.8,False,0,False,False,False,False
TCK-02366,mantenimiento_operativo,team_beta,2026-03-08 07:18:33.212238,2026-03-08 19:50:25.306748,12.5,False,0,False,True,False,False
TCK-02367,retencion_clientes,team_alpha,2026-04-21 22:35:37.681149,2026-04-22 16:21:27.042056,17.8,False,0,False,False,False,False
TCK-02368,deuda_tecnica_critica,team_beta,2026-08-13 13:23:50.746904,2026-08-19 02:35:16.889905,133.2,False,0,False,True,False,False
TCK-02369,cumplimiento_regulatorio,team_alpha,2026-03-24 08:23:56.436965,2026-03-25 07:37:24.141868,23.2,False,0,False,False,False,False
TCK-02370,cumplimiento_regulatorio,team_growth,2026-04-24 12:09:19.102540,2026-04-24 23:50:05.752297,11.7,False,0,False,False,False,False
TCK-02371,mantenimiento_operativo,team_beta,2026-05-24 12:51:15.542106,2026-05-25 00:24:00.037633,11.5,False,0,False,True,False,False
TCK-02372,deuda_tecnica_critica,team_beta,2026-04-07 18:12:18.646113,2026-04-11 19:48:19.892303,97.6,False,0,False,False,False,False
TCK-02373,deuda_tecnica_critica,team_growth,2025-12-26 05:07:21.853632,2026-01-01 07:13:24.703471,146.1,False,0,False,False,False,False
TCK-02374,mantenimiento_operativo,team_gamma,2025-12-25 03:55:36.714876,2025-12-25 22:36:11.299198,18.7,False,0,False,True,False,False
TCK-02375,retencion_clientes,team_beta,2026-07-21 02:49:43.044036,2026-07-21 17:35:43.331597,14.8,False,0,False,False,False,False
TCK-02376,mantenimiento_operativo,team_alpha,2026-02-13 19:44:49.891674,2026-02-14 04:13:26.694997,8.5,False,0,False,False,False,False
TCK-02377,cumplimiento_regulatorio,team_growth,2026-02-02 13:26:44.239931,2026-02-03 16:37:30.050098,27.2,False,0,False,False,False,False
TCK-02378,soporte_reactivo,team_beta,2026-02-05 15:45:35.051714,2026-02-06 15:33:33.607284,23.8,False,0,False,False,False,False
TCK-02379,deuda_tecnica_critica,team_growth,2026-03-12 05:55:10.687966,2026-03-13 02:10:35.523228,20.3,False,0,False,False,False,False
TCK-02380,mantenimiento_operativo,team_gamma,2026-06-18 11:45:56.741373,2026-06-19 00:42:07.378626,12.9,False,0,False,True,True,False
TCK-02381,soporte_reactivo,team_gamma,2025-12-17 07:55:06.286594,2025-12-18 21:47:49.267315,37.9,False,0,False,False,False,False
TCK-02382,soporte_reactivo,team_growth,2026-05-10 00:00:26.637022,2026-05-11 21:06:14.026146,45.1,False,4,False,False,False,False
TCK-02383,deuda_tecnica_critica,team_growth,2026-08-22 20:58:44.140536,2026-09-02 23:48:07.310908,266.8,False,0,False,False,False,False
TCK-02384,cumplimiento_regulatorio,team_growth,2026-08-30 06:28:25.553757,2026-09-01 06:21:44.089897,47.9,False,0,False,False,False,False
TCK-02385,cumplimiento_regulatorio,team_alpha,2026-01-20 18:17:23.843550,2026-01-21 08:53:16.094202,14.6,False,0,False,False,False,False
TCK-02386,soporte_reactivo,team_alpha,2026-09-01 07:22:55.865155,2026-09-01 19:46:53.329477,12.4,True,0,False,False,False,False
TCK-02387,retencion_clientes,team_growth,2026-03-23 15:14:28.535025,2026-03-24 16:44:23.769233,25.5,False,0,False,False,False,False
TCK-02388,mantenimiento_operativo,team_beta,2026-05-10 14:06:03.113227,2026-05-11 02:12:13.746152,12.1,True,0,True,True,False,False
TCK-02389,soporte_reactivo,team_alpha,2025-12-29 22:53:48.790136,2025-12-30 06:40:46.228367,7.8,False,0,False,False,False,False
TCK-02390,soporte_reactivo,team_gamma,2026-03-18 14:22:44.755320,2026-03-18 23:56:38.418288,9.6,False,0,False,False,False,False
TCK-02391,soporte_reactivo,team_beta,2025-12-19 13:02:05.782912,2025-12-19 19:50:23.096053,6.8,False,0,False,False,False,False
TCK-02392,retencion_clientes,team_gamma,2026-08-03 10:28:22.459285,2026-08-03 18:11:54.194107,7.7,False,0,False,False,False,False
TCK-02393,mantenimiento_operativo,team_beta,2026-03-28 00:33:18.474920,2026-03-28 14:37:16.053024,14.1,False,0,True,True,False,False
TCK-02394,mantenimiento_operativo,team_beta,2025-12-26 19:15:43.329310,2025-12-27 06:49:47.253004,11.6,False,0,False,False,False,False
TCK-02395,retencion_clientes,team_growth,2026-07-01 09:55:45.097547,2026-07-02 07:13:16.957029,21.3,False,0,False,False,False,False
TCK-02396,deuda_tecnica_critica,team_alpha,2026-03-05 10:01:36.688748,2026-03-10 19:38:45.776783,129.6,False,0,False,True,False,False
TCK-02397,mantenimiento_operativo,team_gamma,2026-01-30 16:01:19.785671,2026-01-31 16:54:48.407818,24.9,False,0,False,True,False,False
TCK-02398,soporte_reactivo,team_beta,2026-07-07 01:27:45.644196,2026-07-08 00:47:27.585096,23.3,False,0,False,False,False,False
TCK-02399,cumplimiento_regulatorio,team_gamma,2026-08-01 16:47:25.224517,2026-08-02 10:13:40.594381,17.4,False,0,False,False,False,False
TCK-02400,soporte_reactivo,team_beta,2026-03-20 23:18:10.181122,2026-03-21 10:39:04.417849,11.3,False,0,False,False,False,False
TCK-02401,retencion_clientes,team_gamma,2026-07-30 00:02:24.656433,2026-07-30 04:55:03.471641,4.9,False,0,False,False,False,False
TCK-02402,retencion_clientes,team_growth,2025-12-18 16:01:33.897975,2025-12-19 01:19:53.405857,9.3,False,0,False,False,False,False
TCK-02403,deuda_tecnica_critica,team_beta,2026-07-30 15:34:56.868002,2026-08-08 13:24:37.123633,213.8,False,0,False,True,False,False
TCK-02404,mantenimiento_operativo,team_growth,2026-06-25 10:55:48.408661,2026-06-27 17:53:27.011162,55.0,False,0,False,True,True,False
TCK-02405,mantenimiento_operativo,team_gamma,2026-01-23 13:12:05.554294,2026-01-23 22:38:15.061024,9.4,False,0,False,True,False,False
TCK-02406,cumplimiento_regulatorio,team_growth,2026-03-13 15:55:00.148905,2026-03-14 18:01:45.619090,26.1,False,0,False,False,False,False
TCK-02407,retencion_clientes,team_beta,2026-05-19 09:42:57.447712,2026-05-20 06:45:22.592576,21.0,False,0,False,False,False,False
TCK-02408,deuda_tecnica_critica,team_alpha,2026-02-09 16:56:07.033341,2026-02-11 08:07:09.891785,39.2,False,0,False,False,False,False
TCK-02409,mantenimiento_operativo,team_gamma,2026-02-18 14:40:16.355847,2026-02-19 11:22:10.563925,20.7,False,0,False,True,False,False
TCK-02410,retencion_clientes,team_beta,2026-02-17 23:21:05.683775,2026-02-18 14:23:00.411129,15.0,True,0,False,False,False,False
TCK-02411,deuda_tecnica_critica,team_gamma,2026-01-12 10:35:54.049255,2026-01-18 11:09:29.116749,144.6,False,0,False,True,False,False
TCK-02412,cumplimiento_regulatorio,team_beta,2026-08-15 11:26:06.965218,2026-08-15 23:46:32.075324,12.3,False,0,False,False,False,False
TCK-02413,mantenimiento_operativo,team_gamma,2026-08-01 16:37:56.822259,2026-08-02 06:55:00.921523,14.3,False,0,False,True,False,False
TCK-02414,retencion_clientes,team_growth,2026-08-13 12:14:44.494064,2026-08-14 13:38:24.414306,25.4,False,0,False,False,False,False
TCK-02415,mantenimiento_operativo,team_beta,2026-03-12 19:01:04.856753,2026-03-13 11:42:47.509264,16.7,False,0,True,True,False,False
TCK-02416,retencion_clientes,team_growth,2026-08-14 21:04:22.151520,2026-08-15 16:46:53.485378,19.7,False,0,False,False,False,False
TCK-02417,deuda_tecnica_critica,team_beta,2026-07-27 03:50:36.426350,2026-07-27 15:37:43.916120,11.8,False,0,False,False,False,False
TCK-02418,cumplimiento_regulatorio,team_beta,2026-05-08 13:54:21.817348,2026-05-08 21:41:05.159547,7.8,False,0,False,False,False,False
TCK-02419,mantenimiento_operativo,team_growth,2026-09-02 02:50:06.480557,,,False,0,False,True,False,False
TCK-02420,soporte_reactivo,team_gamma,2026-01-23 12:59:59.684508,2026-01-25 07:05:28.445222,42.1,False,4,False,False,False,False
TCK-02421,soporte_reactivo,team_beta,2026-06-02 04:45:30.046499,2026-06-03 13:11:48.317879,32.4,False,0,False,False,False,False
TCK-02422,cumplimiento_regulatorio,team_beta,2026-07-29 23:42:35.365887,2026-07-30 20:20:00.046263,20.6,False,0,False,False,False,False
TCK-02423,retencion_clientes,team_gamma,2026-04-19 21:01:53.127115,2026-04-20 06:58:06.404172,9.9,False,0,False,False,False,False
TCK-02424,soporte_reactivo,team_growth,2026-03-09 02:25:00.709634,2026-03-10 09:50:38.752885,31.4,False,0,False,False,False,False
TCK-02425,deuda_tecnica_critica,team_beta,2026-07-15 06:03:27.826491,2026-07-15 21:28:06.418607,15.4,False,0,False,True,False,False
TCK-02426,mantenimiento_operativo,team_alpha,2026-06-03 08:20:17.912482,2026-06-03 20:08:24.803271,11.8,True,0,False,False,False,False
TCK-02427,mantenimiento_operativo,team_gamma,2026-08-19 03:28:05.798564,2026-08-19 10:21:40.386687,6.9,False,0,True,True,False,False
TCK-02428,mantenimiento_operativo,team_gamma,2026-04-18 15:57:28.335205,2026-04-19 06:22:14.093464,14.4,False,0,False,False,False,False
TCK-02429,deuda_tecnica_critica,team_gamma,2026-04-07 03:18:12.042367,2026-04-15 03:11:10.330780,191.9,True,0,False,True,False,False
TCK-02430,mantenimiento_operativo,team_beta,2025-12-24 01:01:55.332322,2025-12-24 08:17:55.222931,7.3,False,0,True,True,False,False
TCK-02431,soporte_reactivo,team_alpha,2025-12-26 11:53:39.479721,2025-12-29 06:29:48.027277,66.6,False,4,False,False,False,False
TCK-02432,cumplimiento_regulatorio,team_growth,2026-08-18 18:22:25.513817,2026-08-20 22:20:30.211744,52.0,False,0,False,False,False,False
TCK-02433,mantenimiento_operativo,team_gamma,2026-05-27 10:48:37.468611,2026-05-28 08:30:32.778761,21.7,False,0,False,True,False,False
TCK-02434,mantenimiento_operativo,team_alpha,2026-05-01 13:41:49.309920,2026-05-02 11:53:12.443828,22.2,False,0,True,True,False,False
TCK-02435,cumplimiento_regulatorio,team_beta,2026-01-01 17:25:51.456688,2026-01-02 03:32:43.090851,10.1,False,0,False,False,False,False
TCK-02436,deuda_tecnica_critica,team_alpha,2026-02-03 09:26:05.569474,2026-02-04 07:33:46.859196,22.1,True,0,False,True,False,False
TCK-02437,mantenimiento_operativo,team_beta,2026-03-28 14:09:43.148761,2026-03-29 05:58:43.601282,15.8,False,0,True,True,False,False
TCK-02438,soporte_reactivo,team_beta,2026-08-21 17:32:30.787309,2026-08-22 09:46:34.360215,16.2,False,0,False,False,False,False
TCK-02439,retencion_clientes,team_alpha,2026-02-01 00:32:04.220993,2026-02-01 15:25:25.461303,14.9,False,0,False,False,False,False
TCK-02440,mantenimiento_operativo,team_gamma,2026-01-01 13:47:26.637951,2026-01-02 01:39:09.127302,11.9,False,0,True,False,False,False
TCK-02441,retencion_clientes,team_alpha,2026-02-08 10:05:55.811963,2026-02-08 19:29:26.236933,9.4,False,0,False,False,False,False
TCK-02442,cumplimiento_regulatorio,team_growth,2026-04-08 16:01:14.288769,2026-04-10 10:52:41.439337,42.9,False,0,False,False,False,False
TCK-02443,soporte_reactivo,team_alpha,2026-05-29 11:24:12.303661,2026-05-31 06:37:10.909370,43.2,False,4,False,False,False,False
TCK-02444,soporte_reactivo,team_gamma,2026-01-16 09:13:46.170047,2026-01-18 01:02:53.254942,39.8,False,4,False,False,False,False
TCK-02445,cumplimiento_regulatorio,team_growth,2026-08-31 10:21:47.297513,2026-09-01 15:57:43.835305,29.6,False,0,False,False,False,False
TCK-02446,deuda_tecnica_critica,team_alpha,2026-07-14 13:38:49.331668,2026-07-15 08:20:50.210260,18.7,False,0,False,False,False,False
TCK-02447,retencion_clientes,team_alpha,2026-02-26 13:39:36.439416,2026-02-27 03:19:59.386439,13.7,False,0,False,False,False,False
TCK-02448,mantenimiento_operativo,team_growth,2025-12-31 18:04:46.450904,2026-01-01 13:45:39.118921,19.7,False,0,True,True,False,False
TCK-02449,soporte_reactivo,team_alpha,2026-06-09 20:11:29.218172,2026-06-10 16:54:21.293151,20.7,False,0,False,False,False,False
TCK-02450,soporte_reactivo,team_growth,2026-08-26 05:06:59.095466,2026-08-27 15:16:16.634774,34.2,True,0,False,False,False,False
TCK-02451,mantenimiento_operativo,team_gamma,2026-05-23 15:09:58.348864,2026-05-24 15:02:14.648263,23.9,True,0,False,True,False,False
TCK-02452,cumplimiento_regulatorio,team_alpha,2026-05-03 22:44:20.745107,2026-05-05 01:27:26.549920,26.7,True,0,False,False,False,False
TCK-02453,retencion_clientes,team_growth,2026-02-11 16:02:55.674413,2026-02-12 10:38:12.461696,18.6,False,0,False,False,False,False
TCK-02454,retencion_clientes,team_beta,2026-06-06 21:56:10.909315,2026-06-07 20:34:51.202261,22.6,False,0,False,False,False,False
TCK-02455,deuda_tecnica_critica,team_gamma,2026-07-26 13:39:07.417509,2026-07-27 02:44:12.475378,13.1,False,0,False,True,False,False
TCK-02456,cumplimiento_regulatorio,team_alpha,2026-07-11 12:45:29.814582,2026-07-12 13:39:00.222726,24.9,False,0,False,False,False,False
TCK-02457,mantenimiento_operativo,team_beta,2026-04-24 23:17:18.430177,2026-04-25 07:51:37.639769,8.6,False,0,True,True,False,False
TCK-02458,cumplimiento_regulatorio,team_growth,2026-04-04 21:33:27.186435,2026-04-06 07:48:13.834976,34.2,False,0,False,False,False,False
TCK-02459,soporte_reactivo,team_growth,2025-12-26 14:26:22.446082,2025-12-27 21:17:37.643810,30.9,False,0,False,False,False,False
TCK-02460,mantenimiento_operativo,team_alpha,2025-12-17 15:58:43.850312,2025-12-18 07:41:55.849188,15.7,False,0,True,True,False,False
TCK-02461,retencion_clientes,team_beta,2026-08-09 15:46:56.987746,2026-08-10 09:26:32.659365,17.7,False,0,False,False,False,False
TCK-02462,deuda_tecnica_critica,team_beta,2026-01-05 13:10:26.840189,2026-01-09 14:20:22.040239,97.2,False,0,False,False,False,False
TCK-02463,deuda_tecnica_critica,team_gamma,2026-01-31 20:51:41.897372,2026-02-05 17:00:33.413136,116.1,False,0,False,False,False,False
TCK-02464,mantenimiento_operativo,team_alpha,2026-06-01 19:46:41.026016,2026-06-02 11:50:00.497276,16.1,False,0,True,True,False,False
TCK-02465,retencion_clientes,team_growth,2026-01-25 16:54:50.802831,2026-01-26 21:42:43.139452,28.8,False,0,False,False,False,False
TCK-02466,deuda_tecnica_critica,team_alpha,2026-08-29 08:09:28.420372,2026-08-29 21:15:31.442424,13.1,False,0,False,True,False,False
TCK-02467,cumplimiento_regulatorio,team_gamma,2026-06-01 14:02:18.625259,2026-06-02 14:41:21.890377,24.7,False,0,False,False,False,False
TCK-02468,soporte_reactivo,team_gamma,2026-01-15 10:52:21.025406,2026-01-17 20:11:31.667020,57.3,False,4,False,False,False,False
TCK-02469,retencion_clientes,team_gamma,2026-05-18 02:54:51.573994,2026-05-18 16:10:40.062706,13.3,False,0,False,False,False,False
TCK-02470,cumplimiento_regulatorio,team_growth,2026-01-21 23:52:36.446329,2026-01-22 21:34:08.893085,21.7,False,0,False,False,False,False
TCK-02471,retencion_clientes,team_alpha,2026-04-05 07:48:08.341207,2026-04-06 17:04:47.252807,33.3,False,0,False,False,False,False
TCK-02472,soporte_reactivo,team_beta,2026-06-13 00:38:39.187356,2026-06-13 08:55:53.013941,8.3,False,0,False,False,False,False
TCK-02473,mantenimiento_operativo,team_alpha,2025-12-19 18:08:55.091852,2025-12-20 11:05:18.769019,16.9,False,0,False,True,False,False
TCK-02474,soporte_reactivo,team_beta,2026-02-26 01:54:52.314962,2026-02-26 13:14:45.798617,11.3,False,0,False,False,False,False
TCK-02475,mantenimiento_operativo,team_beta,2026-03-19 06:50:42.910600,2026-03-19 13:38:59.366668,6.8,False,0,False,True,False,False
TCK-02476,retencion_clientes,team_alpha,2026-08-16 17:24:47.811711,2026-08-17 14:00:10.109691,20.6,False,0,False,False,False,False
TCK-02477,soporte_reactivo,team_alpha,2026-08-07 12:15:36.402161,2026-08-08 10:59:53.688377,22.7,False,0,False,False,False,False
TCK-02478,soporte_reactivo,team_alpha,2026-01-16 02:43:08.192038,2026-01-17 05:29:03.943000,26.8,False,4,False,False,False,False
TCK-02479,deuda_tecnica_critica,team_gamma,2026-04-25 02:02:47.706995,2026-04-25 22:02:35.094145,20.0,False,0,False,False,False,False
TCK-02480,mantenimiento_operativo,team_gamma,2026-07-26 15:39:20.970105,2026-07-26 22:19:42.272415,6.7,False,0,True,True,False,False
TCK-02481,soporte_reactivo,team_beta,2026-06-06 13:44:13.053623,2026-06-07 17:35:04.031016,27.8,False,0,False,False,False,False
TCK-02482,retencion_clientes,team_growth,2026-01-24 16:50:24.691102,2026-01-25 13:07:41.430003,20.3,False,0,False,False,False,False
TCK-02483,mantenimiento_operativo,team_gamma,2026-04-03 23:45:19.230669,2026-04-04 17:39:00.642812,17.9,False,0,False,False,False,False
TCK-02484,deuda_tecnica_critica,team_alpha,2026-05-22 17:06:23.260634,2026-05-23 05:32:07.017637,12.4,False,0,False,False,False,False
TCK-02485,mantenimiento_operativo,team_growth,2026-07-03 12:17:11.047160,2026-07-04 17:05:36.566856,28.8,False,0,False,True,False,False
TCK-02486,mantenimiento_operativo,team_gamma,2026-05-22 17:59:57.712798,2026-05-23 06:36:26.526293,12.6,False,0,False,False,False,False
TCK-02487,mantenimiento_operativo,team_growth,2026-07-19 13:47:28.537420,2026-07-22 07:44:45.504294,66.0,False,0,True,True,False,False
TCK-02488,mantenimiento_operativo,team_alpha,2026-04-27 10:53:58.461597,2026-04-28 05:48:25.162528,18.9,False,0,False,True,False,False
TCK-02489,mantenimiento_operativo,team_growth,2026-05-27 09:51:45.088319,2026-05-28 09:21:38.178614,23.5,False,0,False,True,False,False
TCK-02490,retencion_clientes,team_growth,2026-05-27 11:58:09.780063,2026-05-29 03:46:28.208569,39.8,False,0,False,False,False,False
TCK-02491,retencion_clientes,team_growth,2026-06-05 21:48:11.891680,2026-06-06 16:43:35.438905,18.9,False,0,False,False,False,False
TCK-02492,mantenimiento_operativo,team_beta,2026-06-02 02:05:50.176749,2026-06-02 13:47:37.206018,11.7,False,0,False,True,False,False
TCK-02493,soporte_reactivo,team_beta,2026-04-25 21:43:32.634317,2026-04-26 23:00:10.483126,25.3,False,0,False,False,False,False
TCK-02494,mantenimiento_operativo,team_beta,2026-08-10 14:31:57.328252,2026-08-10 19:27:36.872124,4.9,False,0,True,True,False,False
TCK-02495,mantenimiento_operativo,team_alpha,2026-01-23 03:46:35.508680,2026-01-23 12:11:25.775589,8.4,False,0,True,True,False,False
TCK-02496,deuda_tecnica_critica,team_alpha,2026-08-08 11:49:49.350380,2026-08-15 00:06:35.843551,156.3,False,0,False,False,False,False
TCK-02497,soporte_reactivo,team_alpha,2026-04-11 22:41:19.429361,2026-04-12 09:16:30.238071,10.6,True,0,False,False,False,False
TCK-02498,deuda_tecnica_critica,team_growth,2026-03-20 20:36:30.942520,2026-03-21 21:50:32.142903,25.2,False,0,False,False,False,False
TCK-02499,soporte_reactivo,team_gamma,2026-02-09 00:48:17.424330,2026-02-09 21:55:52.475835,21.1,False,0,False,False,False,False
TCK-02500,mantenimiento_operativo,team_beta,2026-05-12 17:44:57.855658,2026-05-13 22:07:47.207386,28.4,False,0,False,False,False,False
TCK-02501,soporte_reactivo,team_beta,2026-03-25 00:47:33.692545,2026-03-25 14:03:56.828759,13.3,False,0,False,False,False,False
TCK-02502,deuda_tecnica_critica,team_alpha,2025-12-24 06:52:04.232249,2025-12-24 16:56:19.561119,10.1,False,0,False,True,False,False
TCK-02503,cumplimiento_regulatorio,team_growth,2026-04-26 08:11:24.711947,2026-04-27 04:47:03.190083,20.6,False,0,False,False,False,False
TCK-02504,retencion_clientes,team_alpha,2026-02-15 14:51:56.465210,2026-02-16 14:01:58.971080,23.2,False,0,False,False,False,False
TCK-02505,mantenimiento_operativo,team_gamma,2026-07-05 14:36:32.375282,2026-07-07 11:13:04.828082,44.6,False,0,False,True,False,False
TCK-02506,soporte_reactivo,team_gamma,2026-05-12 19:16:04.935313,2026-05-13 12:58:36.829443,17.7,False,0,False,False,False,False
TCK-02507,soporte_reactivo,team_alpha,2025-12-24 16:08:25.317148,2025-12-25 18:02:56.717390,25.9,False,0,False,False,False,False
TCK-02508,deuda_tecnica_critica,team_growth,2026-08-31 05:06:43.233724,,,False,0,False,False,False,False
TCK-02509,retencion_clientes,team_growth,2026-05-23 22:45:26.474873,2026-05-25 15:32:59.883455,40.8,False,0,False,False,False,False
TCK-02510,mantenimiento_operativo,team_gamma,2026-04-09 12:49:59.629372,2026-04-10 07:58:38.999707,19.1,False,0,False,False,False,False
TCK-02511,retencion_clientes,team_beta,2026-05-01 14:39:48.631611,2026-05-02 06:33:34.333407,15.9,False,0,False,False,False,False
TCK-02512,cumplimiento_regulatorio,team_alpha,2026-01-11 00:11:12.606863,2026-01-12 11:47:38.658474,35.6,False,0,False,False,False,False
TCK-02513,mantenimiento_operativo,team_growth,2026-04-06 06:26:58.120927,2026-04-08 03:59:04.070948,45.5,False,0,False,True,False,False
TCK-02514,soporte_reactivo,team_gamma,2026-08-23 08:55:37.883853,2026-08-24 02:41:05.235419,17.8,False,0,False,False,False,False
TCK-02515,retencion_clientes,team_gamma,2026-04-12 15:34:15.843044,2026-04-13 07:41:23.606382,16.1,False,0,False,False,False,False
TCK-02516,soporte_reactivo,team_gamma,2026-07-21 12:27:17.784635,2026-07-23 03:41:32.701631,39.2,False,4,False,False,False,False
TCK-02517,soporte_reactivo,team_beta,2026-02-13 06:46:22.638226,2026-02-13 21:53:53.907893,15.1,False,0,False,False,False,False
TCK-02518,mantenimiento_operativo,team_gamma,2026-07-22 08:22:59.940948,2026-07-23 06:57:17.684445,22.6,False,0,False,True,False,False
TCK-02519,mantenimiento_operativo,team_gamma,2025-12-16 13:23:58.784175,2025-12-16 21:19:42.051717,7.9,False,0,False,True,False,False
TCK-02520,retencion_clientes,team_alpha,2026-04-08 06:32:45.551830,2026-04-08 19:28:34.537044,12.9,False,0,False,False,False,False
TCK-02521,cumplimiento_regulatorio,team_growth,2026-05-11 10:56:40.250740,2026-05-12 13:59:35.528096,27.0,False,0,False,False,False,False
TCK-02522,soporte_reactivo,team_beta,2026-03-25 04:03:05.764038,2026-03-26 18:18:36.491908,38.3,False,4,False,False,False,False
TCK-02523,soporte_reactivo,team_alpha,2026-01-03 13:10:05.700853,2026-01-04 21:53:04.777345,32.7,False,4,False,False,False,False
TCK-02524,soporte_reactivo,team_gamma,2026-03-20 18:41:48.725271,2026-03-21 10:34:23.418870,15.9,False,0,False,False,False,False
TCK-02525,retencion_clientes,team_growth,2026-05-07 11:39:50.840460,2026-05-08 03:35:33.503492,15.9,False,0,False,False,False,False
TCK-02526,soporte_reactivo,team_gamma,2026-08-16 18:04:53.923730,2026-08-17 11:08:56.998141,17.1,False,0,False,False,False,False
TCK-02527,cumplimiento_regulatorio,team_alpha,2026-05-18 03:27:37.609387,2026-05-18 17:18:26.721790,13.8,False,0,False,False,False,False
TCK-02528,cumplimiento_regulatorio,team_alpha,2026-04-26 19:43:47.436109,2026-04-27 06:10:41.442182,10.4,False,0,False,False,False,False
TCK-02529,retencion_clientes,team_growth,2026-06-17 08:37:04.254853,2026-06-19 17:14:16.925650,56.6,False,0,False,False,False,False
TCK-02530,deuda_tecnica_critica,team_gamma,2026-04-09 03:30:53.388793,2026-04-09 20:00:50.702646,16.5,False,0,False,True,False,False
TCK-02531,retencion_clientes,team_alpha,2026-08-02 04:43:49.020853,2026-08-03 02:45:17.414505,22.0,False,0,False,False,False,False
TCK-02532,retencion_clientes,team_growth,2026-01-01 03:51:00.195180,2026-01-01 22:14:32.758082,18.4,False,0,False,False,False,False
TCK-02533,deuda_tecnica_critica,team_alpha,2026-06-20 21:45:27.674944,2026-07-06 08:54:14.607038,371.1,False,0,False,True,True,False
TCK-02534,cumplimiento_regulatorio,team_alpha,2025-12-17 22:26:00.562956,2025-12-19 00:53:40.441533,26.5,False,0,False,False,False,False
TCK-02535,soporte_reactivo,team_growth,2026-06-17 16:47:47.947031,2026-06-18 14:48:25.820651,22.0,False,0,False,False,False,False
TCK-02536,mantenimiento_operativo,team_gamma,2026-08-05 07:47:26.599278,2026-08-05 19:18:45.423091,11.5,False,0,True,True,False,False
TCK-02537,deuda_tecnica_critica,team_growth,2026-02-12 18:59:21.781093,2026-02-13 11:54:43.156411,16.9,False,0,False,True,False,False
TCK-02538,retencion_clientes,team_beta,2026-06-08 17:24:16.484295,2026-06-09 04:17:40.609311,10.9,False,0,False,False,False,False
TCK-02539,retencion_clientes,team_beta,2026-05-31 13:21:38.881442,2026-06-01 09:30:41.998470,20.2,True,0,False,False,False,False
TCK-02540,mantenimiento_operativo,team_growth,2026-04-26 15:32:50.063315,2026-04-28 01:27:57.904404,33.9,True,0,False,False,False,False
TCK-02541,cumplimiento_regulatorio,team_growth,2026-08-27 01:31:21.528967,2026-08-28 01:27:10.857806,23.9,True,0,False,False,False,False
TCK-02542,mantenimiento_operativo,team_beta,2026-05-03 17:30:50.175192,2026-05-04 09:32:37.319472,16.0,False,0,False,True,False,False
TCK-02543,deuda_tecnica_critica,team_growth,2026-03-04 15:26:28.372554,2026-03-06 16:22:59.978753,48.9,False,0,False,False,False,False
TCK-02544,soporte_reactivo,team_gamma,2026-02-08 04:34:58.379973,2026-02-09 12:00:15.778031,31.4,False,0,False,False,False,False
TCK-02545,soporte_reactivo,team_alpha,2026-03-22 07:06:02.929241,2026-03-22 18:58:05.143425,11.9,False,0,False,False,False,False
TCK-02546,soporte_reactivo,team_alpha,2026-05-01 20:37:33.255428,2026-05-02 13:21:16.099685,16.7,False,0,False,False,False,False
TCK-02547,soporte_reactivo,team_beta,2026-06-26 15:49:29.547988,2026-06-27 21:37:30.670823,29.8,False,0,False,False,False,False
TCK-02548,retencion_clientes,team_beta,2026-07-14 11:24:04.469426,2026-07-14 18:45:39.635161,7.4,False,0,False,False,False,False
TCK-02549,retencion_clientes,team_beta,2026-06-02 16:42:49.884782,2026-06-03 12:54:00.808116,20.2,False,0,False,False,False,False
TCK-02550,cumplimiento_regulatorio,team_alpha,2026-08-19 23:21:43.903141,2026-08-20 09:36:20.948931,10.2,False,0,False,False,False,False
TCK-02551,deuda_tecnica_critica,team_alpha,2026-05-15 14:14:34.169336,2026-05-15 20:38:38.285572,6.4,False,0,False,True,False,False
TCK-02552,retencion_clientes,team_beta,2026-03-22 04:54:54.799081,2026-03-22 11:45:15.176789,6.8,False,0,False,False,False,False
TCK-02553,soporte_reactivo,team_beta,2026-07-05 00:45:46.006698,2026-07-05 15:33:59.175476,14.8,False,0,False,False,False,False
TCK-02554,soporte_reactivo,team_gamma,2026-08-11 14:52:15.617871,2026-08-14 04:13:38.072962,61.4,True,4,False,False,False,False
TCK-02555,mantenimiento_operativo,team_gamma,2026-04-20 16:06:14.862086,2026-04-21 00:52:02.625922,8.8,False,0,False,True,False,False
TCK-02556,deuda_tecnica_critica,team_growth,2026-01-19 15:52:08.561257,2026-01-20 15:55:59.914254,24.1,False,0,False,False,False,False
TCK-02557,soporte_reactivo,team_beta,2026-07-10 07:34:56.385448,2026-07-10 15:17:51.474604,7.7,False,0,False,False,False,False
TCK-02558,mantenimiento_operativo,team_alpha,2026-02-12 15:21:31.515830,2026-02-13 08:14:37.041082,16.9,False,0,False,True,False,False
TCK-02559,mantenimiento_operativo,team_growth,2026-06-21 22:46:53.765098,2026-06-22 07:04:09.815574,8.3,False,0,True,True,True,False
TCK-02560,deuda_tecnica_critica,team_beta,2026-07-12 12:43:21.969466,2026-07-20 13:21:27.013648,192.6,False,0,False,False,False,False
TCK-02561,soporte_reactivo,team_gamma,2026-03-06 06:43:03.469349,2026-03-07 03:09:48.292470,20.4,False,0,False,False,False,False
TCK-02562,cumplimiento_regulatorio,team_alpha,2026-04-30 23:38:13.151756,2026-05-02 03:07:28.213037,27.5,False,0,False,False,False,False
TCK-02563,mantenimiento_operativo,team_beta,2026-09-01 10:43:51.064237,2026-09-01 18:08:11.882315,7.4,False,0,True,False,False,False
TCK-02564,soporte_reactivo,team_gamma,2025-12-27 05:29:16.835930,2025-12-28 03:15:37.438991,21.8,False,0,False,False,False,False
TCK-02565,cumplimiento_regulatorio,team_beta,2026-05-12 14:27:37.862737,2026-05-14 00:15:56.049845,33.8,True,0,False,False,False,False
TCK-02566,cumplimiento_regulatorio,team_growth,2026-04-01 23:05:53.627148,2026-04-02 19:26:56.689508,20.4,False,0,False,False,False,False
TCK-02567,cumplimiento_regulatorio,team_beta,2026-06-05 07:19:11.244089,2026-06-05 21:28:19.879939,14.2,False,0,False,False,False,False
TCK-02568,cumplimiento_regulatorio,team_gamma,2026-01-20 19:05:54.914016,2026-01-21 17:51:34.016024,22.8,False,0,False,False,False,False
TCK-02569,retencion_clientes,team_gamma,2026-09-06 22:11:17.137105,2026-09-07 12:43:04.902173,14.5,False,0,False,False,False,False
TCK-02570,deuda_tecnica_critica,team_alpha,2026-03-19 17:43:12.665267,2026-03-26 17:31:17.896315,167.8,False,0,False,True,False,False
TCK-02571,mantenimiento_operativo,team_alpha,2026-09-02 11:00:09.039446,2026-09-02 21:54:00.459671,10.9,False,0,False,True,False,False
TCK-02572,soporte_reactivo,team_alpha,2026-03-07 17:04:22.849508,2026-03-08 05:11:19.076650,12.1,False,0,False,False,False,False
TCK-02573,retencion_clientes,team_gamma,2026-07-21 17:54:10.369168,2026-07-22 12:47:58.567294,18.9,False,0,False,False,False,False
TCK-02574,deuda_tecnica_critica,team_beta,2026-02-09 15:31:45.418890,2026-02-14 06:40:24.692380,111.1,False,0,False,True,False,False
TCK-02575,retencion_clientes,team_growth,2026-03-22 00:11:49.351310,2026-03-23 14:05:50.239129,37.9,False,0,False,False,False,False
TCK-02576,retencion_clientes,team_alpha,2026-07-09 14:22:23.943819,2026-07-10 18:29:45.043312,28.1,False,0,False,False,False,False
TCK-02577,soporte_reactivo,team_beta,2026-05-26 05:05:17.617605,2026-05-27 06:28:42.907207,25.4,False,0,False,False,False,False
TCK-02578,retencion_clientes,team_beta,2026-03-14 23:13:33.902125,2026-03-15 14:37:11.515795,15.4,False,0,False,False,False,False
TCK-02579,retencion_clientes,team_growth,2026-02-23 16:26:54.722291,2026-02-25 02:54:56.705269,34.5,False,0,False,False,False,False
TCK-02580,mantenimiento_operativo,team_growth,2026-07-23 03:17:52.594124,2026-07-24 01:01:19.039646,21.7,True,0,False,True,False,False
TCK-02581,deuda_tecnica_critica,team_growth,2026-03-27 07:27:38.812192,2026-03-27 19:30:58.505760,12.1,False,0,False,False,False,False
TCK-02582,cumplimiento_regulatorio,team_beta,2026-04-16 18:19:13.066862,2026-04-17 23:34:22.610524,29.3,False,0,False,False,False,False
TCK-02583,mantenimiento_operativo,team_growth,2026-08-14 20:03:03.144159,2026-08-15 14:52:47.689187,18.8,False,0,True,True,False,False
TCK-02584,mantenimiento_operativo,team_alpha,2026-03-08 01:29:54.186231,2026-03-09 01:36:20.373106,24.1,True,0,False,True,False,False
TCK-02585,cumplimiento_regulatorio,team_growth,2026-04-30 02:20:08.702238,2026-04-30 15:27:16.088361,13.1,False,0,False,False,False,False
TCK-02586,deuda_tecnica_critica,team_beta,2026-04-28 03:04:13.474097,2026-05-04 15:11:34.913032,156.1,True,0,False,False,False,False
TCK-02587,cumplimiento_regulatorio,team_growth,2026-03-31 05:06:03.063067,2026-04-01 15:27:06.392874,34.4,False,0,False,False,False,False
TCK-02588,cumplimiento_regulatorio,team_growth,2026-07-21 11:31:26.433816,2026-07-22 04:30:12.015406,17.0,False,0,False,False,False,False
TCK-02589,mantenimiento_operativo,team_beta,2026-04-12 20:43:17.245681,2026-04-13 09:55:27.918791,13.2,False,0,False,True,False,False
TCK-02590,deuda_tecnica_critica,team_growth,2025-12-17 20:21:44.829139,2025-12-19 06:07:37.921799,33.8,False,0,False,False,False,False
TCK-02591,mantenimiento_operativo,team_alpha,2026-02-28 11:37:23.115821,2026-03-01 00:37:04.403205,13.0,False,0,False,True,False,False
TCK-02592,soporte_reactivo,team_beta,2026-05-26 06:33:14.279284,2026-05-27 06:11:07.269589,23.6,False,0,False,False,False,False
TCK-02593,mantenimiento_operativo,team_alpha,2026-02-09 18:26:34.443443,2026-02-12 07:25:21.098586,61.0,False,0,False,True,False,False
TCK-02594,soporte_reactivo,team_alpha,2026-07-16 22:46:23.479740,2026-07-17 09:08:19.668409,10.4,False,0,False,False,False,False
TCK-02595,deuda_tecnica_critica,team_gamma,2026-04-19 04:53:42.297013,2026-05-03 07:30:05.422617,338.6,False,0,False,False,False,False
TCK-02596,deuda_tecnica_critica,team_growth,2026-05-29 11:56:45.778725,2026-06-12 12:33:14.793742,336.6,False,0,False,False,False,False
TCK-02597,cumplimiento_regulatorio,team_growth,2026-07-17 11:40:26.332710,2026-07-18 12:49:12.056213,25.1,False,0,False,False,False,False
TCK-02598,deuda_tecnica_critica,team_growth,2026-04-19 17:57:20.566436,2026-04-27 05:05:23.433864,179.1,False,0,False,False,False,False
TCK-02599,mantenimiento_operativo,team_gamma,2026-08-24 04:36:54.485854,2026-08-25 01:07:36.115140,20.5,False,0,False,True,False,False
TCK-02600,cumplimiento_regulatorio,team_growth,2025-12-24 01:23:51.086897,2025-12-24 12:21:36.621295,11.0,False,0,False,False,False,False
TCK-02601,deuda_tecnica_critica,team_alpha,2026-02-02 16:38:25.791263,2026-02-08 00:51:33.446744,128.2,False,0,False,False,False,False
TCK-02602,deuda_tecnica_critica,team_gamma,2026-01-12 12:36:27.738506,2026-01-13 01:46:23.682162,13.2,False,0,False,False,False,False
TCK-02603,soporte_reactivo,team_alpha,2026-07-05 09:01:33.237163,2026-07-06 10:08:08.400580,25.1,True,0,False,False,False,False
TCK-02604,deuda_tecnica_critica,team_alpha,2026-02-08 16:42:15.159003,2026-02-16 07:04:14.681792,182.4,False,0,False,False,False,False
TCK-02605,cumplimiento_regulatorio,team_growth,2026-06-09 06:10:52.305588,2026-06-10 13:46:04.571863,31.6,False,0,False,False,False,False
TCK-02606,retencion_clientes,team_alpha,2026-01-16 13:28:14.870960,2026-01-17 12:50:06.625168,23.4,False,0,False,False,False,False
TCK-02607,mantenimiento_operativo,team_alpha,2026-07-02 02:16:35.048308,2026-07-02 06:36:31.861137,4.3,False,0,True,False,False,False
TCK-02608,mantenimiento_operativo,team_alpha,2026-04-10 20:08:22.944883,2026-04-11 07:01:51.625515,10.9,False,0,False,True,False,False
TCK-02609,retencion_clientes,team_beta,2026-05-23 21:01:18.104730,2026-05-24 05:19:35.796541,8.3,False,0,False,False,False,False
TCK-02610,retencion_clientes,team_growth,2026-09-01 16:04:43.566707,2026-09-03 05:00:02.418348,36.9,False,0,False,False,False,False
TCK-02611,deuda_tecnica_critica,team_beta,2025-12-23 04:48:29.600342,2025-12-29 00:04:37.216522,139.3,False,0,False,True,False,False
TCK-02612,retencion_clientes,team_beta,2026-07-05 06:17:02.296368,2026-07-07 05:09:24.491671,46.9,True,0,False,False,False,False
TCK-02613,deuda_tecnica_critica,team_beta,2025-12-31 04:37:26.838874,2026-01-04 21:29:39.401055,112.9,False,0,False,False,False,False
TCK-02614,soporte_reactivo,team_growth,2026-02-26 03:53:37.618418,2026-02-27 18:52:56.803251,39.0,False,0,False,False,False,False
TCK-02615,cumplimiento_regulatorio,team_beta,2026-08-04 00:21:39.650383,2026-08-04 06:18:29.571772,5.9,False,0,False,False,False,False
TCK-02616,retencion_clientes,team_gamma,2026-06-16 01:10:07.657231,2026-06-17 07:55:01.178487,30.7,True,0,False,False,False,False
TCK-02617,retencion_clientes,team_alpha,2026-05-17 19:11:33.341044,2026-05-18 01:53:08.828984,6.7,False,0,False,False,False,False
TCK-02618,soporte_reactivo,team_gamma,2026-06-22 03:44:34.943437,2026-06-22 17:42:27.159750,14.0,True,0,False,False,False,False
TCK-02619,retencion_clientes,team_beta,2026-03-02 17:21:34.195191,2026-03-03 05:32:52.505000,12.2,False,0,False,False,False,False
TCK-02620,cumplimiento_regulatorio,team_gamma,2026-05-24 17:29:12.040542,2026-05-25 22:08:52.572442,28.7,False,0,False,False,False,False
TCK-02621,mantenimiento_operativo,team_growth,2026-04-13 20:05:56.031548,2026-04-14 17:17:42.955426,21.2,False,0,False,True,False,False
TCK-02622,mantenimiento_operativo,team_beta,2026-01-24 16:43:37.549316,2026-01-25 03:14:01.807029,10.5,False,0,True,True,False,False
TCK-02623,mantenimiento_operativo,team_gamma,2026-03-01 16:33:57.542910,2026-03-02 11:33:55.191699,19.0,False,0,False,False,False,False
TCK-02624,cumplimiento_regulatorio,team_gamma,2026-06-09 00:10:58.627396,2026-06-09 12:04:37.321201,11.9,False,0,False,False,False,False
TCK-02625,cumplimiento_regulatorio,team_beta,2026-04-09 13:41:16.713216,2026-04-10 17:07:00.264776,27.4,False,0,False,False,False,False
TCK-02626,mantenimiento_operativo,team_beta,2026-06-14 10:52:27.430171,2026-06-14 19:38:54.845360,8.8,False,0,True,True,True,False
TCK-02627,mantenimiento_operativo,team_alpha,2026-08-27 21:01:52.637073,2026-08-28 09:07:08.708524,12.1,False,0,False,False,False,False
TCK-02628,soporte_reactivo,team_alpha,2026-02-08 07:29:50.601442,2026-02-08 20:32:51.090599,13.1,False,0,False,False,False,False
TCK-02629,mantenimiento_operativo,team_alpha,2026-07-05 13:04:54.021058,2026-07-05 22:10:28.756888,9.1,False,0,False,False,False,False
TCK-02630,soporte_reactivo,team_beta,2026-06-24 16:44:04.991406,2026-06-25 10:45:44.749598,18.0,False,0,False,False,False,False
TCK-02631,deuda_tecnica_critica,team_beta,2026-06-11 10:56:26.283855,2026-06-17 20:02:25.045680,153.1,False,0,False,False,False,False
TCK-02632,mantenimiento_operativo,team_beta,2026-01-09 23:25:41.686724,2026-01-10 09:32:49.120313,10.1,False,0,False,True,False,False
TCK-02633,retencion_clientes,team_beta,2026-08-22 14:08:28.416512,2026-08-23 00:27:07.365911,10.3,False,0,False,False,False,False
TCK-02634,mantenimiento_operativo,team_beta,2026-06-02 23:45:01.420026,2026-06-03 21:59:36.409201,22.2,False,0,True,True,False,False
TCK-02635,mantenimiento_operativo,team_growth,2026-04-02 11:35:20.964832,2026-04-03 12:56:56.473324,25.4,False,0,True,True,False,False
TCK-02636,cumplimiento_regulatorio,team_growth,2026-02-28 01:40:41.980800,2026-03-01 14:23:10.519348,36.7,False,0,False,False,False,False
TCK-02637,cumplimiento_regulatorio,team_beta,2026-05-24 04:21:48.431177,2026-05-24 21:43:16.139341,17.4,False,0,False,False,False,False
TCK-02638,cumplimiento_regulatorio,team_growth,2026-02-26 14:54:08.528794,2026-02-27 09:33:08.625299,18.7,False,0,False,False,False,False
TCK-02639,mantenimiento_operativo,team_gamma,2026-05-26 23:42:33.130323,2026-05-28 08:32:32.923081,32.8,False,0,False,True,False,False
TCK-02640,soporte_reactivo,team_beta,2026-02-28 08:23:09.611322,2026-03-01 20:15:58.436582,35.9,False,0,False,False,False,False
TCK-02641,deuda_tecnica_critica,team_growth,2026-09-06 07:33:28.787488,2026-09-07 01:21:07.008986,17.8,False,0,False,False,False,False
TCK-02642,soporte_reactivo,team_beta,2026-05-13 19:46:34.315280,2026-05-16 02:36:25.073144,54.8,False,4,False,False,False,False
TCK-02643,mantenimiento_operativo,team_gamma,2026-02-19 04:42:14.198479,2026-02-19 16:27:58.625557,11.8,False,0,False,True,False,False
TCK-02644,cumplimiento_regulatorio,team_gamma,2026-04-17 08:59:00.877981,2026-04-17 19:18:31.295032,10.3,False,0,False,False,False,False
TCK-02645,deuda_tecnica_critica,team_beta,2026-06-03 05:36:02.156184,2026-06-03 16:09:47.562345,10.6,False,0,False,False,False,False
TCK-02646,soporte_reactivo,team_alpha,2026-02-22 01:05:23.743892,2026-02-23 16:04:58.308166,39.0,False,4,False,False,False,False
TCK-02647,mantenimiento_operativo,team_beta,2026-06-01 17:47:56.549151,2026-06-02 13:51:39.249159,20.1,False,0,False,False,False,False
TCK-02648,mantenimiento_operativo,team_beta,2026-07-30 05:06:13.574880,2026-07-31 07:54:51.034182,26.8,False,0,False,False,False,False
TCK-02649,mantenimiento_operativo,team_growth,2026-06-22 13:59:00.180110,2026-06-27 05:46:02.711271,111.8,True,0,False,True,True,False
TCK-02650,deuda_tecnica_critica,team_alpha,2026-07-16 11:32:47.955379,2026-07-17 05:28:18.294705,17.9,False,0,False,True,False,False
TCK-02651,mantenimiento_operativo,team_gamma,2026-07-26 14:26:59.609466,2026-07-27 09:52:33.711811,19.4,False,0,True,True,False,False
TCK-02652,retencion_clientes,team_growth,2026-07-16 20:16:39.019109,2026-07-18 09:49:42.374372,37.6,False,0,False,False,False,False
TCK-02653,deuda_tecnica_critica,team_growth,2026-06-25 01:18:11.790002,2026-07-09 09:02:03.959961,343.7,False,0,False,False,False,False
TCK-02654,cumplimiento_regulatorio,team_gamma,2026-02-07 16:25:03.278454,2026-02-08 16:03:25.038901,23.6,False,0,False,False,False,False
TCK-02655,cumplimiento_regulatorio,team_alpha,2026-03-01 02:32:39.503864,2026-03-02 08:04:34.790290,29.5,False,0,False,False,False,False
TCK-02656,soporte_reactivo,team_beta,2026-04-01 19:51:04.745606,2026-04-02 13:47:01.062249,17.9,False,0,False,False,False,False
TCK-02657,soporte_reactivo,team_gamma,2026-04-16 10:54:07.055935,2026-04-17 01:26:17.542940,14.5,False,0,False,False,False,False
TCK-02658,soporte_reactivo,team_gamma,2025-12-18 09:59:42.342044,2025-12-18 20:23:44.840754,10.4,False,0,False,False,False,False
TCK-02659,retencion_clientes,team_alpha,2026-01-07 10:20:13.301705,2026-01-09 05:55:15.509462,43.6,False,0,False,False,False,False
TCK-02660,mantenimiento_operativo,team_beta,2026-02-15 05:29:11.242030,2026-02-15 15:05:44.654564,9.6,False,0,False,True,False,False
TCK-02661,retencion_clientes,team_growth,2026-08-10 22:00:19.074943,2026-08-12 22:07:23.000152,48.1,False,0,False,False,False,False
TCK-02662,mantenimiento_operativo,team_beta,2026-02-24 14:49:27.874521,2026-02-24 22:45:36.624515,7.9,False,0,True,True,False,False
TCK-02663,mantenimiento_operativo,team_alpha,2026-05-09 15:12:45.617041,2026-05-10 04:39:24.020131,13.4,False,0,False,True,False,False
TCK-02664,deuda_tecnica_critica,team_beta,2026-02-08 04:36:21.870033,2026-02-13 10:51:58.785774,126.3,True,0,False,True,False,False
TCK-02665,soporte_reactivo,team_gamma,2026-07-08 16:59:53.210520,2026-07-09 10:40:00.182702,17.7,False,0,False,False,False,False
TCK-02666,deuda_tecnica_critica,team_alpha,2026-02-25 19:21:59.811301,2026-02-26 12:27:35.734202,17.1,False,0,False,False,False,False
TCK-02667,cumplimiento_regulatorio,team_beta,2026-08-17 06:54:27.452296,2026-08-18 04:21:10.821719,21.4,False,0,False,False,False,False
TCK-02668,cumplimiento_regulatorio,team_growth,2026-03-25 17:50:44.570145,2026-03-26 05:38:15.960536,11.8,False,0,False,False,False,False
TCK-02669,soporte_reactivo,team_beta,2026-06-20 06:11:22.477142,2026-06-20 15:45:00.246644,9.6,False,0,False,False,False,False
TCK-02670,soporte_reactivo,team_alpha,2026-09-06 01:21:44.526482,,,False,0,False,False,False,False
TCK-02671,deuda_tecnica_critica,team_growth,2026-07-16 18:06:58.194674,2026-07-17 18:10:29.588415,24.1,False,0,False,True,False,False
TCK-02672,soporte_reactivo,team_growth,2026-05-18 03:51:12.966413,2026-05-20 02:05:34.435287,46.2,False,0,False,False,False,False
TCK-02673,mantenimiento_operativo,team_beta,2026-05-19 07:56:53.758350,2026-05-19 16:26:33.755663,8.5,False,0,True,False,False,False
TCK-02674,retencion_clientes,team_alpha,2026-09-04 16:30:19.099272,2026-09-05 04:26:43.666237,11.9,False,0,False,False,False,False
TCK-02675,retencion_clientes,team_growth,2026-09-05 23:03:39.597187,2026-09-07 23:19:57.687876,48.3,False,0,False,False,False,False
TCK-02676,soporte_reactivo,team_growth,2026-02-27 22:05:31.932692,2026-03-02 06:58:54.369678,56.9,False,4,False,False,False,False
TCK-02677,deuda_tecnica_critica,team_gamma,2026-03-22 07:25:40.746329,2026-03-22 21:23:08.296314,14.0,False,0,False,False,False,False
TCK-02678,cumplimiento_regulatorio,team_alpha,2026-04-01 17:03:56.897834,2026-04-02 09:07:47.781313,16.1,False,0,False,False,False,False
TCK-02679,mantenimiento_operativo,team_alpha,2026-08-06 09:13:31.245345,2026-08-06 22:01:27.275550,12.8,False,0,False,True,False,False
TCK-02680,cumplimiento_regulatorio,team_growth,2026-08-23 12:01:40.582066,2026-08-25 07:37:59.203253,43.6,False,0,False,False,False,False
TCK-02681,mantenimiento_operativo,team_beta,2026-03-25 04:17:09.538329,2026-03-25 21:42:13.761711,17.4,False,0,False,True,False,False
TCK-02682,soporte_reactivo,team_beta,2026-03-27 01:35:04.888885,2026-03-27 11:31:07.643342,9.9,False,0,False,False,False,False
TCK-02683,soporte_reactivo,team_growth,2026-02-10 05:48:28.782463,2026-02-12 06:23:41.086846,48.6,False,0,False,False,False,False
TCK-02684,retencion_clientes,team_gamma,2026-05-05 22:08:57.486238,2026-05-06 05:27:25.369477,7.3,False,0,False,False,False,False
TCK-02685,soporte_reactivo,team_beta,2026-05-23 21:41:51.893689,2026-05-24 15:37:34.095830,17.9,False,0,False,False,False,False
TCK-02686,deuda_tecnica_critica,team_growth,2026-05-21 12:31:36.283062,2026-05-30 20:31:46.548629,224.0,False,0,False,False,False,False
TCK-02687,cumplimiento_regulatorio,team_growth,2026-08-13 09:01:56.127097,2026-08-14 20:55:34.838718,35.9,False,0,False,False,False,False
TCK-02688,mantenimiento_operativo,team_alpha,2026-06-17 22:43:10.664112,2026-06-18 13:35:03.181131,14.9,False,0,True,True,True,False
TCK-02689,soporte_reactivo,team_gamma,2026-02-19 23:57:32.739174,2026-02-22 16:00:24.315153,64.0,False,4,False,False,False,False
TCK-02690,mantenimiento_operativo,team_gamma,2026-03-19 17:52:25.201955,2026-03-20 21:27:53.725483,27.6,False,0,False,True,False,False
TCK-02691,mantenimiento_operativo,team_growth,2026-03-12 08:54:11.601257,2026-03-13 00:45:29.588920,15.9,False,0,True,True,False,False
TCK-02692,soporte_reactivo,team_gamma,2026-04-24 08:56:59.816434,2026-04-26 07:57:57.515445,47.0,False,4,False,False,False,False
TCK-02693,mantenimiento_operativo,team_beta,2026-08-30 17:23:26.427418,2026-08-31 02:38:02.863807,9.2,False,0,True,True,False,False
TCK-02694,mantenimiento_operativo,team_gamma,2026-03-31 05:09:12.111548,2026-04-01 02:44:54.776734,21.6,False,0,True,True,False,False
TCK-02695,mantenimiento_operativo,team_gamma,2026-01-28 11:33:29.616905,2026-01-28 22:25:04.636677,10.9,False,0,False,True,False,False
TCK-02696,mantenimiento_operativo,team_beta,2025-12-17 10:13:26.044515,2025-12-18 05:12:15.641345,19.0,False,0,True,True,False,False
TCK-02697,cumplimiento_regulatorio,team_gamma,2026-02-23 01:26:09.469385,2026-02-23 20:49:36.686921,19.4,False,0,False,False,False,False
TCK-02698,mantenimiento_operativo,team_alpha,2026-01-14 02:08:33.731430,2026-01-14 09:40:26.994135,7.5,False,0,True,True,False,False
TCK-02699,mantenimiento_operativo,team_alpha,2026-01-03 05:30:18.334178,2026-01-03 20:08:09.876990,14.6,False,0,False,True,False,False
TCK-02700,soporte_reactivo,team_alpha,2026-04-10 14:00:48.477536,2026-04-11 13:51:12.827422,23.8,False,0,False,False,False,False
TCK-02701,mantenimiento_operativo,team_gamma,2026-04-11 18:35:48.864885,2026-04-12 11:28:29.395203,16.9,False,0,False,True,False,False
TCK-02702,mantenimiento_operativo,team_gamma,2026-01-30 11:22:11.885452,2026-01-31 08:10:12.734770,20.8,False,0,False,True,False,False
TCK-02703,mantenimiento_operativo,team_alpha,2025-12-18 04:30:05.141496,2025-12-18 12:46:36.504916,8.3,False,0,True,False,False,False
TCK-02704,retencion_clientes,team_growth,2026-08-13 09:39:49.421431,2026-08-14 11:05:16.287001,25.4,False,0,False,False,False,False
TCK-02705,retencion_clientes,team_gamma,2026-04-10 20:56:28.042086,2026-04-11 12:48:41.076249,15.9,False,0,False,False,False,False
TCK-02706,retencion_clientes,team_alpha,2026-04-18 03:54:47.174255,2026-04-18 19:15:45.838250,15.3,False,0,False,False,False,False
TCK-02707,cumplimiento_regulatorio,team_growth,2026-06-18 05:52:39.758352,2026-06-19 17:12:11.046608,35.3,False,0,False,False,False,False
TCK-02708,soporte_reactivo,team_alpha,2026-05-02 11:33:06.932189,2026-05-02 20:36:09.317954,9.1,False,0,False,False,False,False
TCK-02709,deuda_tecnica_critica,team_gamma,2026-08-31 04:18:01.026328,,,False,0,False,True,False,False
TCK-02710,cumplimiento_regulatorio,team_alpha,2026-02-19 19:15:54.317125,2026-02-20 15:43:29.215752,20.5,False,0,False,False,False,False
TCK-02711,soporte_reactivo,team_alpha,2026-05-29 10:20:44.057546,2026-05-29 22:57:00.987962,12.6,False,0,False,False,False,False
TCK-02712,deuda_tecnica_critica,team_growth,2026-06-20 02:05:17.157232,2026-07-09 04:58:32.648754,458.9,False,0,False,True,True,False
TCK-02713,soporte_reactivo,team_alpha,2026-06-19 14:22:22.079428,2026-06-21 05:18:50.319537,38.9,False,4,False,False,False,False
TCK-02714,mantenimiento_operativo,team_beta,2026-04-24 00:07:09.152687,2026-04-24 19:38:52.801358,19.5,False,0,True,True,False,False
TCK-02715,deuda_tecnica_critica,team_beta,2026-06-06 02:56:33.756453,2026-06-07 19:55:50.317545,41.0,False,0,False,False,False,False
TCK-02716,mantenimiento_operativo,team_beta,2026-08-15 14:35:11.066938,2026-08-16 00:13:23.432070,9.6,False,0,False,False,False,False
TCK-02717,retencion_clientes,team_beta,2026-06-06 20:05:32.120343,2026-06-07 08:51:02.335927,12.8,True,0,False,False,False,False
TCK-02718,soporte_reactivo,team_growth,2026-04-26 17:07:54.941795,2026-04-28 22:45:08.096661,53.6,False,4,False,False,False,False
TCK-02719,mantenimiento_operativo,team_beta,2025-12-19 10:02:34.795096,2025-12-19 20:51:54.976285,10.8,False,0,False,True,False,False
TCK-02720,soporte_reactivo,team_beta,2026-03-24 15:12:26.124082,2026-03-25 10:05:39.398067,18.9,False,0,False,False,False,False
TCK-02721,soporte_reactivo,team_gamma,2026-04-04 22:40:21.097361,2026-04-05 10:39:29.244861,12.0,False,0,False,False,False,False
TCK-02722,deuda_tecnica_critica,team_beta,2026-07-18 03:31:44.457599,2026-07-18 21:04:21.659717,17.5,False,0,False,False,False,False
TCK-02723,retencion_clientes,team_growth,2026-01-22 15:38:27.041921,2026-01-25 00:02:58.371979,56.4,False,0,False,False,False,False
TCK-02724,deuda_tecnica_critica,team_beta,2026-07-23 06:44:10.532416,2026-07-27 03:38:14.754585,92.9,False,0,False,False,False,False
TCK-02725,mantenimiento_operativo,team_beta,2026-08-01 11:10:31.210734,2026-08-02 02:04:30.905685,14.9,False,0,False,False,False,False
TCK-02726,cumplimiento_regulatorio,team_growth,2026-08-09 12:41:59.480963,2026-08-10 15:30:11.100604,26.8,False,0,False,False,False,False
TCK-02727,deuda_tecnica_critica,team_alpha,2026-04-28 21:36:15.414459,2026-04-29 14:23:45.658280,16.8,False,0,False,False,False,False
TCK-02728,soporte_reactivo,team_alpha,2026-04-30 08:59:00.092739,2026-04-30 17:44:22.978282,8.8,False,0,False,False,False,False
TCK-02729,retencion_clientes,team_alpha,2026-01-03 07:42:49.313365,2026-01-04 06:51:30.750767,23.1,True,0,False,False,False,False
TCK-02730,deuda_tecnica_critica,team_gamma,2026-01-01 23:39:07.761061,2026-01-02 08:51:44.953537,9.2,False,0,False,False,False,False
TCK-02731,soporte_reactivo,team_growth,2026-02-09 22:12:41.450272,2026-02-11 22:04:24.390010,47.9,False,0,False,False,False,False
TCK-02732,mantenimiento_operativo,team_beta,2026-01-19 17:57:04.057400,2026-01-20 04:51:05.805551,10.9,False,0,True,False,False,False
TCK-02733,mantenimiento_operativo,team_alpha,2026-03-14 20:58:23.895214,2026-03-15 11:41:59.853893,14.7,False,0,False,True,False,False
TCK-02734,retencion_clientes,team_beta,2026-05-23 12:37:21.516340,2026-05-23 22:42:03.194665,10.1,False,0,False,False,False,False
TCK-02735,deuda_tecnica_critica,team_alpha,2026-08-09 13:10:26.038315,2026-08-13 23:52:22.484588,106.7,False,0,False,True,False,False
TCK-02736,mantenimiento_operativo,team_alpha,2026-04-18 12:36:52.760584,2026-04-19 00:57:17.298655,12.3,False,0,False,True,False,False
TCK-02737,mantenimiento_operativo,team_alpha,2026-02-13 22:53:05.581729,2026-02-14 19:06:14.693263,20.2,False,0,False,False,False,False
TCK-02738,mantenimiento_operativo,team_beta,2026-05-08 02:11:02.318224,2026-05-09 04:58:34.365866,26.8,False,0,False,True,False,False
TCK-02739,mantenimiento_operativo,team_growth,2026-05-29 15:01:56.841574,2026-05-30 14:12:44.803214,23.2,False,0,True,True,False,False
TCK-02740,cumplimiento_regulatorio,team_beta,2026-05-20 00:14:44.688931,2026-05-20 16:47:05.075974,16.5,False,0,False,False,False,False
TCK-02741,cumplimiento_regulatorio,team_gamma,2026-08-10 22:08:17.748597,2026-08-11 05:12:33.800322,7.1,False,0,False,False,False,False
TCK-02742,soporte_reactivo,team_gamma,2026-06-16 08:56:24.422018,2026-06-17 09:04:04.562013,24.1,False,0,False,False,False,False
TCK-02743,mantenimiento_operativo,team_alpha,2026-04-16 05:22:00.704065,2026-04-17 02:05:32.743705,20.7,True,0,False,False,False,False
TCK-02744,soporte_reactivo,team_alpha,2026-06-14 08:18:25.318065,2026-06-15 00:29:12.618063,16.2,False,0,False,False,False,False
TCK-02745,mantenimiento_operativo,team_gamma,2026-06-16 17:12:19.925263,2026-06-17 08:32:49.101568,15.3,False,0,False,False,False,False
TCK-02746,retencion_clientes,team_growth,2026-05-03 15:45:14.227007,2026-05-04 20:12:06.909901,28.4,False,0,False,False,False,False
TCK-02747,cumplimiento_regulatorio,team_growth,2026-05-14 13:22:05.132736,2026-05-15 08:20:47.223941,19.0,False,0,False,False,False,False
TCK-02748,soporte_reactivo,team_alpha,2026-03-12 20:15:56.409920,2026-03-13 15:59:14.877435,19.7,False,0,False,False,False,False
TCK-02749,mantenimiento_operativo,team_growth,2026-06-08 13:13:40.281584,2026-06-09 12:23:50.885779,23.2,False,0,False,True,False,False
TCK-02750,cumplimiento_regulatorio,team_alpha,2026-05-30 19:43:25.854650,2026-05-31 07:08:39.241699,11.4,False,0,False,False,False,False
TCK-02751,deuda_tecnica_critica,team_growth,2026-01-17 11:54:29.416172,2026-01-24 15:00:43.489472,171.1,False,0,False,True,False,False
TCK-02752,deuda_tecnica_critica,team_gamma,2026-06-17 01:12:02.969542,2026-07-18 20:08:11.205115,762.9,True,0,False,True,True,False
TCK-02753,mantenimiento_operativo,team_beta,2026-08-12 19:26:26.882261,2026-08-13 11:14:09.209554,15.8,False,0,True,False,False,False
TCK-02754,soporte_reactivo,team_gamma,2026-01-21 23:08:24.559476,2026-01-22 11:34:38.624866,12.4,False,0,False,False,False,False
TCK-02755,retencion_clientes,team_alpha,2026-06-03 23:53:39.275090,2026-06-05 03:56:46.841617,28.1,False,0,False,False,False,False
TCK-02756,cumplimiento_regulatorio,team_alpha,2026-08-04 05:28:15.911887,2026-08-05 05:06:33.342726,23.6,False,0,False,False,False,False
TCK-02757,retencion_clientes,team_beta,2026-03-23 05:49:04.393865,2026-03-24 04:29:50.550523,22.7,False,0,False,False,False,False
TCK-02758,deuda_tecnica_critica,team_growth,2026-03-09 05:34:54.478681,2026-03-10 07:41:02.688294,26.1,False,0,False,False,False,False
TCK-02759,cumplimiento_regulatorio,team_gamma,2026-03-13 16:18:16.723100,2026-03-14 00:36:06.702897,8.3,False,0,False,False,False,False
TCK-02760,soporte_reactivo,team_gamma,2026-01-13 14:07:34.345269,2026-01-14 04:00:56.001484,13.9,False,0,False,False,False,False
TCK-02761,mantenimiento_operativo,team_gamma,2026-07-23 03:02:04.273505,2026-07-23 18:52:36.120689,15.8,True,0,False,False,False,False
TCK-02762,cumplimiento_regulatorio,team_alpha,2026-03-10 03:43:41.975447,2026-03-10 18:08:12.223797,14.4,False,0,False,False,False,False
TCK-02763,deuda_tecnica_critica,team_gamma,2026-03-21 06:41:50.917088,2026-03-26 17:37:02.580336,130.9,False,0,False,True,False,False
TCK-02764,soporte_reactivo,team_beta,2026-04-08 13:35:51.712798,2026-04-09 06:04:36.115849,16.5,False,0,False,False,False,False
TCK-02765,deuda_tecnica_critica,team_growth,2026-06-12 08:20:54.203659,2026-07-03 10:23:14.045524,506.0,False,0,False,False,False,False
TCK-02766,retencion_clientes,team_growth,2026-01-22 09:34:41.589121,2026-01-24 17:40:42.632268,56.1,False,0,False,False,False,False
TCK-02767,retencion_clientes,team_gamma,2026-05-25 04:24:44.243462,2026-05-25 13:34:33.775856,9.2,False,0,False,False,False,False
TCK-02768,mantenimiento_operativo,team_gamma,2026-04-12 01:41:27.483455,2026-04-12 09:32:24.858997,7.8,False,0,True,True,False,False
TCK-02769,mantenimiento_operativo,team_alpha,2025-12-31 22:26:34.038539,2026-01-01 15:38:02.123806,17.2,False,0,False,False,False,False
TCK-02770,retencion_clientes,team_beta,2026-02-18 17:11:36.782277,2026-02-19 03:37:10.568625,10.4,False,0,False,False,False,False
TCK-02771,retencion_clientes,team_gamma,2026-07-02 17:11:04.281721,2026-07-02 22:24:26.758263,5.2,False,0,False,False,False,False
TCK-02772,retencion_clientes,team_beta,2026-04-26 00:33:11.526065,2026-04-26 11:39:18.996606,11.1,False,0,False,False,False,False
TCK-02773,deuda_tecnica_critica,team_gamma,2026-01-28 03:30:46.285391,2026-02-01 02:45:45.497553,95.2,False,0,False,True,False,False
TCK-02774,deuda_tecnica_critica,team_gamma,2026-02-28 02:07:44.546817,2026-03-06 22:23:35.503908,164.3,False,0,False,False,False,False
TCK-02775,soporte_reactivo,team_alpha,2026-06-21 19:44:33.994634,2026-06-22 12:40:16.099302,16.9,False,0,False,False,False,False
TCK-02776,soporte_reactivo,team_gamma,2026-08-24 03:32:17.258289,2026-08-24 12:30:10.654908,9.0,False,0,False,False,False,False
TCK-02777,mantenimiento_operativo,team_beta,2026-02-24 14:22:00.297546,2026-02-25 06:49:42.070603,16.5,False,0,False,True,False,False
TCK-02778,cumplimiento_regulatorio,team_alpha,2026-01-17 02:15:06.882043,2026-01-17 21:36:19.787536,19.4,False,0,False,False,False,False
TCK-02779,deuda_tecnica_critica,team_beta,2026-05-31 10:25:57.658520,2026-06-07 08:42:38.922981,166.3,False,0,False,False,False,False
TCK-02780,cumplimiento_regulatorio,team_alpha,2026-02-02 11:26:11.040506,2026-02-03 07:59:15.311014,20.6,True,0,False,False,False,False
TCK-02781,soporte_reactivo,team_gamma,2026-05-30 09:21:05.673629,2026-05-30 19:37:15.997124,10.3,False,0,False,False,False,False
TCK-02782,deuda_tecnica_critica,team_gamma,2026-07-01 00:36:30.790454,2026-07-01 18:19:01.637988,17.7,False,0,False,True,False,False
TCK-02783,mantenimiento_operativo,team_alpha,2026-05-09 13:32:37.867605,2026-05-10 10:53:39.790789,21.4,False,0,False,True,False,False
TCK-02784,deuda_tecnica_critica,team_beta,2026-01-17 12:04:39.511788,2026-01-18 00:03:29.071805,12.0,False,0,False,True,False,False
TCK-02785,soporte_reactivo,team_beta,2026-03-13 06:08:31.205327,2026-03-15 03:38:18.260274,45.5,False,4,False,False,False,False
TCK-02786,deuda_tecnica_critica,team_gamma,2026-04-18 13:29:25.010754,2026-04-26 06:49:18.910327,185.3,False,0,False,False,False,False
TCK-02787,deuda_tecnica_critica,team_growth,2026-06-20 01:14:51.583483,2026-08-03 20:14:45.021662,1075.0,False,0,False,True,True,False
TCK-02788,retencion_clientes,team_growth,2026-03-29 22:39:24.489079,2026-03-31 23:34:00.864363,48.9,False,0,False,False,False,False
TCK-02789,soporte_reactivo,team_gamma,2026-08-14 20:41:24.001117,2026-08-15 15:51:59.501000,19.2,False,0,False,False,False,False
TCK-02790,deuda_tecnica_critica,team_alpha,2026-02-23 01:49:55.663290,2026-02-24 12:23:04.681106,34.6,False,0,False,False,False,False
TCK-02791,soporte_reactivo,team_gamma,2026-07-12 03:56:59.437264,2026-07-12 19:01:49.789257,15.1,False,0,False,False,False,False
TCK-02792,mantenimiento_operativo,team_gamma,2026-04-13 16:51:30.764429,2026-04-14 01:49:29.638864,9.0,False,0,True,True,False,False
TCK-02793,deuda_tecnica_critica,team_growth,2026-05-18 19:50:42.691633,2026-05-19 14:34:12.899052,18.7,False,0,False,True,False,False
TCK-02794,deuda_tecnica_critica,team_beta,2026-01-14 09:30:47.754859,2026-01-14 20:56:14.443424,11.4,False,0,False,False,False,False
TCK-02795,mantenimiento_operativo,team_alpha,2026-05-31 20:46:22.343044,2026-06-01 10:07:29.231385,13.4,False,0,False,True,False,False
TCK-02796,cumplimiento_regulatorio,team_beta,2026-07-25 07:12:02.522683,2026-07-26 00:13:20.655273,17.0,False,0,False,False,False,False
TCK-02797,soporte_reactivo,team_growth,2026-09-04 11:05:12.725729,2026-09-05 02:55:41.117911,15.8,False,0,False,False,False,False
TCK-02798,cumplimiento_regulatorio,team_gamma,2026-01-15 21:17:00.562311,2026-01-16 22:44:51.937666,25.5,True,0,False,False,False,False
TCK-02799,cumplimiento_regulatorio,team_alpha,2026-08-16 08:18:52.663485,2026-08-17 06:34:19.599742,22.3,False,0,False,False,False,False
TCK-02800,soporte_reactivo,team_gamma,2026-08-14 13:58:08.386106,2026-08-15 00:48:05.398337,10.8,False,0,False,False,False,False
TCK-02801,retencion_clientes,team_gamma,2026-06-14 11:35:48.413295,2026-06-14 23:42:44.343715,12.1,False,0,False,False,False,False
TCK-02802,cumplimiento_regulatorio,team_growth,2026-07-12 23:27:41.016832,2026-07-13 15:36:55.921797,16.2,False,0,False,False,False,False
TCK-02803,mantenimiento_operativo,team_growth,2026-02-06 13:45:45.470755,2026-02-07 02:19:50.005433,12.6,False,0,False,True,False,False
TCK-02804,cumplimiento_regulatorio,team_growth,2026-07-24 23:22:34.956709,2026-07-26 05:05:21.699716,29.7,False,0,False,False,False,False
TCK-02805,cumplimiento_regulatorio,team_growth,2026-01-30 12:21:42.883197,2026-01-31 12:21:03.424826,24.0,False,0,False,False,False,False
TCK-02806,retencion_clientes,team_growth,2026-06-22 04:58:51.481855,2026-06-22 21:11:03.154241,16.2,False,0,False,False,False,False
TCK-02807,mantenimiento_operativo,team_beta,2026-05-20 11:04:13.523775,2026-05-21 03:20:46.807403,16.3,False,0,False,True,False,False
TCK-02808,retencion_clientes,team_beta,2025-12-18 03:44:42.982162,2025-12-18 20:56:48.678226,17.2,False,0,False,False,False,False
TCK-02809,soporte_reactivo,team_gamma,2026-08-25 06:54:40.862919,2026-08-25 12:03:27.349071,5.1,False,0,False,False,False,False
TCK-02810,mantenimiento_operativo,team_alpha,2026-03-24 13:54:30.951520,2026-03-25 06:02:24.124858,16.1,False,0,False,False,False,False
TCK-02811,mantenimiento_operativo,team_gamma,2026-03-30 19:09:03.608936,2026-03-31 22:11:54.900103,27.0,False,0,False,False,False,False
TCK-02812,deuda_tecnica_critica,team_gamma,2026-01-04 02:04:38.323464,2026-01-09 04:56:46.412563,122.9,False,0,False,False,False,False
TCK-02813,mantenimiento_operativo,team_alpha,2026-06-17 20:17:34.380499,2026-06-18 06:04:14.884039,9.8,False,0,True,False,False,False
TCK-02814,mantenimiento_operativo,team_gamma,2026-08-27 19:11:21.362044,2026-08-28 04:24:54.401209,9.2,False,0,True,True,False,False
TCK-02815,soporte_reactivo,team_beta,2025-12-21 15:02:37.527634,2025-12-23 20:53:29.313210,53.8,False,4,False,False,False,False
TCK-02816,retencion_clientes,team_growth,2026-02-27 15:24:48.597104,2026-03-01 08:09:59.569803,40.8,False,0,False,False,False,False
TCK-02817,mantenimiento_operativo,team_beta,2026-08-21 19:14:29.346468,2026-08-22 10:05:39.989580,14.9,False,0,True,True,False,False
TCK-02818,soporte_reactivo,team_growth,2026-06-08 11:50:18.813730,2026-06-09 01:56:49.359966,14.1,False,0,False,False,False,False
TCK-02819,retencion_clientes,team_growth,2026-03-13 00:51:07.240531,2026-03-14 07:21:53.699588,30.5,False,0,False,False,False,False
TCK-02820,mantenimiento_operativo,team_growth,2026-06-02 08:05:56.556359,2026-06-03 15:33:50.460270,31.5,False,0,False,True,False,False
TCK-02821,mantenimiento_operativo,team_alpha,2026-02-05 01:16:55.197683,2026-02-06 13:38:19.932662,36.4,False,0,False,True,False,False
TCK-02822,soporte_reactivo,team_growth,2026-06-14 11:44:05.880826,2026-06-16 05:22:41.910937,41.6,False,0,False,False,False,False
TCK-02823,soporte_reactivo,team_beta,2026-08-01 09:29:48.197704,2026-08-04 19:39:02.215804,82.2,True,4,False,False,False,False
TCK-02824,cumplimiento_regulatorio,team_growth,2026-02-11 21:32:28.814229,2026-02-13 19:46:51.539235,46.2,False,0,False,False,False,False
TCK-02825,mantenimiento_operativo,team_beta,2026-03-11 23:29:15.194077,2026-03-12 18:02:28.335840,18.6,False,0,True,True,False,False
TCK-02826,soporte_reactivo,team_gamma,2026-02-26 21:26:31.495308,2026-03-01 03:53:04.781962,54.4,False,4,False,False,False,False
TCK-02827,cumplimiento_regulatorio,team_growth,2026-02-25 21:07:02.128653,2026-02-27 18:26:53.999717,45.3,False,0,False,False,False,False
TCK-02828,soporte_reactivo,team_beta,2026-03-13 10:32:55.746182,2026-03-14 07:31:43.074536,21.0,False,0,False,False,False,False
TCK-02829,mantenimiento_operativo,team_gamma,2026-01-02 13:34:59.927373,2026-01-03 08:32:02.875627,19.0,False,0,False,True,False,False
TCK-02830,mantenimiento_operativo,team_alpha,2026-04-03 00:58:58.344867,2026-04-03 16:20:22.629956,15.4,False,0,True,True,False,False
TCK-02831,soporte_reactivo,team_alpha,2026-02-09 09:56:03.885642,2026-02-11 19:31:02.419796,57.6,False,4,False,False,False,False
TCK-02832,deuda_tecnica_critica,team_alpha,2026-08-02 13:33:43.463828,2026-08-03 08:09:11.592799,18.6,False,0,False,False,False,False
TCK-02833,mantenimiento_operativo,team_beta,2026-07-13 01:34:42.590523,2026-07-13 10:06:01.827862,8.5,False,0,False,False,False,False
TCK-02834,soporte_reactivo,team_beta,2026-08-18 19:14:38.426977,2026-08-19 22:43:17.774823,27.5,False,4,False,False,False,False
TCK-02835,retencion_clientes,team_beta,2026-05-14 16:23:47.828833,2026-05-15 01:24:49.676913,9.0,False,0,False,False,False,False
TCK-02836,cumplimiento_regulatorio,team_alpha,2026-06-01 03:02:18.672877,2026-06-01 21:28:12.252911,18.4,False,0,False,False,False,False
TCK-02837,mantenimiento_operativo,team_growth,2026-06-11 13:38:27.917800,2026-06-12 01:23:56.227214,11.8,False,0,True,True,False,False
TCK-02838,retencion_clientes,team_growth,2026-03-17 00:47:50.142605,2026-03-19 13:32:37.376251,60.7,False,0,False,False,False,False
TCK-02839,deuda_tecnica_critica,team_growth,2026-03-08 06:39:39.510210,2026-03-17 08:18:08.734123,217.6,False,0,False,True,False,False
TCK-02840,retencion_clientes,team_gamma,2026-08-30 23:47:58.317712,2026-09-01 06:01:23.877436,30.2,False,0,False,False,False,False
TCK-02841,mantenimiento_operativo,team_beta,2026-04-18 17:49:49.889186,2026-04-19 06:58:15.235914,13.1,False,0,False,True,False,False
TCK-02842,cumplimiento_regulatorio,team_growth,2026-03-21 12:05:00.947368,2026-03-22 11:33:17.355104,23.5,True,0,False,False,False,False
TCK-02843,retencion_clientes,team_beta,2026-04-14 00:23:35.097952,2026-04-14 18:23:33.550043,18.0,False,0,False,False,False,False
TCK-02844,soporte_reactivo,team_beta,2026-05-14 19:44:42.865836,2026-05-17 19:59:14.272928,72.2,False,4,False,False,False,False
TCK-02845,soporte_reactivo,team_gamma,2026-01-23 12:20:34.032632,2026-01-23 21:52:04.136555,9.5,False,0,False,False,False,False
TCK-02846,cumplimiento_regulatorio,team_beta,2026-01-26 12:25:31.243141,2026-01-27 04:25:59.769458,16.0,False,0,False,False,False,False
TCK-02847,mantenimiento_operativo,team_beta,2026-09-01 19:03:35.190965,2026-09-02 09:30:43.001465,14.5,False,0,False,True,False,False
TCK-02848,mantenimiento_operativo,team_gamma,2026-08-11 06:49:00.123111,2026-08-12 01:15:02.798209,18.4,False,0,True,True,False,False
TCK-02849,retencion_clientes,team_beta,2026-06-08 06:53:01.450891,2026-06-09 01:39:37.757254,18.8,False,0,False,False,False,False
TCK-02850,mantenimiento_operativo,team_growth,2026-05-26 09:07:16.113527,2026-05-28 01:59:03.942074,40.9,False,0,False,True,False,False
TCK-02851,deuda_tecnica_critica,team_gamma,2025-12-20 17:18:13.681853,2025-12-26 09:53:04.004473,136.6,False,0,False,True,False,False
TCK-02852,soporte_reactivo,team_beta,2026-08-15 08:20:17.152453,2026-08-16 18:31:38.137590,34.2,False,4,False,False,False,False
TCK-02853,soporte_reactivo,team_beta,2026-02-20 23:56:21.668576,2026-02-21 14:14:34.168156,14.3,False,0,False,False,False,False
TCK-02854,retencion_clientes,team_growth,2026-09-02 03:50:18.535892,,,False,0,False,False,False,False
TCK-02855,deuda_tecnica_critica,team_gamma,2026-07-04 03:52:38.659763,2026-07-09 20:39:10.261272,136.8,False,0,False,True,False,False
TCK-02856,mantenimiento_operativo,team_gamma,2026-07-29 15:36:00.462574,2026-07-29 22:07:57.257683,6.5,False,0,True,True,False,False
TCK-02857,retencion_clientes,team_growth,2026-07-17 13:37:34.169548,2026-07-18 10:29:56.216379,20.9,False,0,False,False,False,False
TCK-02858,soporte_reactivo,team_alpha,2026-01-27 18:14:14.221913,2026-01-28 20:49:55.967278,26.6,True,0,False,False,False,False
TCK-02859,soporte_reactivo,team_beta,2026-01-11 17:13:23.681495,2026-01-12 00:40:30.466488,7.5,False,0,False,False,False,False
TCK-02860,retencion_clientes,team_beta,2026-03-03 12:19:28.718844,2026-03-04 15:10:04.488479,26.8,True,0,False,False,False,False
TCK-02861,soporte_reactivo,team_beta,2026-05-22 23:57:19.622040,2026-05-24 02:02:38.334223,26.1,False,4,False,False,False,False
TCK-02862,soporte_reactivo,team_alpha,2026-06-17 07:03:46.595943,2026-06-18 14:51:26.624693,31.8,False,0,False,False,False,False
TCK-02863,mantenimiento_operativo,team_gamma,2026-02-22 12:39:22.694191,2026-02-23 14:58:41.731313,26.3,False,0,False,True,False,False
TCK-02864,soporte_reactivo,team_alpha,2026-08-11 07:42:10.568472,2026-08-12 21:49:30.695184,38.1,False,4,False,False,False,False
TCK-02865,mantenimiento_operativo,team_beta,2026-06-23 10:12:04.076160,2026-06-23 23:15:38.129150,13.1,False,0,True,True,True,False
TCK-02866,soporte_reactivo,team_beta,2026-06-19 07:36:21.025919,2026-06-20 05:18:41.430352,21.7,False,0,False,False,False,False
TCK-02867,retencion_clientes,team_alpha,2026-02-12 17:44:33.670751,2026-02-13 01:13:08.382969,7.5,False,0,False,False,False,False
TCK-02868,retencion_clientes,team_growth,2026-07-02 22:32:51.975556,2026-07-03 09:17:45.505848,10.7,False,0,False,False,False,False
TCK-02869,deuda_tecnica_critica,team_beta,2025-12-18 05:53:50.239831,,,False,0,False,False,False,False
TCK-02870,soporte_reactivo,team_beta,2026-05-17 07:38:52.162842,2026-05-18 10:54:59.291589,27.3,False,0,False,False,False,False
TCK-02871,soporte_reactivo,team_alpha,2026-01-05 22:33:33.856307,2026-01-06 05:19:49.394534,6.8,False,0,False,False,False,False
TCK-02872,mantenimiento_operativo,team_alpha,2026-01-28 18:52:25.843748,2026-01-29 07:46:51.856874,12.9,False,0,False,True,False,False
TCK-02873,deuda_tecnica_critica,team_alpha,2026-06-07 23:07:25.270564,2026-06-08 19:57:26.094760,20.8,False,0,False,False,False,False
TCK-02874,retencion_clientes,team_gamma,2025-12-18 10:28:16.619070,2025-12-19 03:48:42.064493,17.3,False,0,False,False,False,False
TCK-02875,mantenimiento_operativo,team_beta,2026-05-15 00:32:30.833812,2026-05-15 03:43:35.070164,3.2,False,0,True,True,False,False
TCK-02876,mantenimiento_operativo,team_growth,2026-05-06 22:16:47.100321,2026-05-08 09:19:15.666680,35.0,False,0,False,True,False,False
TCK-02877,cumplimiento_regulatorio,team_growth,2026-07-31 04:16:33.293456,2026-08-02 07:58:54.859360,51.7,False,0,False,False,False,False
TCK-02878,deuda_tecnica_critica,team_growth,2026-05-12 18:07:05.408092,2026-05-13 13:17:05.391593,19.2,False,0,False,False,False,False
TCK-02879,deuda_tecnica_critica,team_alpha,2026-09-02 18:44:13.652893,2026-09-03 04:23:29.956319,9.7,False,0,False,False,False,False
TCK-02880,deuda_tecnica_critica,team_growth,2026-04-01 22:27:53.277309,2026-04-13 18:01:11.410199,283.6,False,0,False,True,False,False
TCK-02881,mantenimiento_operativo,team_alpha,2026-03-14 02:50:06.904300,2026-03-14 09:20:47.192240,6.5,False,0,True,True,False,False
TCK-02882,mantenimiento_operativo,team_gamma,2026-08-04 23:29:05.815713,2026-08-05 11:38:17.649076,12.2,False,0,True,True,False,False
TCK-02883,mantenimiento_operativo,team_beta,2026-05-04 06:29:41.261530,2026-05-04 14:04:55.306286,7.6,False,0,False,True,False,False
TCK-02884,soporte_reactivo,team_beta,2026-06-26 10:25:53.783483,2026-06-27 20:56:53.504103,34.5,False,0,False,False,False,False
TCK-02885,deuda_tecnica_critica,team_growth,2026-07-16 08:25:41.189396,2026-07-17 15:20:44.649953,30.9,False,0,False,True,False,False
TCK-02886,mantenimiento_operativo,team_growth,2026-01-20 01:20:16.859766,2026-01-21 20:15:34.010201,42.9,False,0,False,True,False,False
TCK-02887,deuda_tecnica_critica,team_gamma,2026-08-03 00:04:21.462479,2026-08-10 02:34:50.883434,170.5,False,0,False,False,False,False
TCK-02888,soporte_reactivo,team_alpha,2026-01-09 17:16:08.469210,2026-01-10 14:36:10.758966,21.3,False,0,False,False,False,False
TCK-02889,retencion_clientes,team_growth,2026-02-06 00:56:04.602841,2026-02-06 22:02:11.017092,21.1,False,0,False,False,False,False
TCK-02890,soporte_reactivo,team_gamma,2026-08-04 06:13:53.202468,2026-08-05 11:59:29.389462,29.8,False,0,False,False,False,False
TCK-02891,mantenimiento_operativo,team_gamma,2026-03-02 21:53:17.637647,2026-03-03 08:27:57.543497,10.6,False,0,False,True,False,False
TCK-02892,soporte_reactivo,team_alpha,2026-01-17 23:23:03.368841,2026-01-18 23:49:10.148954,24.4,False,0,False,False,False,False
TCK-02893,cumplimiento_regulatorio,team_growth,2026-06-27 09:52:41.117524,2026-06-28 13:47:13.553794,27.9,False,0,False,False,False,False
TCK-02894,mantenimiento_operativo,team_alpha,2026-07-18 21:33:13.793633,2026-07-19 08:08:09.422783,10.6,False,0,False,True,False,False
TCK-02895,soporte_reactivo,team_beta,2026-08-27 04:59:37.149318,2026-08-29 16:51:49.591561,59.9,False,4,False,False,False,False
TCK-02896,mantenimiento_operativo,team_growth,2026-02-08 20:32:25.147655,2026-02-09 20:09:15.044665,23.6,False,0,False,True,False,False
TCK-02897,mantenimiento_operativo,team_alpha,2026-02-18 14:19:04.162819,2026-02-19 08:23:30.467546,18.1,False,0,False,True,False,False
TCK-02898,soporte_reactivo,team_alpha,2026-04-07 22:21:01.588948,2026-04-10 03:40:37.582922,53.3,True,4,False,False,False,False
TCK-02899,cumplimiento_regulatorio,team_gamma,2026-02-03 23:53:13.834750,2026-02-04 17:16:50.852174,17.4,False,0,False,False,False,False
TCK-02900,soporte_reactivo,team_beta,2026-03-30 00:27:50.644872,2026-03-30 15:45:24.632339,15.3,False,0,False,False,False,False
TCK-02901,deuda_tecnica_critica,team_growth,2026-07-03 18:35:42.202469,2026-07-27 20:26:03.598999,577.8,False,0,False,False,False,False
TCK-02902,soporte_reactivo,team_beta,2025-12-20 01:01:31.606472,2025-12-20 21:29:15.766423,20.5,False,0,False,False,False,False
TCK-02903,mantenimiento_operativo,team_gamma,2026-01-30 08:01:11.182278,2026-01-30 20:33:36.814415,12.5,False,0,False,True,False,False
TCK-02904,deuda_tecnica_critica,team_growth,2026-04-28 21:26:29.744531,2026-04-29 23:47:33.617431,26.4,False,0,False,True,False,False
TCK-02905,mantenimiento_operativo,team_beta,2026-04-10 12:43:42.053422,2026-04-11 02:07:57.528516,13.4,False,0,False,True,False,False
TCK-02906,soporte_reactivo,team_gamma,2026-02-28 18:30:55.427690,2026-03-01 13:26:30.466563,18.9,True,0,False,False,False,False
TCK-02907,mantenimiento_operativo,team_beta,2026-07-07 18:17:29.688393,2026-07-08 04:47:23.710990,10.5,False,0,True,False,False,False
TCK-02908,cumplimiento_regulatorio,team_growth,2026-03-12 22:30:55.675574,2026-03-13 19:50:59.001208,21.3,False,0,False,False,False,False
TCK-02909,mantenimiento_operativo,team_beta,2026-07-26 13:36:27.910948,2026-07-27 02:40:01.053866,13.1,False,0,True,True,False,False
TCK-02910,mantenimiento_operativo,team_beta,2026-03-25 08:27:59.512622,2026-03-25 19:21:13.881838,10.9,False,0,False,True,False,False
TCK-02911,cumplimiento_regulatorio,team_growth,2026-08-17 11:30:06.479366,2026-08-19 06:59:16.204309,43.5,False,0,False,False,False,False
TCK-02912,retencion_clientes,team_gamma,2026-07-03 02:26:25.717462,2026-07-04 00:29:40.672288,22.1,False,0,False,False,False,False
TCK-02913,mantenimiento_operativo,team_alpha,2026-07-17 19:33:53.034197,2026-07-18 05:25:56.212117,9.9,False,0,True,True,False,False
TCK-02914,retencion_clientes,team_gamma,2026-05-20 08:19:58.134488,2026-05-20 22:26:14.252158,14.1,False,0,False,False,False,False
TCK-02915,soporte_reactivo,team_gamma,2025-12-16 14:51:37.200777,2025-12-17 02:31:51.288833,11.7,False,0,False,False,False,False
TCK-02916,mantenimiento_operativo,team_gamma,2026-03-11 05:14:24.462017,2026-03-11 14:20:15.341490,9.1,False,0,True,True,False,False
TCK-02917,mantenimiento_operativo,team_alpha,2026-07-02 13:14:38.018380,2026-07-03 11:46:30.159566,22.5,False,0,True,False,False,False
TCK-02918,retencion_clientes,team_growth,2026-04-14 07:31:04.340276,2026-04-15 08:30:51.943941,25.0,False,0,False,False,False,False
TCK-02919,soporte_reactivo,team_alpha,2026-04-22 19:55:31.743393,2026-04-23 09:50:19.916051,13.9,False,0,False,False,False,False
TCK-02920,mantenimiento_operativo,team_gamma,2026-01-08 09:17:04.674368,2026-01-08 17:27:49.103502,8.2,False,0,True,True,False,False
TCK-02921,soporte_reactivo,team_beta,2026-04-20 05:59:45.517557,2026-04-21 12:58:22.100441,31.0,False,0,False,False,False,False
TCK-02922,deuda_tecnica_critica,team_growth,2026-08-20 07:15:32.626067,2026-08-21 11:10:12.718259,27.9,False,0,False,True,False,False
TCK-02923,mantenimiento_operativo,team_gamma,2026-03-14 01:02:30.563528,2026-03-14 20:00:42.989244,19.0,False,0,False,True,False,False
TCK-02924,retencion_clientes,team_alpha,2026-03-27 13:22:00.819130,2026-03-27 23:43:31.038940,10.4,False,0,False,False,False,False
TCK-02925,soporte_reactivo,team_beta,2026-02-20 11:44:59.879178,2026-02-21 02:01:56.782331,14.3,False,0,False,False,False,False
TCK-02926,mantenimiento_operativo,team_gamma,2026-07-12 12:33:47.162644,2026-07-13 01:41:44.548985,13.1,True,0,False,True,False,False
TCK-02927,retencion_clientes,team_growth,2026-03-11 03:05:40.796892,2026-03-12 18:52:57.440450,39.8,False,0,False,False,False,False
TCK-02928,soporte_reactivo,team_growth,2026-06-29 02:04:37.611434,2026-07-03 02:07:56.538069,96.1,True,4,False,False,False,False
TCK-02929,retencion_clientes,team_beta,2026-07-09 17:53:37.158102,2026-07-10 18:57:33.503764,25.1,False,0,False,False,False,False
TCK-02930,mantenimiento_operativo,team_beta,2026-05-06 00:23:25.444084,2026-05-06 22:42:32.766226,22.3,False,0,False,True,False,False
TCK-02931,deuda_tecnica_critica,team_alpha,2026-05-20 03:05:32.296870,2026-05-29 00:16:12.568978,213.2,True,0,False,True,False,False
TCK-02932,soporte_reactivo,team_gamma,2026-03-24 12:45:07.693230,2026-03-25 10:31:28.684516,21.8,False,0,False,False,False,False
TCK-02933,deuda_tecnica_critica,team_alpha,2026-05-21 04:11:12.413619,2026-05-24 10:09:00.990729,78.0,True,0,False,False,False,False
TCK-02934,mantenimiento_operativo,team_beta,2026-01-23 08:05:15.496922,2026-01-24 03:10:03.499468,19.1,False,0,False,True,False,False
TCK-02935,deuda_tecnica_critica,team_growth,2025-12-24 23:23:39.818283,2026-01-12 21:50:47.288389,454.5,False,0,False,True,False,False
TCK-02936,soporte_reactivo,team_gamma,2026-04-24 12:24:05.449516,2026-04-25 00:10:54.098980,11.8,False,0,False,False,False,False
TCK-02937,mantenimiento_operativo,team_beta,2026-03-02 20:22:36.970276,2026-03-03 12:21:03.599927,16.0,False,0,False,True,False,False
TCK-02938,deuda_tecnica_critica,team_alpha,2025-12-30 05:10:43.834064,2026-01-04 19:01:35.780794,133.8,False,0,False,True,False,False
TCK-02939,cumplimiento_regulatorio,team_growth,2026-04-05 05:44:52.237031,2026-04-06 22:23:10.683158,40.6,False,0,False,False,False,False
TCK-02940,mantenimiento_operativo,team_alpha,2026-03-09 11:23:29.387313,2026-03-09 23:11:53.556505,11.8,False,0,True,True,False,False
TCK-02941,mantenimiento_operativo,team_alpha,2026-03-31 00:43:57.493706,2026-03-31 15:05:56.604633,14.4,False,0,False,True,False,False
TCK-02942,mantenimiento_operativo,team_gamma,2026-07-05 17:23:57.870943,2026-07-06 01:18:22.044234,7.9,False,0,True,True,False,False
TCK-02943,soporte_reactivo,team_gamma,2026-05-31 12:33:27.494725,2026-06-01 07:30:18.132030,18.9,False,0,False,False,False,False
TCK-02944,soporte_reactivo,team_beta,2026-01-17 07:23:19.714131,2026-01-17 16:24:45.029698,9.0,False,0,False,False,False,False
TCK-02945,deuda_tecnica_critica,team_alpha,2026-08-01 20:57:53.960653,2026-08-09 16:38:36.531003,187.7,False,0,False,True,False,False
TCK-02946,soporte_reactivo,team_beta,2025-12-19 13:46:14.241511,2025-12-19 18:36:56.912462,4.8,False,0,False,False,False,False
TCK-02947,cumplimiento_regulatorio,team_growth,2026-01-29 10:02:24.945985,2026-01-30 15:37:19.902814,29.6,False,0,False,False,False,False
TCK-02948,soporte_reactivo,team_alpha,2026-04-19 14:24:02.506079,2026-04-21 14:15:00.889380,47.8,False,4,False,False,False,False
TCK-02949,soporte_reactivo,team_beta,2026-02-18 17:25:45.870710,2026-02-19 10:48:44.339467,17.4,False,0,False,False,False,False
TCK-02950,soporte_reactivo,team_gamma,2026-06-06 11:25:29.570327,2026-06-06 20:03:55.191032,8.6,False,0,False,False,False,False
TCK-02951,retencion_clientes,team_alpha,2026-06-03 07:48:15.995469,2026-06-03 13:41:06.197456,5.9,False,0,False,False,False,False
TCK-02952,retencion_clientes,team_alpha,2026-04-05 02:58:02.171109,2026-04-05 12:05:30.781015,9.1,False,0,False,False,False,False
TCK-02953,deuda_tecnica_critica,team_growth,2026-01-31 05:29:13.765784,2026-02-08 23:39:06.600442,210.2,False,0,False,True,False,False
TCK-02954,retencion_clientes,team_alpha,2026-06-22 15:44:26.327439,2026-06-23 12:45:47.726962,21.0,False,0,False,False,False,False
TCK-02955,cumplimiento_regulatorio,team_alpha,2025-12-28 22:41:40.228765,2025-12-29 05:03:19.460121,6.4,False,0,False,False,False,False
TCK-02956,mantenimiento_operativo,team_alpha,2026-03-13 18:17:27.423789,2026-03-14 14:14:28.465116,20.0,False,0,False,False,False,False
TCK-02957,deuda_tecnica_critica,team_beta,2026-08-13 17:06:20.445357,2026-08-30 15:55:27.150130,406.8,False,0,False,True,False,False
TCK-02958,mantenimiento_operativo,team_alpha,2026-04-12 02:20:51.473252,2026-04-12 11:44:52.574683,9.4,False,0,False,True,False,False
TCK-02959,retencion_clientes,team_gamma,2026-05-14 17:12:00.303110,2026-05-15 06:50:08.726600,13.6,False,0,False,False,False,False
TCK-02960,retencion_clientes,team_beta,2026-07-01 17:10:10.360575,2026-07-02 08:54:01.833484,15.7,False,0,False,False,False,False
TCK-02961,deuda_tecnica_critica,team_beta,2026-05-07 10:18:52.281054,2026-05-07 23:28:18.873387,13.2,False,0,False,False,False,False
TCK-02962,mantenimiento_operativo,team_gamma,2026-06-25 05:52:20.450096,2026-06-25 17:18:36.245552,11.4,False,0,False,False,False,False
TCK-02963,deuda_tecnica_critica,team_alpha,2026-07-11 03:03:16.918001,2026-07-11 15:06:06.994333,12.0,False,0,False,True,False,False
TCK-02964,deuda_tecnica_critica,team_growth,2026-04-25 22:42:56.415664,2026-04-26 15:55:36.118206,17.2,False,0,False,False,False,False
TCK-02965,mantenimiento_operativo,team_beta,2026-05-10 21:28:59.524696,2026-05-11 18:26:10.804281,21.0,True,0,True,True,False,False
TCK-02966,cumplimiento_regulatorio,team_growth,2026-04-28 17:54:21.293202,2026-04-30 04:45:43.874731,34.9,False,0,False,False,False,False
TCK-02967,mantenimiento_operativo,team_alpha,2026-04-25 07:50:23.445524,2026-04-25 21:47:19.774994,13.9,False,0,False,True,False,False
TCK-02968,soporte_reactivo,team_beta,2026-02-20 22:59:53.585017,2026-02-21 10:35:25.930617,11.6,False,0,False,False,False,False
TCK-02969,deuda_tecnica_critica,team_alpha,2026-08-29 22:09:23.969331,,,False,0,False,True,False,False
TCK-02970,mantenimiento_operativo,team_growth,2026-01-19 05:40:48.326699,2026-01-19 21:37:30.328893,15.9,False,0,True,True,False,False
TCK-02971,cumplimiento_regulatorio,team_growth,2026-05-26 14:24:04.700439,2026-05-27 04:22:29.907705,14.0,False,0,False,False,False,False
TCK-02972,soporte_reactivo,team_gamma,2026-04-12 05:56:15.514030,2026-04-12 20:43:08.543246,14.8,False,0,False,False,False,False
TCK-02973,cumplimiento_regulatorio,team_alpha,2026-01-13 02:28:31.742337,2026-01-13 11:38:17.166936,9.2,False,0,False,False,False,False
TCK-02974,soporte_reactivo,team_beta,2026-02-07 16:10:23.065020,2026-02-08 15:46:16.306680,23.6,False,0,False,False,False,False
TCK-02975,mantenimiento_operativo,team_beta,2026-01-03 07:58:44.029398,2026-01-04 03:30:33.556996,19.5,True,0,False,True,False,False
TCK-02976,soporte_reactivo,team_gamma,2026-05-18 09:20:41.276494,2026-05-18 20:41:11.517200,11.3,False,0,False,False,False,False
TCK-02977,soporte_reactivo,team_beta,2026-05-09 01:39:19.942936,2026-05-10 15:12:54.771682,37.6,False,4,False,False,False,False
TCK-02978,deuda_tecnica_critica,team_growth,2026-04-17 13:49:18.438130,2026-04-25 17:56:11.142697,196.1,False,0,False,False,False,False
TCK-02979,retencion_clientes,team_beta,2026-08-04 14:43:15.562902,2026-08-05 01:50:01.724356,11.1,False,0,False,False,False,False
TCK-02980,deuda_tecnica_critica,team_gamma,2026-05-13 13:46:09.253666,2026-05-15 01:42:59.761925,35.9,False,0,False,False,False,False
TCK-02981,mantenimiento_operativo,team_alpha,2026-04-02 23:06:25.840608,2026-04-04 05:30:33.008403,30.4,True,0,False,True,False,False
TCK-02982,mantenimiento_operativo,team_beta,2026-09-02 18:07:09.235802,2026-09-03 05:39:59.385517,11.5,False,0,False,True,False,False
TCK-02983,mantenimiento_operativo,team_alpha,2026-05-05 18:56:16.081323,2026-05-06 04:04:37.520061,9.1,False,0,True,True,False,False
TCK-02984,cumplimiento_regulatorio,team_growth,2026-03-01 01:16:22.329240,2026-03-02 01:02:35.211330,23.8,False,0,False,False,False,False
TCK-02985,cumplimiento_regulatorio,team_gamma,2026-03-20 13:37:27.586549,2026-03-20 21:12:19.050894,7.6,False,0,False,False,False,False
TCK-02986,deuda_tecnica_critica,team_alpha,2026-03-23 04:18:36.119932,2026-03-23 22:01:00.509651,17.7,False,0,False,False,False,False
TCK-02987,mantenimiento_operativo,team_gamma,2026-03-02 09:21:38.572428,2026-03-02 23:17:21.358315,13.9,False,0,False,True,False,False
TCK-02988,mantenimiento_operativo,team_beta,2026-02-09 21:32:19.149577,2026-02-10 08:32:03.920459,11.0,False,0,False,True,False,False
TCK-02989,deuda_tecnica_critica,team_growth,2026-03-05 15:52:53.943009,2026-03-18 04:36:21.110918,300.7,False,0,False,False,False,False
TCK-02990,cumplimiento_regulatorio,team_gamma,2026-04-15 04:10:01.843202,2026-04-16 05:52:16.891019,25.7,False,0,False,False,False,False
TCK-02991,mantenimiento_operativo,team_beta,2026-05-07 06:14:09.848788,2026-05-08 02:20:49.210642,20.1,False,0,False,True,False,False
TCK-02992,mantenimiento_operativo,team_growth,2026-05-19 01:50:08.401196,2026-05-20 21:57:38.283037,44.1,True,0,False,False,False,False
TCK-02993,retencion_clientes,team_gamma,2026-02-28 08:08:04.376547,2026-03-01 03:47:12.683342,19.7,False,0,False,False,False,False
TCK-02994,deuda_tecnica_critica,team_beta,2026-07-15 10:54:07.627369,2026-07-20 14:00:29.929930,123.1,False,0,False,False,False,False
TCK-02995,retencion_clientes,team_growth,2026-06-15 22:53:30.395818,2026-06-16 20:47:04.546432,21.9,False,0,False,False,False,False
TCK-02996,mantenimiento_operativo,team_beta,2026-08-11 05:21:38.176980,2026-08-11 17:09:07.979186,11.8,False,0,True,True,False,False
TCK-02997,mantenimiento_operativo,team_beta,2026-02-04 22:23:11.028244,2026-02-05 14:50:11.096223,16.5,False,0,False,True,False,False
TCK-02998,mantenimiento_operativo,team_gamma,2026-04-08 10:22:53.794308,2026-04-08 18:48:59.388319,8.4,False,0,False,True,False,False
TCK-02999,soporte_reactivo,team_alpha,2026-07-29 17:45:37.247132,2026-07-30 03:33:51.765869,9.8,False,0,False,False,False,False
TCK-03000,deuda_tecnica_critica,team_alpha,2026-07-22 17:40:30.918048,2026-07-23 10:24:06.915185,16.7,False,0,False,False,False,False
TCK-03001,mantenimiento_operativo,team_gamma,2026-08-20 14:17:55.160849,2026-08-21 03:42:54.953632,13.4,False,0,False,True,False,False
TCK-03002,soporte_reactivo,team_alpha,2026-07-01 14:14:16.149388,2026-07-02 03:03:20.393602,12.8,False,0,False,False,False,False
TCK-03003,cumplimiento_regulatorio,team_gamma,2026-06-11 06:14:18.074539,2026-06-11 14:27:19.085891,8.2,False,0,False,False,False,False
TCK-03004,cumplimiento_regulatorio,team_beta,2026-06-14 12:36:18.951391,2026-06-15 00:04:03.476171,11.5,False,0,False,False,False,False
TCK-03005,retencion_clientes,team_growth,2026-05-04 06:40:01.983603,2026-05-04 23:22:54.758208,16.7,False,0,False,False,False,False
TCK-03006,cumplimiento_regulatorio,team_growth,2026-01-25 17:23:46.142648,2026-01-26 08:41:12.976717,15.3,False,0,False,False,False,False
TCK-03007,cumplimiento_regulatorio,team_growth,2026-06-28 02:53:13.819363,2026-06-29 22:54:46.503393,44.0,False,0,False,False,False,False
TCK-03008,cumplimiento_regulatorio,team_alpha,2026-02-23 18:20:41.608913,2026-02-24 05:15:03.006747,10.9,False,0,False,False,False,False
TCK-03009,soporte_reactivo,team_gamma,2025-12-22 17:02:22.463718,2025-12-23 08:36:38.448003,15.6,False,0,False,False,False,False
TCK-03010,retencion_clientes,team_growth,2026-08-14 20:04:27.640089,2026-08-15 18:47:39.398612,22.7,False,0,False,False,False,False
TCK-03011,soporte_reactivo,team_alpha,2026-06-04 13:38:26.448994,2026-06-06 12:46:21.979229,47.1,False,4,False,False,False,False
TCK-03012,cumplimiento_regulatorio,team_beta,2026-04-27 18:33:27.487610,2026-04-28 12:38:43.863530,18.1,False,0,False,False,False,False
TCK-03013,mantenimiento_operativo,team_beta,2026-07-16 06:42:53.449465,2026-07-17 00:13:18.432339,17.5,False,0,False,True,False,False
TCK-03014,cumplimiento_regulatorio,team_gamma,2026-02-02 08:08:41.118195,2026-02-03 01:44:40.691753,17.6,False,0,False,False,False,False
TCK-03015,retencion_clientes,team_alpha,2026-04-05 21:28:22.036669,2026-04-06 15:42:00.883381,18.2,False,0,False,False,False,False
TCK-03016,mantenimiento_operativo,team_beta,2026-08-16 15:43:34.598919,2026-08-17 12:21:56.160261,20.6,False,0,False,False,False,False
TCK-03017,mantenimiento_operativo,team_beta,2026-05-24 11:15:07.149473,2026-05-24 23:07:41.522024,11.9,False,0,False,True,False,False
TCK-03018,mantenimiento_operativo,team_beta,2026-03-30 12:22:55.948130,2026-03-30 21:21:16.807436,9.0,True,0,True,True,False,False
TCK-03019,retencion_clientes,team_growth,2026-03-02 13:23:12.934338,2026-03-03 21:55:45.949897,32.5,False,0,False,False,False,False
TCK-03020,cumplimiento_regulatorio,team_alpha,2026-08-21 18:34:13.509414,2026-08-22 05:56:41.218786,11.4,False,0,False,False,False,False
TCK-03021,deuda_tecnica_critica,team_beta,2026-04-19 00:43:53.403784,2026-04-24 05:11:27.976078,124.5,False,0,False,True,False,False
TCK-03022,mantenimiento_operativo,team_alpha,2026-08-22 09:12:26.517538,2026-08-22 21:23:10.899154,12.2,False,0,False,False,False,False
TCK-03023,mantenimiento_operativo,team_growth,2026-03-04 05:23:09.960984,2026-03-05 11:56:11.831729,30.6,True,0,True,True,False,False
TCK-03024,cumplimiento_regulatorio,team_gamma,2026-07-15 00:44:31.895089,2026-07-15 18:36:40.655684,17.9,True,0,False,False,False,False
TCK-03025,retencion_clientes,team_growth,2026-04-28 03:48:34.357924,2026-04-29 19:02:06.854056,39.2,False,0,False,False,False,False
TCK-03026,soporte_reactivo,team_gamma,2025-12-21 04:50:40.271838,2025-12-21 12:29:08.237090,7.6,False,0,False,False,False,False
TCK-03027,soporte_reactivo,team_alpha,2026-04-08 14:58:10.405596,2026-04-09 09:37:49.436415,18.7,False,0,False,False,False,False
TCK-03028,mantenimiento_operativo,team_beta,2026-04-24 13:24:10.120522,2026-04-25 14:14:32.638510,24.8,False,0,False,True,False,False
TCK-03029,soporte_reactivo,team_gamma,2026-03-23 13:10:47.417845,2026-03-25 13:57:46.494917,48.8,False,4,False,False,False,False
TCK-03030,mantenimiento_operativo,team_gamma,2026-04-25 01:51:52.986450,2026-04-25 11:20:29.277822,9.5,False,0,False,True,False,False
TCK-03031,mantenimiento_operativo,team_gamma,2026-07-14 05:12:29.845549,2026-07-14 23:35:38.949983,18.4,False,0,False,True,False,False
TCK-03032,soporte_reactivo,team_gamma,2026-04-19 23:06:10.742107,2026-04-20 20:12:42.932427,21.1,False,0,False,False,False,False
TCK-03033,mantenimiento_operativo,team_growth,2026-04-09 03:26:27.152509,2026-04-10 09:46:20.205716,30.3,False,0,False,False,False,False
TCK-03034,retencion_clientes,team_growth,2026-06-13 21:27:19.879746,2026-06-15 04:35:06.569290,31.1,False,0,False,False,False,False
TCK-03035,mantenimiento_operativo,team_beta,2026-03-08 01:10:11.340181,2026-03-08 07:38:39.707190,6.5,False,0,False,True,False,False
TCK-03036,soporte_reactivo,team_growth,2026-08-22 17:03:20.048071,2026-08-24 09:44:28.237672,40.7,False,0,False,False,False,False
TCK-03037,cumplimiento_regulatorio,team_beta,2026-07-05 06:46:11.095482,2026-07-06 07:13:34.942239,24.5,False,0,False,False,False,False
TCK-03038,cumplimiento_regulatorio,team_alpha,2025-12-23 05:17:52.550658,2025-12-23 20:48:04.983424,15.5,False,0,False,False,False,False
TCK-03039,soporte_reactivo,team_beta,2026-07-14 23:56:00.769720,2026-07-15 08:52:35.590887,8.9,False,0,False,False,False,False
TCK-03040,retencion_clientes,team_growth,2026-04-10 16:55:03.566410,2026-04-13 13:49:22.360138,68.9,True,0,False,False,False,False
TCK-03041,soporte_reactivo,team_gamma,2026-04-13 04:25:07.719432,2026-04-14 17:49:19.518467,37.4,False,4,False,False,False,False
TCK-03042,retencion_clientes,team_gamma,2026-03-07 08:00:21.695708,2026-03-07 17:25:15.214467,9.4,False,0,False,False,False,False
TCK-03043,deuda_tecnica_critica,team_beta,2026-03-25 16:56:38.284439,2026-03-26 11:21:48.118656,18.4,False,0,False,True,False,False
TCK-03044,cumplimiento_regulatorio,team_growth,2026-04-30 04:31:02.314917,2026-05-02 06:12:11.084352,49.7,False,0,False,False,False,False
TCK-03045,mantenimiento_operativo,team_beta,2026-06-23 13:42:11.251957,2026-06-23 22:37:01.022235,8.9,False,0,False,True,True,False
TCK-03046,soporte_reactivo,team_alpha,2026-06-20 01:04:13.964406,2026-06-21 00:06:03.565605,23.0,False,0,False,False,False,False
TCK-03047,deuda_tecnica_critica,team_beta,2026-04-03 18:17:44.600140,2026-04-12 02:48:24.251600,200.5,False,0,False,False,False,False
TCK-03048,cumplimiento_regulatorio,team_growth,2026-02-10 19:37:17.097571,2026-02-12 07:58:41.883981,36.4,False,0,False,False,False,False
TCK-03049,retencion_clientes,team_alpha,2026-04-30 23:32:40.017042,2026-05-01 11:33:37.246333,12.0,False,0,False,False,False,False
TCK-03050,deuda_tecnica_critica,team_growth,2026-03-18 12:37:52.367917,2026-03-19 17:26:30.605412,28.8,False,0,False,False,False,False
TCK-03051,deuda_tecnica_critica,team_gamma,2026-01-18 19:03:50.195695,2026-02-03 19:12:10.294535,384.1,False,0,False,False,False,False
TCK-03052,retencion_clientes,team_growth,2026-03-11 05:55:58.378560,2026-03-13 08:39:38.908184,50.7,True,0,False,False,False,False
TCK-03053,retencion_clientes,team_growth,2026-01-26 09:04:33.470823,2026-01-27 13:27:02.938903,28.4,False,0,False,False,False,False
TCK-03054,retencion_clientes,team_gamma,2026-03-12 07:41:12.802365,2026-03-13 00:24:14.027599,16.7,False,0,False,False,False,False
TCK-03055,soporte_reactivo,team_gamma,2026-02-13 15:30:01.354519,2026-02-14 14:10:52.880177,22.7,False,0,False,False,False,False
TCK-03056,soporte_reactivo,team_alpha,2026-08-26 01:42:48.989900,2026-08-26 23:49:48.766954,22.1,False,0,False,False,False,False
TCK-03057,cumplimiento_regulatorio,team_growth,2026-07-24 21:31:48.209103,2026-07-26 00:21:22.682135,26.8,True,0,False,False,False,False
TCK-03058,retencion_clientes,team_gamma,2026-09-02 13:06:14.747878,2026-09-03 20:07:19.265156,31.0,False,0,False,False,False,False
TCK-03059,mantenimiento_operativo,team_gamma,2026-01-18 22:51:31.849728,2026-01-19 21:05:38.019654,22.2,False,0,False,True,False,False
TCK-03060,mantenimiento_operativo,team_beta,2025-12-22 23:43:04.458551,2025-12-23 12:34:54.899349,12.9,False,0,False,True,False,False
TCK-03061,cumplimiento_regulatorio,team_growth,2026-01-05 09:32:16.352878,2026-01-06 16:14:12.983409,30.7,False,0,False,False,False,False
TCK-03062,mantenimiento_operativo,team_beta,2026-02-06 19:33:06.758214,2026-02-07 04:34:51.250632,9.0,False,0,True,True,False,False
TCK-03063,mantenimiento_operativo,team_alpha,2026-01-05 18:22:15.660755,2026-01-06 07:48:08.579326,13.4,False,0,False,True,False,False
TCK-03064,deuda_tecnica_critica,team_growth,2026-04-30 12:58:07.146882,2026-05-01 04:29:06.122035,15.5,False,0,False,True,False,False
TCK-03065,soporte_reactivo,team_gamma,2026-07-07 21:49:26.760232,2026-07-08 01:26:35.376160,3.6,False,0,False,False,False,False
TCK-03066,soporte_reactivo,team_alpha,2026-03-12 03:17:24.455712,2026-03-12 15:25:52.538623,12.1,False,0,False,False,False,False
TCK-03067,mantenimiento_operativo,team_alpha,2026-06-23 03:51:13.111429,2026-06-25 18:30:38.984055,62.7,False,0,False,True,True,False
TCK-03068,deuda_tecnica_critica,team_gamma,2026-05-02 16:50:09.836109,2026-05-03 14:21:07.520210,21.5,False,0,False,False,False,False
TCK-03069,mantenimiento_operativo,team_alpha,2026-05-15 23:59:46.726553,2026-05-17 04:53:05.801647,28.9,False,0,False,False,False,False
TCK-03070,mantenimiento_operativo,team_beta,2026-01-24 20:50:46.270393,2026-01-25 13:41:55.474277,16.9,False,0,False,True,False,False
TCK-03071,mantenimiento_operativo,team_gamma,2026-06-17 06:56:28.289140,2026-06-17 11:16:53.963466,4.3,False,0,True,True,True,False
TCK-03072,deuda_tecnica_critica,team_growth,2026-03-20 04:07:54.626084,2026-03-25 22:34:12.124212,138.4,False,0,False,False,False,False
TCK-03073,mantenimiento_operativo,team_alpha,2026-03-03 09:51:46.967529,2026-03-03 23:11:47.803688,13.3,False,0,False,True,False,False
TCK-03074,soporte_reactivo,team_gamma,2026-08-08 14:41:33.120467,2026-08-09 16:14:01.080569,25.5,False,0,False,False,False,False
TCK-03075,mantenimiento_operativo,team_beta,2026-08-09 21:56:18.846710,2026-08-10 11:50:43.873769,13.9,False,0,True,True,False,False
TCK-03076,mantenimiento_operativo,team_beta,2026-03-09 03:10:39.196627,2026-03-09 11:48:56.499991,8.6,False,0,False,False,False,False
TCK-03077,mantenimiento_operativo,team_gamma,2026-08-19 06:17:29.224249,2026-08-19 17:08:42.681606,10.9,False,0,False,True,False,False
TCK-03078,mantenimiento_operativo,team_growth,2026-04-10 19:21:33.298365,2026-04-12 08:33:55.107937,37.2,False,0,True,False,False,False
TCK-03079,retencion_clientes,team_beta,2026-05-26 07:39:39.496505,2026-05-27 02:04:14.553310,18.4,False,0,False,False,False,False
TCK-03080,deuda_tecnica_critica,team_beta,2025-12-21 01:52:36.306175,2025-12-27 20:19:51.578946,162.5,True,0,False,False,False,False
TCK-03081,deuda_tecnica_critica,team_growth,2026-03-02 05:38:08.360444,2026-03-17 07:11:15.599176,361.6,False,0,False,False,False,False
TCK-03082,soporte_reactivo,team_beta,2026-02-17 12:48:00.892057,2026-02-17 20:06:06.722200,7.3,False,0,False,False,False,False
TCK-03083,mantenimiento_operativo,team_growth,2026-04-20 02:36:56.343694,2026-04-21 05:32:43.750333,26.9,False,0,False,True,False,False
TCK-03084,retencion_clientes,team_beta,2026-07-28 14:43:57.838295,2026-07-29 10:52:26.956850,20.1,False,0,False,False,False,False
TCK-03085,soporte_reactivo,team_beta,2026-08-20 16:07:11.195965,2026-08-21 06:14:28.039117,14.1,False,0,False,False,False,False
TCK-03086,deuda_tecnica_critica,team_gamma,2026-04-25 21:33:02.999424,2026-05-03 05:22:13.458765,175.8,False,0,False,True,False,False
TCK-03087,soporte_reactivo,team_gamma,2026-01-11 19:46:32.869421,2026-01-13 13:22:23.922016,41.6,False,4,False,False,False,False
TCK-03088,deuda_tecnica_critica,team_alpha,2026-03-01 23:54:08.550665,2026-03-07 19:18:16.805970,139.4,False,0,False,True,False,False
TCK-03089,retencion_clientes,team_beta,2026-02-01 10:54:23.095954,2026-02-02 08:04:28.296170,21.2,False,0,False,False,False,False
TCK-03090,deuda_tecnica_critica,team_growth,2026-06-05 09:47:00.299432,2026-06-07 12:42:46.587666,50.9,False,0,False,False,False,False
TCK-03091,cumplimiento_regulatorio,team_growth,2026-07-02 03:25:07.475497,2026-07-03 00:08:54.229560,20.7,False,0,False,False,False,False
TCK-03092,retencion_clientes,team_beta,2026-01-02 12:07:49.970278,2026-01-03 04:01:38.418757,15.9,False,0,False,False,False,False
TCK-03093,mantenimiento_operativo,team_alpha,2026-04-17 10:34:59.384510,2026-04-18 02:48:59.675332,16.2,False,0,False,True,False,False
TCK-03094,mantenimiento_operativo,team_gamma,2026-08-27 18:11:51.990745,2026-08-28 06:58:56.441859,12.8,False,0,False,True,False,False
TCK-03095,soporte_reactivo,team_beta,2026-05-11 03:53:40.082664,2026-05-11 20:04:05.909733,16.2,False,0,False,False,False,False
TCK-03096,cumplimiento_regulatorio,team_growth,2026-02-02 15:49:22.129968,2026-02-03 09:51:27.928040,18.0,False,0,False,False,False,False
TCK-03097,cumplimiento_regulatorio,team_alpha,2026-04-13 09:08:19.481184,2026-04-14 06:58:15.900338,21.8,False,0,False,False,False,False
TCK-03098,mantenimiento_operativo,team_growth,2026-01-26 21:08:42.337218,2026-01-28 05:52:03.664831,32.7,False,0,False,True,False,False
TCK-03099,cumplimiento_regulatorio,team_gamma,2026-02-06 22:39:51.963426,2026-02-07 07:05:42.987505,8.4,False,0,False,False,False,False
TCK-03100,soporte_reactivo,team_alpha,2026-08-02 12:08:33.878957,2026-08-03 07:39:42.134733,19.5,False,0,False,False,False,False
TCK-03101,retencion_clientes,team_growth,2026-02-20 19:23:36.095648,2026-02-21 14:41:18.919153,19.3,False,0,False,False,False,False
TCK-03102,mantenimiento_operativo,team_alpha,2026-05-24 04:19:43.094986,2026-05-25 10:53:14.373292,30.6,False,0,False,False,False,False
TCK-03103,mantenimiento_operativo,team_alpha,2026-09-06 10:24:51.108976,2026-09-07 02:58:58.547844,16.6,False,0,False,True,False,False
TCK-03104,soporte_reactivo,team_alpha,2026-03-03 04:19:29.628224,2026-03-04 09:59:37.171332,29.7,True,0,False,False,False,False
TCK-03105,mantenimiento_operativo,team_beta,2026-02-06 15:21:17.755784,2026-02-07 00:07:24.617011,8.8,False,0,False,True,False,False
TCK-03106,retencion_clientes,team_gamma,2026-04-21 03:07:48.507418,2026-04-21 20:49:02.615439,17.7,False,0,False,False,False,False
TCK-03107,mantenimiento_operativo,team_growth,2026-08-24 09:44:50.115778,2026-08-25 02:16:39.066977,16.5,False,0,False,True,False,False
TCK-03108,cumplimiento_regulatorio,team_growth,2026-03-14 19:37:23.903145,2026-03-16 00:56:21.535612,29.3,False,0,False,False,False,False
TCK-03109,mantenimiento_operativo,team_gamma,2026-09-05 06:55:24.025093,2026-09-06 02:01:05.831667,19.1,False,0,True,True,False,False
TCK-03110,soporte_reactivo,team_alpha,2026-04-13 09:19:08.470140,2026-04-14 18:12:53.773028,32.9,False,4,False,False,False,False
TCK-03111,cumplimiento_regulatorio,team_beta,2026-05-23 05:37:58.921495,2026-05-23 23:22:02.658636,17.7,False,0,False,False,False,False
TCK-03112,mantenimiento_operativo,team_gamma,2026-05-22 10:43:36.546584,2026-05-23 10:04:22.100136,23.3,False,0,False,True,False,False
TCK-03113,retencion_clientes,team_gamma,2026-02-02 21:23:36.454259,2026-02-03 21:57:12.946474,24.6,False,0,False,False,False,False
TCK-03114,retencion_clientes,team_growth,2026-04-20 04:20:16.609930,2026-04-21 07:37:01.872191,27.3,False,0,False,False,False,False
TCK-03115,soporte_reactivo,team_gamma,2026-04-27 19:13:58.837312,2026-04-29 13:22:29.562574,42.1,False,4,False,False,False,False
TCK-03116,soporte_reactivo,team_beta,2026-06-17 22:42:12.102522,2026-06-18 13:26:56.592355,14.7,False,0,False,False,False,False
TCK-03117,cumplimiento_regulatorio,team_beta,2026-05-10 07:31:31.946706,2026-05-10 18:37:15.308479,11.1,False,0,False,False,False,False
TCK-03118,deuda_tecnica_critica,team_growth,2026-08-10 05:23:41.795041,2026-08-11 12:27:44.836767,31.1,False,0,False,False,False,False
TCK-03119,cumplimiento_regulatorio,team_growth,2026-06-13 11:38:55.847457,2026-06-14 21:33:44.649536,33.9,False,0,False,False,False,False
TCK-03120,cumplimiento_regulatorio,team_alpha,2026-06-26 18:11:49.543422,2026-06-27 07:31:55.672057,13.3,False,0,False,False,False,False
TCK-03121,cumplimiento_regulatorio,team_gamma,2026-08-22 23:53:13.996756,2026-08-24 03:19:15.089825,27.4,False,0,False,False,False,False
TCK-03122,mantenimiento_operativo,team_alpha,2026-04-24 07:01:28.262628,2026-04-24 17:42:10.247017,10.7,False,0,False,True,False,False
TCK-03123,cumplimiento_regulatorio,team_growth,2026-07-12 14:43:33.265950,2026-07-15 00:16:01.050005,57.5,False,0,False,False,False,False
TCK-03124,deuda_tecnica_critica,team_growth,2026-04-03 14:34:32.600280,2026-04-05 00:09:09.012931,33.6,False,0,False,False,False,False
TCK-03125,soporte_reactivo,team_alpha,2026-02-12 07:08:58.335553,2026-02-14 12:25:29.015434,53.3,True,4,False,False,False,False
TCK-03126,cumplimiento_regulatorio,team_growth,2025-12-23 09:02:06.692175,2025-12-24 12:37:59.641962,27.6,False,0,False,False,False,False
TCK-03127,cumplimiento_regulatorio,team_growth,2026-03-26 10:50:55.641556,2026-03-28 13:31:18.344928,50.7,False,0,False,False,False,False
TCK-03128,soporte_reactivo,team_growth,2026-03-29 10:11:37.842870,2026-03-30 07:02:20.596206,20.8,False,0,False,False,False,False
TCK-03129,mantenimiento_operativo,team_gamma,2026-05-23 04:59:43.886361,2026-05-23 23:08:21.685702,18.1,False,0,False,True,False,False
TCK-03130,soporte_reactivo,team_gamma,2026-07-14 10:13:41.023880,2026-07-15 13:29:03.596868,27.3,False,0,False,False,False,False
TCK-03131,mantenimiento_operativo,team_gamma,2026-04-23 11:14:58.218530,2026-04-23 20:34:15.709959,9.3,False,0,False,True,False,False
TCK-03132,soporte_reactivo,team_growth,2026-07-12 12:27:39.685809,2026-07-13 04:37:59.108064,16.2,False,0,False,False,False,False
TCK-03133,retencion_clientes,team_alpha,2026-08-16 16:24:01.639815,2026-08-17 02:29:31.953078,10.1,False,0,False,False,False,False
TCK-03134,mantenimiento_operativo,team_beta,2026-05-11 06:21:55.700476,2026-05-11 22:23:46.730844,16.0,False,0,True,True,False,False
TCK-03135,retencion_clientes,team_growth,2026-02-04 07:30:09.913231,2026-02-05 19:33:53.152955,36.1,False,0,False,False,False,False
TCK-03136,deuda_tecnica_critica,team_beta,2026-03-24 00:11:54.270965,2026-03-25 01:23:22.965409,25.2,False,0,False,False,False,False
TCK-03137,retencion_clientes,team_alpha,2026-05-04 14:12:31.179160,2026-05-05 05:27:00.972490,15.2,False,0,False,False,False,False
TCK-03138,mantenimiento_operativo,team_beta,2026-08-22 07:53:49.604705,2026-08-23 02:19:47.677436,18.4,False,0,False,False,False,False
TCK-03139,cumplimiento_regulatorio,team_growth,2026-08-19 19:22:24.753880,2026-08-20 14:19:00.091097,18.9,False,0,False,False,False,False
TCK-03140,deuda_tecnica_critica,team_growth,2026-08-10 11:23:25.807661,2026-08-11 10:34:29.118708,23.2,False,0,False,False,False,False
TCK-03141,mantenimiento_operativo,team_beta,2026-01-27 08:02:01.131301,2026-01-28 10:30:17.959771,26.5,False,0,False,True,False,False
TCK-03142,mantenimiento_operativo,team_alpha,2026-03-11 00:56:31.741409,2026-03-11 12:53:34.750118,12.0,False,0,False,True,False,False
TCK-03143,deuda_tecnica_critica,team_growth,2026-06-12 06:11:25.611065,2026-06-14 10:44:32.264268,52.6,True,0,False,False,False,False
TCK-03144,retencion_clientes,team_beta,2026-03-16 03:20:00.055241,2026-03-16 18:08:07.846400,14.8,False,0,False,False,False,False
TCK-03145,soporte_reactivo,team_alpha,2026-07-30 04:04:21.142472,2026-08-01 08:52:34.434750,52.8,False,4,False,False,False,False
TCK-03146,mantenimiento_operativo,team_beta,2026-08-23 15:00:11.243381,2026-08-23 23:35:20.794383,8.6,False,0,True,True,False,False
TCK-03147,deuda_tecnica_critica,team_growth,2025-12-25 17:45:49.983063,2025-12-26 19:17:47.205431,25.5,False,0,False,True,False,False
TCK-03148,soporte_reactivo,team_growth,2026-04-07 13:43:37.786693,2026-04-09 08:42:18.725840,43.0,False,0,False,False,False,False
TCK-03149,cumplimiento_regulatorio,team_growth,2026-05-14 20:48:53.593326,2026-05-16 07:34:03.365699,34.8,False,0,False,False,False,False
TCK-03150,deuda_tecnica_critica,team_growth,2026-01-20 01:08:00.539045,2026-01-22 00:00:04.938612,46.9,False,0,False,False,False,False
TCK-03151,mantenimiento_operativo,team_gamma,2026-01-25 10:56:29.098104,2026-01-26 20:22:40.649139,33.4,False,0,True,True,False,False
TCK-03152,mantenimiento_operativo,team_alpha,2026-01-08 01:42:56.888329,2026-01-08 12:17:19.451855,10.6,False,0,True,True,False,False
TCK-03153,mantenimiento_operativo,team_alpha,2026-06-01 05:48:20.056961,2026-06-02 08:44:11.482746,26.9,True,0,False,True,False,False
TCK-03154,cumplimiento_regulatorio,team_alpha,2026-03-15 08:08:54.221757,2026-03-15 21:33:42.280257,13.4,False,0,False,False,False,False
TCK-03155,cumplimiento_regulatorio,team_alpha,2026-03-08 13:40:29.958104,2026-03-09 00:06:32.478116,10.4,False,0,False,False,False,False
TCK-03156,retencion_clientes,team_alpha,2026-07-13 07:55:37.233865,2026-07-13 19:53:13.139235,12.0,False,0,False,False,False,False
TCK-03157,mantenimiento_operativo,team_beta,2026-03-12 13:19:09.724628,2026-03-12 20:00:59.953630,6.7,False,0,True,True,False,False
TCK-03158,soporte_reactivo,team_beta,2026-06-05 19:18:30.320090,2026-06-06 20:41:28.785809,25.4,True,0,False,False,False,False
TCK-03159,soporte_reactivo,team_gamma,2026-08-13 18:40:30.717534,2026-08-14 04:52:23.434790,10.2,False,0,False,False,False,False
TCK-03160,cumplimiento_regulatorio,team_growth,2025-12-29 20:54:45.889695,2025-12-30 14:19:16.871081,17.4,False,0,False,False,False,False
TCK-03161,cumplimiento_regulatorio,team_alpha,2026-08-27 13:48:39.926543,2026-08-27 22:30:27.374579,8.7,False,0,False,False,False,False
TCK-03162,mantenimiento_operativo,team_beta,2026-03-23 01:20:48.386646,2026-03-23 11:37:54.951986,10.3,False,0,True,True,False,False
TCK-03163,soporte_reactivo,team_gamma,2026-01-13 23:54:42.380136,2026-01-16 02:47:37.512246,50.9,True,4,False,False,False,False
TCK-03164,retencion_clientes,team_growth,2026-06-07 03:54:16.367885,2026-06-08 07:44:35.591653,27.8,False,0,False,False,False,False
TCK-03165,mantenimiento_operativo,team_beta,2026-08-23 11:10:55.210114,2026-08-23 22:34:48.590030,11.4,False,0,False,True,False,False
TCK-03166,mantenimiento_operativo,team_alpha,2026-02-23 14:27:35.684650,2026-02-24 08:00:03.145805,17.5,False,0,True,True,False,False
TCK-03167,deuda_tecnica_critica,team_alpha,2026-07-21 02:12:55.497868,2026-07-29 15:55:09.159388,205.7,False,0,False,False,False,False
TCK-03168,mantenimiento_operativo,team_beta,2026-08-20 01:34:19.944803,2026-08-20 11:55:31.148132,10.4,False,0,False,True,False,False
TCK-03169,mantenimiento_operativo,team_alpha,2026-07-28 06:17:48.856753,2026-07-28 21:10:51.289056,14.9,False,0,True,True,False,False
TCK-03170,retencion_clientes,team_alpha,2026-07-20 22:44:33.661137,2026-07-22 22:33:30.622272,47.8,False,0,False,False,False,False
TCK-03171,mantenimiento_operativo,team_gamma,2026-07-27 15:04:58.051158,2026-07-28 04:18:22.542385,13.2,False,0,False,True,False,False
TCK-03172,mantenimiento_operativo,team_gamma,2026-05-08 18:49:27.358762,2026-05-09 06:12:40.259665,11.4,False,0,False,True,False,False
TCK-03173,mantenimiento_operativo,team_beta,2026-02-08 20:07:12.805956,2026-02-09 05:46:05.880070,9.6,False,0,True,True,False,False
TCK-03174,soporte_reactivo,team_beta,2026-08-06 03:38:11.458260,2026-08-07 22:04:23.084920,42.4,False,4,False,False,False,False
TCK-03175,deuda_tecnica_critica,team_beta,2026-03-03 02:24:10.473714,2026-03-03 13:47:58.371265,11.4,False,0,False,True,False,False
TCK-03176,cumplimiento_regulatorio,team_growth,2026-06-22 08:15:16.853480,2026-06-23 01:18:36.431227,17.1,False,0,False,False,False,False
TCK-03177,cumplimiento_regulatorio,team_beta,2025-12-24 18:55:15.473447,2025-12-25 04:09:28.001556,9.2,False,0,False,False,False,False
TCK-03178,soporte_reactivo,team_gamma,2025-12-27 07:13:40.501800,2025-12-28 19:37:39.624890,36.4,False,4,False,False,False,False
TCK-03179,soporte_reactivo,team_beta,2026-01-21 04:41:37.396983,2026-01-21 18:30:39.309889,13.8,False,0,False,False,False,False
TCK-03180,mantenimiento_operativo,team_gamma,2026-08-07 23:28:52.258811,2026-08-08 06:32:34.992904,7.1,False,0,True,True,False,False
TCK-03181,cumplimiento_regulatorio,team_alpha,2025-12-19 15:18:18.423511,2025-12-20 08:59:26.249811,17.7,False,0,False,False,False,False
TCK-03182,mantenimiento_operativo,team_beta,2026-09-04 10:09:03.872627,2026-09-05 06:06:51.749372,20.0,False,0,False,True,False,False
TCK-03183,deuda_tecnica_critica,team_beta,2026-08-10 05:17:41.381195,2026-08-17 03:23:02.010298,166.1,False,0,False,True,False,False
TCK-03184,mantenimiento_operativo,team_growth,2026-08-18 00:44:18.663947,2026-08-19 18:34:37.971457,41.8,False,0,True,True,False,False
TCK-03185,soporte_reactivo,team_growth,2026-09-02 05:44:31.443283,2026-09-03 18:45:11.933572,37.0,False,0,False,False,False,False
TCK-03186,mantenimiento_operativo,team_growth,2026-09-03 13:39:40.988959,2026-09-04 15:31:56.918879,25.9,False,0,False,True,False,False
TCK-03187,retencion_clientes,team_alpha,2025-12-23 07:24:59.438559,2025-12-23 20:53:08.928032,13.5,False,0,False,False,False,False
TCK-03188,deuda_tecnica_critica,team_beta,2026-08-21 08:21:17.634905,2026-08-28 15:23:01.062327,175.0,False,0,False,False,False,False
TCK-03189,deuda_tecnica_critica,team_gamma,2026-01-25 20:01:12.724957,2026-01-31 01:43:43.670244,125.7,False,0,False,False,False,False
TCK-03190,mantenimiento_operativo,team_beta,2026-08-25 07:36:41.202330,2026-08-26 12:40:35.856609,29.1,False,0,False,True,False,False
TCK-03191,mantenimiento_operativo,team_gamma,2025-12-30 04:25:57.685302,2025-12-30 15:15:28.337728,10.8,False,0,False,True,False,False
TCK-03192,mantenimiento_operativo,team_beta,2026-03-19 05:27:25.791174,2026-03-19 22:09:48.382414,16.7,False,0,False,True,False,False
TCK-03193,cumplimiento_regulatorio,team_alpha,2026-07-02 12:13:33.145887,2026-07-03 00:47:55.326076,12.6,False,0,False,False,False,False
TCK-03194,soporte_reactivo,team_beta,2026-08-06 06:15:17.610065,2026-08-08 10:51:18.223499,52.6,True,4,False,False,False,False
TCK-03195,mantenimiento_operativo,team_gamma,2026-01-09 09:26:21.537486,2026-01-10 15:22:47.066600,29.9,True,0,True,True,False,False
TCK-03196,soporte_reactivo,team_beta,2026-03-29 03:00:56.638572,2026-03-31 07:55:35.214108,52.9,False,4,False,False,False,False
TCK-03197,deuda_tecnica_critica,team_growth,2026-03-04 13:51:23.598497,2026-03-16 19:32:36.020335,293.7,True,0,False,True,False,False
TCK-03198,mantenimiento_operativo,team_gamma,2026-04-12 05:36:28.368276,2026-04-13 10:00:33.457929,28.4,False,0,False,True,False,False
TCK-03199,soporte_reactivo,team_beta,2026-02-17 22:10:46.140604,2026-02-18 16:15:13.257988,18.1,False,0,False,False,False,False
TCK-03200,mantenimiento_operativo,team_alpha,2026-07-01 03:14:32.970978,2026-07-01 13:12:58.098598,10.0,False,0,True,True,False,False
TCK-03201,mantenimiento_operativo,team_gamma,2026-04-27 10:40:10.060076,2026-04-27 21:54:02.433123,11.2,False,0,False,True,False,False
TCK-03202,mantenimiento_operativo,team_growth,2026-05-05 00:13:58.829402,2026-05-05 14:39:19.280443,14.4,False,0,False,True,False,False
TCK-03203,mantenimiento_operativo,team_alpha,2026-01-28 10:23:06.651000,2026-01-29 04:20:48.128272,18.0,False,0,False,False,False,False
TCK-03204,retencion_clientes,team_alpha,2026-04-12 22:44:08.308707,2026-04-13 16:44:16.504242,18.0,False,0,False,False,False,False
TCK-03205,deuda_tecnica_critica,team_gamma,2026-03-10 12:10:02.354718,2026-03-15 02:49:14.775683,110.7,False,0,False,False,False,False
TCK-03206,cumplimiento_regulatorio,team_alpha,2026-08-07 08:27:10.499959,2026-08-08 00:56:41.442689,16.5,False,0,False,False,False,False
TCK-03207,soporte_reactivo,team_alpha,2026-04-15 03:18:19.889268,2026-04-17 09:28:38.040976,54.2,False,4,False,False,False,False
TCK-03208,deuda_tecnica_critica,team_alpha,2026-08-19 19:04:31.308872,2026-08-20 16:25:22.070454,21.3,False,0,False,True,False,False
TCK-03209,mantenimiento_operativo,team_alpha,2026-02-08 21:43:52.126300,2026-02-09 10:01:35.655060,12.3,False,0,True,True,False,False
TCK-03210,deuda_tecnica_critica,team_gamma,2026-05-05 08:09:24.412298,2026-05-14 12:36:05.611067,220.4,False,0,False,False,False,False
TCK-03211,mantenimiento_operativo,team_gamma,2026-02-13 19:38:56.004758,2026-02-14 09:24:49.297254,13.8,False,0,False,True,False,False
TCK-03212,soporte_reactivo,team_beta,2026-07-04 01:40:25.484431,2026-07-04 14:43:09.866040,13.0,False,0,False,False,False,False
TCK-03213,mantenimiento_operativo,team_gamma,2026-03-09 17:03:00.364092,2026-03-10 11:07:39.216240,18.1,False,0,False,True,False,False
TCK-03214,retencion_clientes,team_beta,2026-03-03 09:13:14.468467,2026-03-04 07:53:32.031886,22.7,False,0,False,False,False,False
TCK-03215,deuda_tecnica_critica,team_alpha,2026-04-08 20:34:37.571597,2026-04-12 12:08:33.274461,87.6,False,0,False,False,False,False
TCK-03216,retencion_clientes,team_gamma,2026-04-24 19:33:56.505308,2026-04-25 21:56:25.866939,26.4,False,0,False,False,False,False
TCK-03217,deuda_tecnica_critica,team_growth,2026-04-21 23:54:24.237507,2026-04-23 16:36:50.838035,40.7,False,0,False,False,False,False
TCK-03218,mantenimiento_operativo,team_growth,2025-12-29 07:14:59.374084,2025-12-30 12:55:52.769535,29.7,False,0,False,True,False,False
TCK-03219,retencion_clientes,team_growth,2026-06-29 21:06:00.640387,2026-06-30 15:44:51.099339,18.6,False,0,False,False,False,False
TCK-03220,soporte_reactivo,team_growth,2026-04-28 10:55:46.205006,2026-04-29 07:21:18.377453,20.4,False,0,False,False,False,False
TCK-03221,mantenimiento_operativo,team_beta,2026-04-08 06:29:31.568633,2026-04-08 14:58:56.417926,8.5,False,0,False,True,False,False
TCK-03222,soporte_reactivo,team_alpha,2026-03-30 17:16:02.282252,2026-03-31 15:02:06.793921,21.8,False,0,False,False,False,False
TCK-03223,deuda_tecnica_critica,team_beta,2026-01-24 17:35:15.253311,2026-01-30 00:00:15.870825,126.4,False,0,False,True,False,False
TCK-03224,mantenimiento_operativo,team_beta,2026-03-17 13:03:22.994210,2026-03-17 20:07:23.099289,7.1,False,0,True,False,False,False
TCK-03225,retencion_clientes,team_growth,2026-03-09 23:53:15.028323,2026-03-12 12:52:32.720344,61.0,False,0,False,False,False,False
TCK-03226,retencion_clientes,team_gamma,2025-12-19 12:27:50.809003,2025-12-20 03:35:57.552163,15.1,False,0,False,False,False,False
TCK-03227,retencion_clientes,team_gamma,2026-04-16 00:59:20.646860,2026-04-16 15:00:33.968784,14.0,False,0,False,False,False,False
TCK-03228,retencion_clientes,team_beta,2026-07-28 19:22:49.027355,2026-07-29 11:15:26.604153,15.9,False,0,False,False,False,False
TCK-03229,deuda_tecnica_critica,team_growth,2026-05-26 04:44:27.581078,2026-05-28 00:27:20.151171,43.7,False,0,False,False,False,False
TCK-03230,mantenimiento_operativo,team_beta,2026-05-31 11:41:20.615932,2026-05-31 19:57:19.153136,8.3,False,0,False,True,False,False
TCK-03231,retencion_clientes,team_beta,2025-12-29 19:36:36.504519,2025-12-30 08:51:48.855287,13.3,False,0,False,False,False,False
TCK-03232,mantenimiento_operativo,team_growth,2026-08-26 08:45:23.078711,2026-08-28 06:23:11.596170,45.6,False,0,False,True,False,False
TCK-03233,mantenimiento_operativo,team_growth,2026-08-08 07:02:28.635488,2026-08-09 13:06:28.871239,30.1,False,0,True,True,False,False
TCK-03234,soporte_reactivo,team_growth,2026-04-22 12:03:02.414951,2026-04-23 21:31:05.346322,33.5,False,0,False,False,False,False
TCK-03235,soporte_reactivo,team_alpha,2026-04-13 15:56:02.207096,2026-04-14 01:41:13.876795,9.8,False,0,False,False,False,False
TCK-03236,mantenimiento_operativo,team_beta,2026-02-06 16:05:50.034325,2026-02-07 09:59:50.944005,17.9,False,0,False,True,False,False
TCK-03237,mantenimiento_operativo,team_gamma,2026-03-31 05:34:44.527744,2026-03-31 20:05:56.547926,14.5,False,0,True,False,False,False
TCK-03238,retencion_clientes,team_gamma,2026-04-29 22:00:24.414203,2026-04-30 16:45:58.613008,18.8,True,0,False,False,False,False
TCK-03239,mantenimiento_operativo,team_beta,2026-07-02 01:45:43.755136,2026-07-02 13:58:53.079153,12.2,False,0,False,True,False,False
TCK-03240,deuda_tecnica_critica,team_beta,2026-05-01 23:13:53.441440,2026-05-09 18:22:58.164789,187.2,False,0,False,True,False,False
TCK-03241,soporte_reactivo,team_beta,2025-12-25 04:55:12.418435,2025-12-25 21:27:54.944745,16.5,False,0,False,False,False,False
TCK-03242,retencion_clientes,team_growth,2026-01-09 09:17:02.725953,2026-01-10 17:55:54.428923,32.6,False,0,False,False,False,False
TCK-03243,cumplimiento_regulatorio,team_alpha,2026-02-08 20:22:19.214191,2026-02-09 22:47:19.865903,26.4,False,0,False,False,False,False
TCK-03244,retencion_clientes,team_growth,2026-04-24 01:42:17.482795,2026-04-27 08:20:09.542528,78.6,False,0,False,False,False,False
TCK-03245,deuda_tecnica_critica,team_gamma,2026-03-24 16:59:48.046210,2026-03-29 07:00:56.639129,110.0,False,0,False,True,False,False
TCK-03246,mantenimiento_operativo,team_gamma,2026-02-25 22:18:14.675735,2026-02-27 08:01:39.912414,33.7,False,0,False,True,False,False
TCK-03247,soporte_reactivo,team_alpha,2026-03-28 06:59:32.434534,2026-03-28 18:04:25.694318,11.1,False,0,False,False,False,False
TCK-03248,mantenimiento_operativo,team_gamma,2026-07-19 17:47:50.996369,2026-07-20 00:30:45.163507,6.7,False,0,False,True,False,False
TCK-03249,deuda_tecnica_critica,team_growth,2026-02-24 02:01:18.934784,2026-03-08 16:38:34.438630,302.6,False,0,False,False,False,False
TCK-03250,soporte_reactivo,team_gamma,2026-08-18 21:50:24.501674,2026-08-19 08:49:15.722810,11.0,False,0,False,False,False,False
TCK-03251,soporte_reactivo,team_gamma,2026-07-12 22:43:34.325214,2026-07-13 16:50:45.692678,18.1,False,0,False,False,False,False
TCK-03252,mantenimiento_operativo,team_alpha,2026-08-02 08:38:44.399972,2026-08-02 17:08:01.437855,8.5,False,0,False,True,False,False
TCK-03253,cumplimiento_regulatorio,team_gamma,2026-02-26 09:27:02.893091,2026-02-27 06:54:36.434680,21.5,True,0,False,False,False,False
TCK-03254,soporte_reactivo,team_gamma,2026-03-03 23:46:20.671835,2026-03-04 10:53:21.197974,11.1,False,0,False,False,False,False
TCK-03255,cumplimiento_regulatorio,team_growth,2026-04-03 00:59:32.904549,2026-04-04 08:26:42.712209,31.5,False,0,False,False,False,False
TCK-03256,retencion_clientes,team_growth,2026-08-29 09:57:49.620603,2026-08-31 09:10:10.788725,47.2,False,0,False,False,False,False
TCK-03257,soporte_reactivo,team_alpha,2026-07-14 10:03:42.615081,2026-07-14 23:43:42.756778,13.7,False,0,False,False,False,False
TCK-03258,soporte_reactivo,team_alpha,2026-03-15 23:56:28.703377,2026-03-18 02:56:02.997060,51.0,True,4,False,False,False,False
TCK-03259,cumplimiento_regulatorio,team_beta,2026-01-26 19:07:48.921583,2026-01-27 15:20:50.397000,20.2,False,0,False,False,False,False
TCK-03260,deuda_tecnica_critica,team_gamma,2026-01-11 18:42:42.045100,2026-01-12 16:57:57.032865,22.3,False,0,False,True,False,False
TCK-03261,soporte_reactivo,team_beta,2026-03-08 01:51:24.245706,2026-03-08 06:05:52.413242,4.2,False,0,False,False,False,False
TCK-03262,cumplimiento_regulatorio,team_beta,2026-06-02 01:04:05.088879,2026-06-02 18:19:24.000659,17.3,False,0,False,False,False,False
TCK-03263,deuda_tecnica_critica,team_gamma,2026-01-09 20:08:07.255128,2026-01-10 06:17:56.357660,10.2,False,0,False,False,False,False
TCK-03264,deuda_tecnica_critica,team_gamma,2026-02-16 13:13:51.906259,2026-02-17 11:34:17.534545,22.3,False,0,False,True,False,False
TCK-03265,mantenimiento_operativo,team_beta,2026-06-10 21:15:52.902321,2026-06-11 02:03:10.184598,4.8,False,0,True,True,False,False
TCK-03266,soporte_reactivo,team_gamma,2026-01-11 18:33:23.613723,2026-01-12 04:41:03.932928,10.1,False,0,False,False,False,False
TCK-03267,deuda_tecnica_critica,team_growth,2026-08-25 05:31:39.326753,2026-09-10 07:48:14.856038,386.3,False,0,False,False,False,False
TCK-03268,soporte_reactivo,team_beta,2026-04-10 17:03:10.104120,2026-04-11 02:31:41.588707,9.5,False,0,False,False,False,False
TCK-03269,deuda_tecnica_critica,team_alpha,2026-04-10 22:24:46.710962,2026-04-15 19:39:08.677860,117.2,False,0,False,False,False,False
TCK-03270,mantenimiento_operativo,team_alpha,2026-07-17 16:32:17.397975,2026-07-18 13:10:39.086423,20.6,False,0,False,True,False,False
TCK-03271,retencion_clientes,team_gamma,2025-12-25 20:34:03.842566,2025-12-26 10:02:03.105947,13.5,False,0,False,False,False,False
TCK-03272,mantenimiento_operativo,team_beta,2026-08-25 01:35:08.497517,2026-08-25 15:40:57.969548,14.1,False,0,False,True,False,False
TCK-03273,cumplimiento_regulatorio,team_growth,2026-06-17 04:26:04.421761,2026-06-17 20:30:37.048573,16.1,False,0,False,False,False,False
TCK-03274,deuda_tecnica_critica,team_growth,2026-04-19 23:08:55.176646,2026-04-22 22:21:11.015570,71.2,False,0,False,True,False,False
TCK-03275,cumplimiento_regulatorio,team_gamma,2026-08-02 03:54:53.958725,2026-08-02 21:38:55.527754,17.7,False,0,False,False,False,False
TCK-03276,retencion_clientes,team_alpha,2026-07-10 12:14:28.597431,2026-07-11 06:24:03.605811,18.2,False,0,False,False,False,False
TCK-03277,mantenimiento_operativo,team_alpha,2026-05-25 05:04:47.220529,2026-05-26 05:17:46.755834,24.2,False,0,False,False,False,False
TCK-03278,mantenimiento_operativo,team_gamma,2026-04-06 16:40:39.060123,2026-04-07 07:18:26.284002,14.6,False,0,True,True,False,False
TCK-03279,mantenimiento_operativo,team_beta,2026-01-31 23:55:37.711006,2026-02-01 10:35:10.629264,10.7,False,0,False,True,False,False
TCK-03280,soporte_reactivo,team_beta,2026-06-11 21:30:17.345016,2026-06-12 05:44:12.166273,8.2,False,0,False,False,False,False
TCK-03281,soporte_reactivo,team_beta,2026-07-08 15:12:27.266620,2026-07-08 21:47:19.707641,6.6,False,0,False,False,False,False
TCK-03282,retencion_clientes,team_alpha,2026-06-19 00:02:13.659962,2026-06-19 21:28:08.105013,21.4,False,0,False,False,False,False
TCK-03283,mantenimiento_operativo,team_beta,2026-03-06 00:21:12.721765,2026-03-06 22:32:03.898287,22.2,False,0,False,True,False,False
TCK-03284,mantenimiento_operativo,team_gamma,2026-03-21 00:58:06.667474,2026-03-21 23:49:33.684066,22.9,False,0,False,False,False,False
TCK-03285,deuda_tecnica_critica,team_alpha,2026-08-25 16:02:29.157835,2026-08-26 06:08:38.259483,14.1,False,0,False,False,False,False
TCK-03286,deuda_tecnica_critica,team_gamma,2026-06-13 11:57:03.244347,2026-06-20 16:42:26.990777,172.8,False,0,False,True,False,False
TCK-03287,soporte_reactivo,team_gamma,2026-02-18 22:33:09.757862,2026-02-19 16:28:46.752415,17.9,False,0,False,False,False,False
TCK-03288,mantenimiento_operativo,team_alpha,2025-12-28 17:16:04.798798,2025-12-29 07:43:15.791402,14.5,False,0,False,True,False,False
TCK-03289,retencion_clientes,team_beta,2026-01-23 10:11:16.087408,2026-01-24 15:15:48.047747,29.1,False,0,False,False,False,False
TCK-03290,cumplimiento_regulatorio,team_beta,2026-08-29 18:26:46.367207,2026-08-30 12:58:54.260752,18.5,False,0,False,False,False,False
TCK-03291,soporte_reactivo,team_growth,2025-12-30 03:46:42.581015,2025-12-31 07:48:17.868411,28.0,False,0,False,False,False,False
TCK-03292,soporte_reactivo,team_gamma,2026-03-10 07:29:20.635778,2026-03-11 22:05:01.880742,38.6,False,4,False,False,False,False
TCK-03293,soporte_reactivo,team_gamma,2026-06-16 19:42:34.811501,2026-06-17 06:10:42.683184,10.5,False,0,False,False,False,False
TCK-03294,cumplimiento_regulatorio,team_beta,2026-03-10 14:31:37.213945,2026-03-11 18:26:16.184415,27.9,False,0,False,False,False,False
TCK-03295,deuda_tecnica_critica,team_alpha,2026-03-06 10:37:42.951348,2026-03-09 17:26:49.641683,78.8,False,0,False,True,False,False
TCK-03296,retencion_clientes,team_growth,2026-01-09 19:52:20.179816,2026-01-12 00:48:42.917062,52.9,False,0,False,False,False,False
TCK-03297,deuda_tecnica_critica,team_alpha,2026-09-06 21:43:03.049927,2026-09-13 13:31:21.217766,159.8,False,0,False,False,False,False
TCK-03298,cumplimiento_regulatorio,team_alpha,2026-05-15 06:43:46.133591,2026-05-16 11:24:56.815922,28.7,False,0,False,False,False,False
TCK-03299,deuda_tecnica_critica,team_growth,2026-03-27 09:51:52.403592,2026-04-09 03:05:24.633054,305.2,True,0,False,False,False,False
TCK-03300,cumplimiento_regulatorio,team_gamma,2026-01-07 11:48:29.454559,2026-01-08 01:59:25.021383,14.2,False,0,False,False,False,False
TCK-03301,deuda_tecnica_critica,team_beta,2026-06-21 22:10:23.519921,2026-07-04 01:12:00.815460,291.0,False,0,False,False,False,False
TCK-03302,cumplimiento_regulatorio,team_gamma,2026-09-02 09:13:52.423888,2026-09-03 00:44:05.915793,15.5,False,0,False,False,False,False
TCK-03303,mantenimiento_operativo,team_gamma,2026-03-10 08:00:08.106793,2026-03-11 00:23:32.215657,16.4,False,0,False,False,False,False
TCK-03304,mantenimiento_operativo,team_growth,2026-03-15 19:33:39.829328,2026-03-16 17:14:08.651147,21.7,False,0,True,True,False,False
TCK-03305,mantenimiento_operativo,team_alpha,2026-08-28 23:16:51.359801,2026-08-29 11:43:59.496825,12.5,False,0,False,True,False,False
TCK-03306,deuda_tecnica_critica,team_growth,2026-03-27 10:48:30.273164,2026-03-28 14:25:33.098618,27.6,False,0,False,False,False,False
TCK-03307,retencion_clientes,team_beta,2026-08-18 07:56:00.583482,2026-08-19 00:58:09.279208,17.0,False,0,False,False,False,False
TCK-03308,mantenimiento_operativo,team_alpha,2026-09-01 22:17:47.425605,2026-09-02 05:48:10.049158,7.5,False,0,True,True,False,False
TCK-03309,soporte_reactivo,team_alpha,2026-04-13 09:00:49.106698,2026-04-14 15:13:51.117771,30.2,False,4,False,False,False,False
TCK-03310,mantenimiento_operativo,team_beta,2026-06-06 18:32:35.342928,2026-06-07 02:38:05.704908,8.1,False,0,False,True,False,False
TCK-03311,soporte_reactivo,team_gamma,2026-07-15 10:57:16.960740,2026-07-15 15:46:49.269795,4.8,False,0,False,False,False,False
TCK-03312,mantenimiento_operativo,team_alpha,2026-08-15 05:04:10.076774,2026-08-15 15:36:59.308411,10.5,False,0,False,True,False,False
TCK-03313,retencion_clientes,team_growth,2026-04-10 05:51:37.539244,2026-04-13 01:43:24.662259,67.9,False,0,False,False,False,False
TCK-03314,mantenimiento_operativo,team_beta,2026-08-02 08:53:49.284869,2026-08-03 09:19:56.819432,24.4,False,0,True,True,False,False
TCK-03315,soporte_reactivo,team_beta,2026-08-26 02:45:36.350768,2026-08-27 07:49:17.896774,29.1,False,0,False,False,False,False
TCK-03316,cumplimiento_regulatorio,team_gamma,2026-06-16 17:08:57.099252,2026-06-18 03:17:32.589013,34.1,False,0,False,False,False,False
TCK-03317,retencion_clientes,team_gamma,2026-07-15 17:43:07.894091,2026-07-16 12:25:29.365660,18.7,False,0,False,False,False,False
TCK-03318,mantenimiento_operativo,team_beta,2026-07-22 16:23:02.515509,2026-07-23 02:48:58.583736,10.4,False,0,False,True,False,False
TCK-03319,deuda_tecnica_critica,team_gamma,2026-05-29 10:11:22.724684,2026-06-03 08:52:42.029288,118.7,False,0,False,False,False,False
TCK-03320,mantenimiento_operativo,team_growth,2026-05-08 22:07:58.419919,2026-05-10 00:07:37.590281,26.0,False,0,False,True,False,False
TCK-03321,deuda_tecnica_critica,team_beta,2026-07-18 20:41:13.549502,2026-07-19 08:09:41.170781,11.5,False,0,False,False,False,False
TCK-03322,retencion_clientes,team_growth,2026-05-27 16:42:10.466614,2026-05-28 13:16:29.817834,20.6,False,0,False,False,False,False
TCK-03323,retencion_clientes,team_alpha,2026-06-03 21:37:52.457718,2026-06-04 18:24:56.120196,20.8,False,0,False,False,False,False
TCK-03324,mantenimiento_operativo,team_gamma,2026-02-14 00:55:22.364704,2026-02-14 11:02:59.741186,10.1,False,0,False,True,False,False
TCK-03325,retencion_clientes,team_gamma,2025-12-17 18:48:07.473810,2025-12-18 14:56:13.755886,20.1,False,0,False,False,False,False
TCK-03326,soporte_reactivo,team_alpha,2026-01-27 17:21:54.185593,2026-01-28 10:04:06.660094,16.7,False,0,False,False,False,False
TCK-03327,soporte_reactivo,team_alpha,2026-08-11 02:35:28.699594,2026-08-11 11:12:52.622371,8.6,False,0,False,False,False,False
TCK-03328,soporte_reactivo,team_alpha,2026-04-23 19:47:12.981869,2026-04-24 12:15:53.129352,16.5,False,0,False,False,False,False
TCK-03329,soporte_reactivo,team_gamma,2025-12-19 20:37:08.706803,2025-12-20 13:31:02.827969,16.9,False,0,False,False,False,False
TCK-03330,soporte_reactivo,team_beta,2026-01-06 17:44:51.531523,2026-01-07 06:08:55.993152,12.4,False,0,False,False,False,False
TCK-03331,soporte_reactivo,team_alpha,2026-08-05 20:15:00.485764,2026-08-06 03:51:28.392632,7.6,False,0,False,False,False,False
TCK-03332,soporte_reactivo,team_alpha,2026-09-01 10:07:22.133511,2026-09-02 02:35:57.987218,16.5,False,0,False,False,False,False
TCK-03333,mantenimiento_operativo,team_beta,2026-06-19 22:00:03.686181,2026-06-20 05:19:23.089495,7.3,False,0,True,False,False,False
TCK-03334,cumplimiento_regulatorio,team_beta,2026-05-25 02:21:53.901653,2026-05-25 14:45:25.108433,12.4,False,0,False,False,False,False
TCK-03335,mantenimiento_operativo,team_beta,2026-07-19 19:47:10.115437,2026-07-20 10:01:39.487354,14.2,False,0,True,True,False,False
TCK-03336,cumplimiento_regulatorio,team_alpha,2026-03-29 13:24:02.955277,2026-03-30 13:14:26.061833,23.8,False,0,False,False,False,False
TCK-03337,soporte_reactivo,team_beta,2026-03-07 12:38:41.242561,2026-03-08 05:24:04.148451,16.8,True,0,False,False,False,False
TCK-03338,deuda_tecnica_critica,team_gamma,2026-08-16 03:41:38.034032,2026-08-16 14:38:22.654426,10.9,False,0,False,True,False,False
TCK-03339,soporte_reactivo,team_beta,2026-06-12 22:17:41.860569,2026-06-14 15:31:46.829286,41.2,True,4,False,False,False,False
TCK-03340,mantenimiento_operativo,team_beta,2026-02-22 21:05:45.530874,2026-02-23 10:02:56.665047,13.0,False,0,False,True,False,False
TCK-03341,retencion_clientes,team_growth,2026-04-18 08:43:55.192897,2026-04-20 00:06:00.752180,39.4,False,0,False,False,False,False
TCK-03342,soporte_reactivo,team_gamma,2026-09-06 04:47:41.035108,2026-09-07 18:11:42.945462,37.4,True,4,False,False,False,False
TCK-03343,deuda_tecnica_critica,team_growth,2026-06-17 20:38:24.944546,2026-07-07 10:41:24.094689,470.0,False,0,False,False,False,False
TCK-03344,deuda_tecnica_critica,team_alpha,2026-08-24 10:40:47.612568,2026-08-25 00:30:04.532565,13.8,False,0,False,False,False,False
TCK-03345,mantenimiento_operativo,team_beta,2025-12-28 19:36:00.714563,2025-12-29 13:52:58.520606,18.3,False,0,False,True,False,False
TCK-03346,soporte_reactivo,team_beta,2026-03-02 00:41:01.663882,2026-03-02 17:36:08.143018,16.9,True,0,False,False,False,False
TCK-03347,mantenimiento_operativo,team_alpha,2026-05-13 10:44:35.753105,2026-05-15 14:55:23.904815,52.2,True,0,False,False,False,False
TCK-03348,deuda_tecnica_critica,team_gamma,2026-05-06 21:08:21.583839,2026-05-14 19:17:32.258524,190.2,False,0,False,False,False,False
TCK-03349,deuda_tecnica_critica,team_alpha,2026-06-16 15:02:42.554632,2026-06-17 09:19:33.314188,18.3,False,0,False,False,False,False
TCK-03350,soporte_reactivo,team_gamma,2025-12-22 19:31:34.114489,2025-12-23 13:50:35.438239,18.3,False,0,False,False,False,False
TCK-03351,mantenimiento_operativo,team_beta,2026-01-18 22:57:33.778093,2026-01-19 15:08:20.724829,16.2,False,0,False,True,False,False
TCK-03352,mantenimiento_operativo,team_alpha,2026-02-07 10:49:20.000028,2026-02-07 18:10:32.776693,7.4,False,0,True,True,False,False
TCK-03353,soporte_reactivo,team_gamma,2026-07-25 16:01:33.971174,2026-07-26 09:20:56.793408,17.3,False,0,False,False,False,False
TCK-03354,retencion_clientes,team_growth,2025-12-24 20:41:09.269871,2025-12-26 16:38:24.511965,44.0,False,0,False,False,False,False
TCK-03355,mantenimiento_operativo,team_alpha,2026-03-04 08:45:49.956678,2026-03-04 15:29:15.831600,6.7,False,0,False,False,False,False
TCK-03356,retencion_clientes,team_gamma,2026-03-06 01:26:33.993259,2026-03-06 12:04:59.208799,10.6,False,0,False,False,False,False
TCK-03357,retencion_clientes,team_alpha,2026-01-21 05:19:20.329248,2026-01-21 22:31:37.831712,17.2,False,0,False,False,False,False
TCK-03358,soporte_reactivo,team_gamma,2026-05-02 07:37:09.426190,2026-05-03 03:59:35.073653,20.4,False,0,False,False,False,False
TCK-03359,cumplimiento_regulatorio,team_beta,2026-06-10 23:21:38.562258,2026-06-11 15:53:22.045454,16.5,False,0,False,False,False,False
TCK-03360,deuda_tecnica_critica,team_growth,2026-04-07 00:15:48.263763,2026-04-27 19:34:31.306418,499.3,False,0,False,False,False,False
TCK-03361,cumplimiento_regulatorio,team_alpha,2026-02-07 13:54:16.743344,2026-02-07 23:56:41.901713,10.0,False,0,False,False,False,False
TCK-03362,soporte_reactivo,team_gamma,2026-04-01 01:17:46.035177,2026-04-01 09:46:19.358329,8.5,False,0,False,False,False,False
TCK-03363,deuda_tecnica_critica,team_growth,2026-07-11 22:04:38.432141,2026-08-07 00:19:50.079405,626.3,False,0,False,False,False,False
TCK-03364,mantenimiento_operativo,team_gamma,2026-08-23 05:00:04.923727,2026-08-24 00:52:54.191002,19.9,False,0,False,False,False,False
TCK-03365,cumplimiento_regulatorio,team_gamma,2026-06-06 20:11:24.470826,2026-06-07 09:41:22.302667,13.5,False,0,False,False,False,False
TCK-03366,retencion_clientes,team_growth,2025-12-31 08:19:57.194931,2026-01-02 08:00:02.984083,47.7,False,0,False,False,False,False
TCK-03367,mantenimiento_operativo,team_alpha,2026-01-01 00:59:24.360442,2026-01-01 13:50:29.980443,12.9,False,0,True,True,False,False
TCK-03368,soporte_reactivo,team_alpha,2026-01-24 12:20:23.635362,2026-01-24 20:42:04.764752,8.4,False,0,False,False,False,False
TCK-03369,deuda_tecnica_critica,team_beta,2026-06-12 21:45:31.127405,2026-06-13 16:02:58.643571,18.3,False,0,False,False,False,False
TCK-03370,deuda_tecnica_critica,team_growth,2026-03-25 11:41:40.079382,2026-03-27 12:32:45.277917,48.9,False,0,False,False,False,False
TCK-03371,retencion_clientes,team_gamma,2026-06-12 17:57:08.207236,2026-06-13 07:17:00.969931,13.3,False,0,False,False,False,False
TCK-03372,retencion_clientes,team_gamma,2025-12-21 19:11:33.576053,2025-12-22 12:50:14.659840,17.6,False,0,False,False,False,False
TCK-03373,retencion_clientes,team_gamma,2026-03-02 12:00:48.882438,2026-03-03 09:12:59.965759,21.2,False,0,False,False,False,False
TCK-03374,deuda_tecnica_critica,team_growth,2026-03-01 04:52:09.194455,2026-03-03 23:20:05.724659,66.5,False,0,False,True,False,False
TCK-03375,retencion_clientes,team_beta,2026-03-04 18:24:34.216255,2026-03-05 19:42:50.693038,25.3,False,0,False,False,False,False
TCK-03376,mantenimiento_operativo,team_gamma,2026-01-31 09:59:43.716378,2026-02-01 03:43:32.042538,17.7,False,0,True,True,False,False
TCK-03377,deuda_tecnica_critica,team_gamma,2026-04-19 21:08:34.991178,2026-04-28 14:56:07.168859,209.8,False,0,False,True,False,False
TCK-03378,soporte_reactivo,team_gamma,2026-06-14 04:33:25.170200,2026-06-17 15:57:06.060708,83.4,False,4,False,False,False,False
TCK-03379,soporte_reactivo,team_growth,2026-01-04 05:17:44.088169,2026-01-05 16:39:34.494852,35.4,False,0,False,False,False,False
TCK-03380,cumplimiento_regulatorio,team_gamma,2026-05-29 12:14:27.273475,2026-05-29 22:35:17.375702,10.3,False,0,False,False,False,False
TCK-03381,mantenimiento_operativo,team_alpha,2026-06-03 06:46:59.431470,2026-06-03 16:06:20.254779,9.3,False,0,False,False,False,False
TCK-03382,retencion_clientes,team_growth,2026-03-24 09:42:08.052444,2026-03-25 02:22:05.721780,16.7,False,0,False,False,False,False
TCK-03383,soporte_reactivo,team_beta,2026-04-02 14:39:50.952132,2026-04-03 23:37:18.280066,33.0,False,0,False,False,False,False
TCK-03384,mantenimiento_operativo,team_alpha,2025-12-26 23:59:29.858967,2025-12-27 10:49:41.028399,10.8,False,0,True,True,False,False
TCK-03385,soporte_reactivo,team_growth,2026-03-29 09:47:14.215752,2026-04-03 03:08:20.593435,113.4,False,4,False,False,False,False
TCK-03386,mantenimiento_operativo,team_alpha,2026-01-13 02:38:11.761129,2026-01-14 02:28:57.196865,23.8,False,0,False,True,False,False
TCK-03387,mantenimiento_operativo,team_growth,2026-06-04 17:05:03.866502,2026-06-05 20:46:26.971772,27.7,False,0,False,True,False,False
TCK-03388,cumplimiento_regulatorio,team_growth,2026-08-06 12:54:07.249719,2026-08-08 01:04:45.370522,36.2,True,0,False,False,False,False
TCK-03389,retencion_clientes,team_alpha,2026-07-12 15:17:49.609477,2026-07-13 05:50:15.338924,14.5,False,0,False,False,False,False
TCK-03390,retencion_clientes,team_growth,2026-03-19 09:34:54.455244,2026-03-20 03:21:52.377672,17.8,False,0,False,False,False,False
TCK-03391,soporte_reactivo,team_beta,2026-06-19 22:07:26.086598,2026-06-21 16:55:03.820801,42.8,False,4,False,False,False,False
TCK-03392,retencion_clientes,team_growth,2026-01-05 16:52:53.454899,2026-01-06 16:55:39.028185,24.0,False,0,False,False,False,False
TCK-03393,mantenimiento_operativo,team_alpha,2026-05-25 01:29:03.709721,2026-05-25 16:46:44.952725,15.3,False,0,False,False,False,False
TCK-03394,mantenimiento_operativo,team_gamma,2026-06-14 04:27:52.622726,2026-06-14 16:52:03.004043,12.4,False,0,False,True,True,False
TCK-03395,cumplimiento_regulatorio,team_beta,2026-04-13 18:21:57.469374,2026-04-14 06:20:19.532343,12.0,False,0,False,False,False,False
TCK-03396,deuda_tecnica_critica,team_growth,2026-01-14 11:22:46.461914,2026-01-15 01:30:50.519941,14.1,False,0,False,False,False,False
TCK-03397,retencion_clientes,team_growth,2026-04-21 17:50:32.206248,2026-04-23 03:10:39.540691,33.3,False,0,False,False,False,False
TCK-03398,deuda_tecnica_critica,team_growth,2026-03-26 03:08:39.791503,2026-03-27 06:34:43.271184,27.4,False,0,False,True,False,False
TCK-03399,cumplimiento_regulatorio,team_alpha,2026-06-07 16:44:12.098917,2026-06-08 09:18:54.019689,16.6,False,0,False,False,False,False
TCK-03400,cumplimiento_regulatorio,team_growth,2026-08-07 05:05:45.889328,2026-08-07 18:44:07.122141,13.6,False,0,False,False,False,False
TCK-03401,deuda_tecnica_critica,team_growth,2025-12-21 22:38:08.345259,2025-12-22 14:15:35.812150,15.6,False,0,False,False,False,False
TCK-03402,retencion_clientes,team_gamma,2026-06-03 00:56:08.789425,2026-06-03 15:38:30.428995,14.7,False,0,False,False,False,False
TCK-03403,soporte_reactivo,team_gamma,2026-05-23 10:10:25.850999,2026-05-23 21:28:08.037497,11.3,False,0,False,False,False,False
TCK-03404,retencion_clientes,team_growth,2026-04-22 07:27:29.915318,2026-04-22 20:18:15.858328,12.8,False,0,False,False,False,False
TCK-03405,deuda_tecnica_critica,team_growth,2025-12-31 21:43:15.399215,2026-01-15 16:04:46.879717,354.4,False,0,False,True,False,False
TCK-03406,deuda_tecnica_critica,team_growth,2026-03-28 23:51:42.768255,2026-04-06 16:44:11.177705,208.9,False,0,False,False,False,False
TCK-03407,mantenimiento_operativo,team_alpha,2026-05-08 18:06:50.069005,2026-05-09 06:30:59.946892,12.4,False,0,False,True,False,False
TCK-03408,cumplimiento_regulatorio,team_growth,2026-09-06 09:02:22.811470,,,False,0,False,False,False,False
TCK-03409,cumplimiento_regulatorio,team_alpha,2026-01-02 13:08:39.674351,2026-01-03 00:25:44.190829,11.3,False,0,False,False,False,False
TCK-03410,cumplimiento_regulatorio,team_beta,2026-07-16 20:50:30.497972,2026-07-17 21:30:32.500973,24.7,False,0,False,False,False,False
TCK-03411,deuda_tecnica_critica,team_growth,2026-05-03 16:10:26.075824,2026-05-04 23:44:33.071082,31.6,False,0,False,False,False,False
TCK-03412,cumplimiento_regulatorio,team_alpha,2026-01-06 12:04:35.556638,2026-01-07 12:03:46.426934,24.0,False,0,False,False,False,False
TCK-03413,retencion_clientes,team_beta,2026-03-25 09:43:59.627235,2026-03-26 01:29:58.436896,15.8,False,0,False,False,False,False
TCK-03414,soporte_reactivo,team_alpha,2026-06-22 07:16:30.350284,2026-06-23 10:45:59.865551,27.5,False,0,False,False,False,False
TCK-03415,mantenimiento_operativo,team_gamma,2026-02-23 17:32:07.863197,2026-02-24 06:02:15.583027,12.5,False,0,False,True,False,False
TCK-03416,deuda_tecnica_critica,team_alpha,2026-05-31 06:11:31.818038,2026-06-01 07:04:28.372665,24.9,False,0,False,False,False,False
TCK-03417,soporte_reactivo,team_growth,2026-06-04 02:31:46.773394,2026-06-05 05:11:15.015929,26.7,False,0,False,False,False,False
TCK-03418,mantenimiento_operativo,team_alpha,2026-06-15 20:33:25.257210,2026-06-17 14:16:21.634181,41.7,False,0,False,True,True,False
TCK-03419,mantenimiento_operativo,team_gamma,2026-02-28 14:37:49.419869,2026-03-01 00:28:45.621788,9.8,True,0,True,True,False,False
TCK-03420,mantenimiento_operativo,team_alpha,2026-01-02 11:13:13.584838,2026-01-03 03:05:03.979418,15.9,False,0,True,True,False,False
TCK-03421,deuda_tecnica_critica,team_growth,2026-08-27 16:41:19.862508,,,False,0,False,False,False,False
TCK-03422,cumplimiento_regulatorio,team_beta,2026-07-18 23:23:14.934467,2026-07-19 05:06:42.846975,5.7,False,0,False,False,False,False
TCK-03423,cumplimiento_regulatorio,team_growth,2026-05-18 08:20:36.063243,2026-05-19 09:29:41.471051,25.2,False,0,False,False,False,False
TCK-03424,retencion_clientes,team_beta,2026-02-22 05:35:32.478449,2026-02-22 20:45:24.521516,15.2,False,0,False,False,False,False
TCK-03425,mantenimiento_operativo,team_gamma,2026-05-24 21:50:58.904197,2026-05-25 11:36:58.329157,13.8,False,0,True,False,False,False
TCK-03426,soporte_reactivo,team_alpha,2026-05-26 23:17:14.257758,2026-05-27 17:51:23.149148,18.6,False,0,False,False,False,False
TCK-03427,soporte_reactivo,team_beta,2026-02-16 13:52:00.413869,2026-02-17 05:52:52.244300,16.0,False,0,False,False,False,False
TCK-03428,mantenimiento_operativo,team_beta,2026-04-25 10:41:20.486692,2026-04-25 21:30:00.792860,10.8,False,0,False,False,False,False
TCK-03429,cumplimiento_regulatorio,team_alpha,2026-07-11 14:02:49.053031,2026-07-12 11:05:37.892854,21.0,False,0,False,False,False,False
TCK-03430,retencion_clientes,team_gamma,2026-05-03 14:10:03.780987,2026-05-04 00:41:56.659600,10.5,False,0,False,False,False,False
TCK-03431,deuda_tecnica_critica,team_gamma,2026-08-25 14:06:17.048874,2026-08-26 10:56:40.473998,20.8,False,0,False,True,False,False
TCK-03432,cumplimiento_regulatorio,team_beta,2026-08-21 16:49:44.900133,2026-08-22 02:04:37.664611,9.2,False,0,False,False,False,False
TCK-03433,cumplimiento_regulatorio,team_beta,2026-06-02 21:23:29.267849,2026-06-03 12:08:41.459766,14.8,False,0,False,False,False,False
TCK-03434,cumplimiento_regulatorio,team_gamma,2026-07-29 22:31:47.688306,2026-07-30 10:42:32.010378,12.2,False,0,False,False,False,False
TCK-03435,mantenimiento_operativo,team_growth,2025-12-18 11:15:11.745583,2025-12-19 10:07:51.372028,22.9,False,0,True,False,False,False
TCK-03436,mantenimiento_operativo,team_growth,2026-04-15 09:26:58.986062,2026-04-15 20:43:13.883851,11.3,False,0,True,False,False,False
TCK-03437,deuda_tecnica_critica,team_beta,2026-01-25 23:17:59.907895,2026-01-26 20:56:27.621588,21.6,False,0,False,False,False,False
TCK-03438,deuda_tecnica_critica,team_growth,2025-12-31 10:45:50.081738,2025-12-31 20:40:33.467388,9.9,False,0,False,True,False,False
TCK-03439,mantenimiento_operativo,team_gamma,2025-12-26 03:55:44.647517,2025-12-26 19:05:43.279210,15.2,False,0,False,True,False,False
TCK-03440,deuda_tecnica_critica,team_growth,2026-02-03 13:02:29.467786,2026-03-02 04:58:27.290732,639.9,True,0,False,False,False,False
TCK-03441,deuda_tecnica_critica,team_growth,2026-08-26 01:01:59.905076,2026-09-05 20:57:32.870772,259.9,False,0,False,True,False,False
TCK-03442,deuda_tecnica_critica,team_alpha,2026-08-09 02:45:00.281088,2026-08-16 15:20:53.877359,180.6,False,0,False,False,False,False
TCK-03443,retencion_clientes,team_beta,2025-12-23 04:14:34.160106,2025-12-24 07:42:37.072857,27.5,False,0,False,False,False,False
TCK-03444,soporte_reactivo,team_gamma,2026-07-25 00:41:29.722525,2026-07-25 19:04:55.138615,18.4,False,0,False,False,False,False
TCK-03445,cumplimiento_regulatorio,team_beta,2026-07-11 10:18:46.071482,2026-07-11 20:02:38.678374,9.7,False,0,False,False,False,False
TCK-03446,retencion_clientes,team_gamma,2025-12-28 17:44:21.953413,2025-12-29 09:41:52.409666,16.0,False,0,False,False,False,False
TCK-03447,retencion_clientes,team_alpha,2026-01-02 18:53:40.743485,2026-01-03 13:33:55.094287,18.7,False,0,False,False,False,False
TCK-03448,soporte_reactivo,team_beta,2026-01-27 15:21:02.659077,2026-01-28 23:22:58.365382,32.0,False,0,False,False,False,False
TCK-03449,soporte_reactivo,team_beta,2026-01-04 11:58:41.765330,2026-01-07 14:57:08.405510,75.0,False,4,False,False,False,False
TCK-03450,retencion_clientes,team_alpha,2026-03-27 08:30:32.550760,2026-03-28 02:39:51.040325,18.2,False,0,False,False,False,False
TCK-03451,soporte_reactivo,team_beta,2025-12-27 15:26:28.281825,2025-12-29 00:39:50.242470,33.2,False,4,False,False,False,False
TCK-03452,soporte_reactivo,team_alpha,2026-07-24 23:49:49.636392,2026-07-26 12:05:22.656941,36.3,False,0,False,False,False,False
TCK-03453,cumplimiento_regulatorio,team_growth,2026-04-26 15:18:21.597951,2026-04-28 05:15:06.155807,37.9,False,0,False,False,False,False
TCK-03454,soporte_reactivo,team_alpha,2026-06-17 04:43:34.976277,2026-06-19 19:43:28.584715,63.0,False,4,False,False,False,False
TCK-03455,soporte_reactivo,team_alpha,2026-08-06 04:10:14.755659,2026-08-08 14:28:19.004242,58.3,False,4,False,False,False,False
TCK-03456,mantenimiento_operativo,team_beta,2026-06-01 19:01:59.032749,2026-06-01 22:58:04.313368,3.9,False,0,False,True,False,False
TCK-03457,mantenimiento_operativo,team_gamma,2026-02-07 12:53:47.256615,2026-02-08 06:07:41.740053,17.2,False,0,False,True,False,False
TCK-03458,retencion_clientes,team_beta,2026-04-24 17:35:12.739061,2026-04-25 07:37:06.035769,14.0,False,0,False,False,False,False
TCK-03459,retencion_clientes,team_growth,2026-02-14 00:56:50.708388,2026-02-15 20:38:58.910552,43.7,False,0,False,False,False,False
TCK-03460,soporte_reactivo,team_alpha,2026-01-22 14:13:40.089015,2026-01-24 05:33:26.257922,39.3,False,4,False,False,False,False
TCK-03461,mantenimiento_operativo,team_beta,2026-08-12 19:56:16.134226,2026-08-13 10:34:44.584022,14.6,False,0,False,True,False,False
TCK-03462,deuda_tecnica_critica,team_gamma,2026-06-28 17:13:26.497605,2026-07-09 07:29:49.040405,254.3,False,0,False,False,False,False
TCK-03463,retencion_clientes,team_growth,2026-07-23 21:39:17.683774,2026-07-26 01:08:27.673811,51.5,False,0,False,False,False,False
TCK-03464,cumplimiento_regulatorio,team_gamma,2026-06-25 20:37:23.720678,2026-06-26 21:34:18.033458,24.9,False,0,False,False,False,False
TCK-03465,mantenimiento_operativo,team_gamma,2026-03-23 22:46:13.883985,2026-03-24 07:21:18.854845,8.6,False,0,False,False,False,False
TCK-03466,deuda_tecnica_critica,team_beta,2026-04-07 22:15:11.001233,2026-04-09 08:40:41.516662,34.4,True,0,False,True,False,False
TCK-03467,retencion_clientes,team_alpha,2026-02-23 13:24:38.520964,2026-02-24 11:45:32.397658,22.3,False,0,False,False,False,False
TCK-03468,soporte_reactivo,team_alpha,2026-04-06 05:39:29.390444,2026-04-07 01:45:49.347622,20.1,False,0,False,False,False,False
TCK-03469,mantenimiento_operativo,team_beta,2026-08-14 00:18:06.560303,2026-08-14 06:13:03.668889,5.9,False,0,False,True,False,False
TCK-03470,mantenimiento_operativo,team_gamma,2026-01-03 17:31:05.094631,2026-01-04 08:22:22.254138,14.9,False,0,False,False,False,False
TCK-03471,mantenimiento_operativo,team_gamma,2026-05-12 02:35:33.403156,2026-05-13 05:31:26.482323,26.9,True,0,False,True,False,False
TCK-03472,cumplimiento_regulatorio,team_beta,2026-04-07 13:05:28.865888,2026-04-08 07:54:28.775794,18.8,False,0,False,False,False,False
TCK-03473,retencion_clientes,team_gamma,2026-07-26 02:31:37.034863,2026-07-26 14:38:25.143181,12.1,False,0,False,False,False,False
TCK-03474,deuda_tecnica_critica,team_gamma,2025-12-31 17:40:52.470092,2026-01-06 03:46:14.676891,130.1,False,0,False,False,False,False
TCK-03475,mantenimiento_operativo,team_beta,2026-01-17 02:57:58.668577,2026-01-17 10:39:54.351599,7.7,False,0,False,True,False,False
TCK-03476,retencion_clientes,team_gamma,2026-01-22 17:28:31.507468,2026-01-23 15:41:32.903932,22.2,False,0,False,False,False,False
TCK-03477,deuda_tecnica_critica,team_alpha,2026-07-14 03:55:46.935562,2026-07-14 19:00:47.467180,15.1,False,0,False,False,False,False
TCK-03478,soporte_reactivo,team_gamma,2026-08-30 15:01:28.343443,2026-08-31 19:30:47.801364,28.5,False,4,False,False,False,False
TCK-03479,deuda_tecnica_critica,team_alpha,2026-01-17 23:24:05.421386,2026-01-23 23:21:00.968205,143.9,False,0,False,True,False,False
TCK-03480,mantenimiento_operativo,team_gamma,2026-06-21 15:23:11.522847,2026-06-22 04:09:41.587242,12.8,False,0,True,False,False,False
TCK-03481,retencion_clientes,team_gamma,2026-03-25 03:06:28.371732,2026-03-26 02:56:23.598399,23.8,False,0,False,False,False,False
TCK-03482,deuda_tecnica_critica,team_growth,2026-04-21 11:31:05.954374,2026-04-23 02:04:28.624002,38.6,False,0,False,False,False,False
TCK-03483,mantenimiento_operativo,team_alpha,2026-07-07 01:03:40.090551,2026-07-07 16:10:00.755504,15.1,False,0,False,True,False,False
TCK-03484,soporte_reactivo,team_beta,2026-05-18 08:37:30.804499,2026-05-18 18:14:32.794216,9.6,False,0,False,False,False,False
TCK-03485,cumplimiento_regulatorio,team_alpha,2026-07-14 08:55:02.253537,2026-07-14 20:20:38.390090,11.4,False,0,False,False,False,False
TCK-03486,mantenimiento_operativo,team_beta,2026-05-06 21:57:26.248050,2026-05-07 06:52:25.752559,8.9,False,0,False,True,False,False
TCK-03487,deuda_tecnica_critica,team_alpha,2026-05-14 04:22:48.520459,2026-05-14 11:49:28.967573,7.4,False,0,False,True,False,False
TCK-03488,cumplimiento_regulatorio,team_growth,2026-05-08 02:59:24.357041,2026-05-11 05:33:32.477591,74.6,False,0,False,False,False,False
TCK-03489,mantenimiento_operativo,team_growth,2026-08-12 14:15:22.143268,2026-08-13 10:08:35.120840,19.9,False,0,False,True,False,False
TCK-03490,mantenimiento_operativo,team_alpha,2026-02-13 15:03:06.537833,2026-02-13 22:10:31.440187,7.1,False,0,False,True,False,False
TCK-03491,cumplimiento_regulatorio,team_growth,2025-12-18 23:09:36.027060,2025-12-19 09:49:24.090196,10.7,False,0,False,False,False,False
TCK-03492,deuda_tecnica_critica,team_gamma,2026-07-18 01:53:19.841216,2026-07-26 10:37:16.637363,200.7,True,0,False,False,False,False
TCK-03493,cumplimiento_regulatorio,team_growth,2026-07-25 12:24:43.543386,2026-07-26 22:04:12.323122,33.7,False,0,False,False,False,False
TCK-03494,soporte_reactivo,team_growth,2026-05-21 14:02:40.324820,2026-05-24 19:35:19.414373,77.5,False,4,False,False,False,False
TCK-03495,retencion_clientes,team_beta,2026-02-06 17:39:45.103917,2026-02-07 00:25:12.443347,6.8,False,0,False,False,False,False
TCK-03496,retencion_clientes,team_beta,2026-07-18 23:31:30.714453,2026-07-19 16:02:52.533425,16.5,False,0,False,False,False,False
TCK-03497,retencion_clientes,team_gamma,2026-05-07 03:08:51.693437,2026-05-07 08:36:26.704033,5.5,False,0,False,False,False,False
TCK-03498,soporte_reactivo,team_beta,2026-03-08 18:22:41.286687,2026-03-10 21:42:20.319239,51.3,False,4,False,False,False,False
TCK-03499,soporte_reactivo,team_alpha,2026-04-05 23:58:28.405183,2026-04-06 07:32:03.335914,7.6,False,0,False,False,False,False
TCK-03500,deuda_tecnica_critica,team_gamma,2026-05-15 17:11:03.422839,2026-05-21 00:19:40.558907,127.1,False,0,False,False,False,False
TCK-03501,cumplimiento_regulatorio,team_beta,2026-04-07 03:17:29.960825,2026-04-07 17:04:17.769498,13.8,False,0,False,False,False,False
TCK-03502,deuda_tecnica_critica,team_growth,2026-01-08 00:45:42.254625,2026-02-01 23:27:17.778369,598.7,False,0,False,True,False,False
TCK-03503,retencion_clientes,team_growth,2026-02-27 18:24:18.959373,2026-02-28 16:36:30.946781,22.2,False,0,False,False,False,False
TCK-03504,soporte_reactivo,team_beta,2026-05-14 06:18:36.770388,2026-05-14 15:23:18.403899,9.1,False,0,False,False,False,False
TCK-03505,deuda_tecnica_critica,team_growth,2026-04-08 04:37:59.853329,2026-04-09 14:47:51.102985,34.2,False,0,False,False,False,False
TCK-03506,retencion_clientes,team_beta,2026-06-06 16:01:06.029728,2026-06-07 05:52:09.958287,13.9,False,0,False,False,False,False
TCK-03507,deuda_tecnica_critica,team_growth,2026-04-04 18:56:48.131067,2026-04-05 06:02:20.973569,11.1,False,0,False,False,False,False
TCK-03508,mantenimiento_operativo,team_gamma,2026-01-08 01:33:37.620154,2026-01-09 00:14:47.477920,22.7,False,0,False,True,False,False
TCK-03509,retencion_clientes,team_beta,2026-02-27 16:00:59.979088,2026-02-28 15:27:05.384003,23.4,False,0,False,False,False,False
TCK-03510,soporte_reactivo,team_beta,2026-05-29 12:49:03.653780,2026-05-30 20:47:58.094919,32.0,False,4,False,False,False,False
TCK-03511,retencion_clientes,team_beta,2026-07-13 14:06:37.378253,2026-07-13 22:29:58.534660,8.4,True,0,False,False,False,False
TCK-03512,mantenimiento_operativo,team_beta,2026-04-04 07:10:53.160085,2026-04-05 08:29:18.886354,25.3,False,0,False,True,False,False
TCK-03513,mantenimiento_operativo,team_beta,2026-08-09 17:42:06.291449,2026-08-10 01:18:00.304399,7.6,False,0,False,True,False,False
TCK-03514,soporte_reactivo,team_growth,2026-08-03 00:44:26.806342,2026-08-04 16:33:34.465104,39.8,False,4,False,False,False,False
TCK-03515,mantenimiento_operativo,team_alpha,2026-03-25 08:20:02.753249,2026-03-25 18:19:12.696956,10.0,True,0,True,True,False,False
TCK-03516,retencion_clientes,team_growth,2026-07-12 04:36:56.625595,2026-07-13 21:00:52.887321,40.4,True,0,False,False,False,False
TCK-03517,retencion_clientes,team_growth,2026-07-02 03:54:04.665480,2026-07-02 13:53:11.418884,10.0,False,0,False,False,False,False
TCK-03518,retencion_clientes,team_alpha,2026-03-04 02:16:45.584200,2026-03-04 18:45:37.471973,16.5,False,0,False,False,False,False
TCK-03519,mantenimiento_operativo,team_growth,2026-03-13 07:58:29.508114,2026-03-15 14:27:04.943628,54.5,False,0,False,True,False,False
TCK-03520,soporte_reactivo,team_gamma,2026-08-04 05:01:30.741768,2026-08-04 20:21:45.520046,15.3,False,0,False,False,False,False
TCK-03521,soporte_reactivo,team_alpha,2026-05-01 13:21:45.484272,2026-05-03 00:19:42.312806,35.0,False,4,False,False,False,False
TCK-03522,deuda_tecnica_critica,team_growth,2026-08-06 12:45:06.002720,2026-08-07 13:46:47.733493,25.0,False,0,False,False,False,False
TCK-03523,soporte_reactivo,team_gamma,2026-08-22 08:14:42.346081,2026-08-23 03:09:45.488058,18.9,False,0,False,False,False,False
TCK-03524,cumplimiento_regulatorio,team_alpha,2026-02-03 13:01:37.243466,2026-02-04 12:42:37.141907,23.7,False,0,False,False,False,False
TCK-03525,deuda_tecnica_critica,team_beta,2026-03-18 17:11:35.286333,2026-03-19 08:16:39.290619,15.1,False,0,False,True,False,False
TCK-03526,mantenimiento_operativo,team_beta,2026-04-16 01:32:45.132924,2026-04-16 08:52:38.544058,7.3,False,0,False,True,False,False
TCK-03527,cumplimiento_regulatorio,team_growth,2026-01-06 11:02:03.491593,2026-01-10 15:39:18.494632,100.6,True,0,False,False,False,False
TCK-03528,mantenimiento_operativo,team_gamma,2026-06-11 22:18:05.957339,2026-06-12 20:16:14.791415,22.0,False,0,False,True,False,False
TCK-03529,deuda_tecnica_critica,team_gamma,2026-02-16 19:04:43.173401,2026-02-18 08:34:48.736022,37.5,False,0,False,False,False,False
TCK-03530,mantenimiento_operativo,team_alpha,2026-05-02 16:51:38.832675,2026-05-03 07:22:41.032142,14.5,False,0,True,True,False,False
TCK-03531,cumplimiento_regulatorio,team_alpha,2026-02-23 09:13:14.087256,2026-02-24 00:20:38.908428,15.1,False,0,False,False,False,False
TCK-03532,retencion_clientes,team_gamma,2026-04-22 16:29:20.405825,2026-04-23 11:10:36.132971,18.7,False,0,False,False,False,False
TCK-03533,retencion_clientes,team_growth,2026-04-16 07:32:16.872589,2026-04-17 11:53:44.931108,28.4,False,0,False,False,False,False
TCK-03534,deuda_tecnica_critica,team_beta,2026-08-22 15:23:39.170588,2026-08-23 05:34:59.694482,14.2,False,0,False,False,False,False
TCK-03535,mantenimiento_operativo,team_gamma,2026-04-22 15:45:49.361003,2026-04-23 11:21:23.298932,19.6,False,0,False,False,False,False
TCK-03536,mantenimiento_operativo,team_growth,2026-07-26 07:39:04.759335,2026-07-27 09:21:18.621220,25.7,False,0,True,True,False,False
TCK-03537,deuda_tecnica_critica,team_growth,2026-04-04 07:59:31.223256,2026-04-26 12:11:59.141506,532.2,False,0,False,False,False,False
TCK-03538,deuda_tecnica_critica,team_growth,2026-07-21 11:31:01.703876,2026-07-29 13:50:21.073411,194.3,False,0,False,True,False,False
TCK-03539,cumplimiento_regulatorio,team_growth,2026-02-13 23:59:11.995400,2026-02-15 17:19:49.125505,41.3,False,0,False,False,False,False
TCK-03540,cumplimiento_regulatorio,team_alpha,2026-01-30 12:39:42.803781,2026-01-31 01:16:29.550852,12.6,False,0,False,False,False,False
TCK-03541,mantenimiento_operativo,team_beta,2026-08-16 09:54:09.345318,2026-08-16 14:28:45.415736,4.6,False,0,True,True,False,False
TCK-03542,retencion_clientes,team_growth,2026-08-19 03:10:50.357431,2026-08-20 03:46:19.589023,24.6,False,0,False,False,False,False
TCK-03543,retencion_clientes,team_alpha,2026-08-19 06:08:20.066337,2026-08-20 13:15:15.341010,31.1,False,0,False,False,False,False
TCK-03544,retencion_clientes,team_alpha,2026-04-22 16:11:02.991001,2026-04-23 03:38:15.407229,11.5,False,0,False,False,False,False
TCK-03545,deuda_tecnica_critica,team_gamma,2025-12-21 15:42:42.858970,2025-12-22 11:36:08.897553,19.9,False,0,False,True,False,False
TCK-03546,deuda_tecnica_critica,team_beta,2026-07-27 07:14:24.260517,2026-08-01 18:27:49.898351,131.2,False,0,False,False,False,False
TCK-03547,soporte_reactivo,team_growth,2026-06-03 13:28:55.740991,2026-06-04 07:11:21.731038,17.7,False,0,False,False,False,False
TCK-03548,mantenimiento_operativo,team_gamma,2026-07-02 12:48:28.245318,2026-07-03 09:02:39.339896,20.2,False,0,True,True,False,False
TCK-03549,deuda_tecnica_critica,team_alpha,2026-05-29 01:16:06.169119,2026-05-29 06:39:38.346249,5.4,False,0,False,False,False,False
TCK-03550,mantenimiento_operativo,team_beta,2026-06-23 20:55:15.866814,2026-06-24 12:52:18.921097,16.0,False,0,False,True,True,False
TCK-03551,cumplimiento_regulatorio,team_beta,2026-09-07 03:24:39.003073,2026-09-07 14:06:31.541202,10.7,False,0,False,False,False,False
TCK-03552,retencion_clientes,team_gamma,2026-04-28 16:01:15.222489,2026-04-29 02:23:16.034981,10.4,False,0,False,False,False,False
TCK-03553,cumplimiento_regulatorio,team_gamma,2026-04-06 01:22:04.940523,2026-04-06 13:58:44.952107,12.6,False,0,False,False,False,False
TCK-03554,deuda_tecnica_critica,team_growth,2026-08-24 06:36:30.855338,2026-09-08 22:24:30.337192,375.8,False,0,False,True,False,False
TCK-03555,mantenimiento_operativo,team_gamma,2026-02-14 18:26:46.375817,2026-02-15 09:14:43.863333,14.8,False,0,True,True,False,False
TCK-03556,soporte_reactivo,team_beta,2026-03-20 10:17:43.487420,2026-03-22 06:11:31.013896,43.9,False,4,False,False,False,False
TCK-03557,deuda_tecnica_critica,team_beta,2026-01-23 01:18:59.299599,2026-02-01 01:56:02.796650,216.6,False,0,False,False,False,False
TCK-03558,retencion_clientes,team_gamma,2026-04-12 15:45:29.745346,2026-04-13 06:23:01.033577,14.6,False,0,False,False,False,False
TCK-03559,soporte_reactivo,team_gamma,2026-05-08 08:11:50.842283,2026-05-09 00:30:59.283584,16.3,False,0,False,False,False,False
TCK-03560,mantenimiento_operativo,team_gamma,2026-06-26 18:37:40.906700,2026-06-27 01:48:57.828759,7.2,False,0,True,True,True,False
TCK-03561,retencion_clientes,team_gamma,2026-05-21 07:56:39.123676,2026-05-22 05:55:18.113565,22.0,False,0,False,False,False,False
TCK-03562,deuda_tecnica_critica,team_gamma,2026-01-27 01:50:31.070446,2026-02-03 18:18:13.580374,184.5,False,0,False,False,False,False
TCK-03563,cumplimiento_regulatorio,team_growth,2026-07-22 08:19:22.797674,2026-07-23 14:35:59.372505,30.3,False,0,False,False,False,False
TCK-03564,soporte_reactivo,team_beta,2026-04-01 11:28:25.673480,2026-04-02 00:22:25.951285,12.9,False,0,False,False,False,False
TCK-03565,mantenimiento_operativo,team_gamma,2026-04-26 12:45:39.639222,2026-04-27 01:09:48.549170,12.4,False,0,True,False,False,False
TCK-03566,deuda_tecnica_critica,team_growth,2026-06-07 08:18:41.166628,2026-06-09 00:08:07.035806,39.8,False,0,False,False,False,False
TCK-03567,retencion_clientes,team_beta,2026-08-30 12:43:38.591292,,,False,0,False,False,False,False
TCK-03568,cumplimiento_regulatorio,team_growth,2026-02-27 03:22:18.186976,2026-02-28 09:40:27.114128,30.3,False,0,False,False,False,False
TCK-03569,soporte_reactivo,team_gamma,2026-06-20 03:23:59.870795,2026-06-20 16:36:25.262033,13.2,False,0,False,False,False,False
TCK-03570,retencion_clientes,team_alpha,2026-06-02 19:01:44.565662,2026-06-03 17:50:53.863913,22.8,False,0,False,False,False,False
TCK-03571,cumplimiento_regulatorio,team_alpha,2026-03-04 14:30:40.065814,2026-03-05 02:49:09.218371,12.3,False,0,False,False,False,False
TCK-03572,mantenimiento_operativo,team_beta,2026-06-10 04:29:28.942152,2026-06-10 19:19:06.420038,14.8,False,0,False,True,False,False
TCK-03573,cumplimiento_regulatorio,team_growth,2025-12-29 03:49:59.694077,2025-12-30 13:13:37.514517,33.4,False,0,False,False,False,False
TCK-03574,soporte_reactivo,team_beta,2026-01-17 18:30:08.073876,2026-01-18 02:36:30.938746,8.1,False,0,False,False,False,False
TCK-03575,deuda_tecnica_critica,team_growth,2026-06-25 04:09:44.703961,2026-07-10 20:03:20.037728,375.9,False,0,False,True,True,False
TCK-03576,mantenimiento_operativo,team_gamma,2026-03-24 12:31:04.352280,2026-03-24 21:03:01.236908,8.5,False,0,False,True,False,False
TCK-03577,cumplimiento_regulatorio,team_gamma,2026-08-20 06:23:45.730250,2026-08-20 22:54:06.217663,16.5,False,0,False,False,False,False
TCK-03578,retencion_clientes,team_growth,2026-07-08 16:00:18.878711,2026-07-10 15:42:36.703855,47.7,True,0,False,False,False,False
TCK-03579,soporte_reactivo,team_beta,2026-04-18 01:44:06.528271,2026-04-18 17:31:18.023146,15.8,False,0,False,False,False,False
TCK-03580,deuda_tecnica_critica,team_growth,2026-07-09 23:12:22.458151,2026-07-24 18:10:16.088544,355.0,False,0,False,False,False,False
TCK-03581,cumplimiento_regulatorio,team_beta,2026-06-02 13:24:32.486582,2026-06-03 13:10:55.268704,23.8,False,0,False,False,False,False
TCK-03582,retencion_clientes,team_beta,2026-08-02 18:03:31.190315,2026-08-03 05:08:12.104796,11.1,False,0,False,False,False,False
TCK-03583,cumplimiento_regulatorio,team_beta,2026-04-28 10:28:03.641579,2026-04-28 20:33:04.246187,10.1,False,0,False,False,False,False
TCK-03584,soporte_reactivo,team_growth,2026-01-09 22:55:38.223790,2026-01-13 01:46:20.026859,74.8,False,4,False,False,False,False
TCK-03585,deuda_tecnica_critica,team_growth,2026-04-15 01:10:23.390235,2026-04-21 11:01:58.532119,153.9,False,0,False,True,False,False
TCK-03586,soporte_reactivo,team_gamma,2026-04-20 15:06:47.080722,2026-04-21 16:45:07.155564,25.6,False,0,False,False,False,False
TCK-03587,deuda_tecnica_critica,team_gamma,2026-03-17 05:09:29.172704,2026-03-17 19:07:43.994215,14.0,False,0,False,True,False,False
TCK-03588,soporte_reactivo,team_gamma,2026-05-31 09:27:58.958110,2026-05-31 20:38:58.528742,11.2,False,0,False,False,False,False
TCK-03589,soporte_reactivo,team_alpha,2026-08-07 01:32:06.918473,2026-08-07 14:14:28.615817,12.7,False,0,False,False,False,False
TCK-03590,deuda_tecnica_critica,team_growth,2026-06-29 19:01:14.125933,2026-07-01 17:49:29.820160,46.8,False,0,False,True,False,False
TCK-03591,mantenimiento_operativo,team_alpha,2026-06-16 08:24:00.700798,2026-06-17 04:44:41.149200,20.3,False,0,False,False,False,False
TCK-03592,soporte_reactivo,team_alpha,2026-03-11 10:00:23.702384,2026-03-11 18:59:27.300802,9.0,False,0,False,False,False,False
TCK-03593,soporte_reactivo,team_beta,2026-02-07 09:13:17.275025,2026-02-07 20:37:31.255767,11.4,False,0,False,False,False,False
TCK-03594,deuda_tecnica_critica,team_growth,2026-08-16 22:43:18.263809,2026-08-30 16:54:17.704724,330.2,False,0,False,True,False,False
TCK-03595,retencion_clientes,team_growth,2025-12-21 19:57:22.730220,2025-12-23 04:32:07.531976,32.6,False,0,False,False,False,False
TCK-03596,retencion_clientes,team_beta,2026-05-03 20:02:53.137879,2026-05-05 07:48:31.799382,35.8,False,0,False,False,False,False
TCK-03597,mantenimiento_operativo,team_beta,2026-05-21 12:31:00.944554,2026-05-22 15:59:53.120984,27.5,False,0,False,True,False,False
TCK-03598,soporte_reactivo,team_beta,2026-08-18 09:50:50.299042,2026-08-19 07:51:07.562389,22.0,False,0,False,False,False,False
TCK-03599,soporte_reactivo,team_beta,2026-02-22 05:49:48.706322,2026-02-22 13:17:41.482628,7.5,False,0,False,False,False,False
TCK-03600,cumplimiento_regulatorio,team_beta,2026-01-19 13:48:16.404039,2026-01-20 17:04:43.990623,27.3,False,0,False,False,False,False
TCK-03601,cumplimiento_regulatorio,team_growth,2026-01-13 00:25:30.213931,2026-01-14 06:22:28.467497,29.9,False,0,False,False,False,False
TCK-03602,soporte_reactivo,team_gamma,2025-12-22 11:20:09.739734,2025-12-22 22:21:54.979569,11.0,False,0,False,False,False,False
TCK-03603,soporte_reactivo,team_gamma,2026-05-09 23:10:08.817428,2026-05-11 20:30:37.893919,45.3,False,4,False,False,False,False
TCK-03604,cumplimiento_regulatorio,team_gamma,2026-07-17 07:05:37.116504,2026-07-17 19:06:35.384564,12.0,False,0,False,False,False,False
TCK-03605,soporte_reactivo,team_gamma,2026-04-07 17:06:57.978423,2026-04-09 05:51:25.545246,36.7,False,4,False,False,False,False
TCK-03606,deuda_tecnica_critica,team_beta,2026-03-09 10:06:44.760409,2026-03-16 22:19:37.564769,180.2,False,0,False,False,False,False
TCK-03607,cumplimiento_regulatorio,team_growth,2026-03-28 10:43:11.580499,2026-03-30 00:22:32.742685,37.7,False,0,False,False,False,False
TCK-03608,mantenimiento_operativo,team_gamma,2026-08-14 12:56:28.828041,2026-08-14 20:43:13.902575,7.8,False,0,False,False,False,False
TCK-03609,cumplimiento_regulatorio,team_alpha,2026-07-23 19:49:32.945673,2026-07-24 12:34:35.373322,16.8,False,0,False,False,False,False
TCK-03610,mantenimiento_operativo,team_beta,2026-02-21 02:38:22.218308,2026-02-22 06:27:06.790779,27.8,False,0,False,True,False,False
TCK-03611,retencion_clientes,team_growth,2026-09-04 21:47:56.701178,2026-09-06 21:02:48.067460,47.2,False,0,False,False,False,False
TCK-03612,soporte_reactivo,team_alpha,2025-12-16 09:19:23.584192,2025-12-16 18:19:54.556539,9.0,False,0,False,False,False,False
TCK-03613,soporte_reactivo,team_beta,2026-07-04 15:37:43.540404,2026-07-05 04:04:19.239719,12.4,False,0,False,False,False,False
TCK-03614,deuda_tecnica_critica,team_beta,2026-02-08 17:14:08.328019,2026-02-17 08:16:44.378159,207.0,False,0,False,True,False,False
TCK-03615,soporte_reactivo,team_alpha,2026-04-15 18:37:16.908549,2026-04-16 03:48:43.995532,9.2,False,0,False,False,False,False
TCK-03616,mantenimiento_operativo,team_beta,2026-01-29 18:15:40.162384,2026-01-30 06:09:22.918394,11.9,False,0,False,True,False,False
TCK-03617,cumplimiento_regulatorio,team_beta,2026-07-02 04:34:33.981774,2026-07-02 22:07:35.952578,17.6,False,0,False,False,False,False
TCK-03618,mantenimiento_operativo,team_gamma,2026-02-11 11:52:50.599553,2026-02-12 03:52:39.306030,16.0,False,0,False,True,False,False
TCK-03619,soporte_reactivo,team_gamma,2026-06-19 09:33:18.279150,2026-06-20 15:57:07.094029,30.4,False,0,False,False,False,False
TCK-03620,soporte_reactivo,team_gamma,2026-04-19 09:34:59.006483,2026-04-19 19:43:30.330707,10.1,False,0,False,False,False,False
TCK-03621,deuda_tecnica_critica,team_gamma,2026-01-06 19:22:44.674607,2026-01-15 05:50:08.214816,202.5,False,0,False,False,False,False
TCK-03622,cumplimiento_regulatorio,team_growth,2025-12-27 18:00:48.648003,2025-12-28 10:01:32.012041,16.0,False,0,False,False,False,False
TCK-03623,cumplimiento_regulatorio,team_alpha,2026-06-08 10:09:34.385489,2026-06-08 19:49:48.867848,9.7,False,0,False,False,False,False
TCK-03624,retencion_clientes,team_growth,2026-08-28 22:43:26.980206,2026-08-29 11:29:36.915534,12.8,False,0,False,False,False,False
TCK-03625,mantenimiento_operativo,team_beta,2026-09-05 21:45:12.665461,2026-09-07 03:22:54.345064,29.6,True,0,False,True,False,False
TCK-03626,soporte_reactivo,team_alpha,2026-01-19 05:15:32.727116,2026-01-19 22:24:12.158396,17.1,False,4,False,False,False,False
TCK-03627,mantenimiento_operativo,team_growth,2026-06-18 09:27:19.638256,2026-06-19 01:54:37.168731,16.5,False,0,False,False,False,False
TCK-03628,retencion_clientes,team_growth,2026-08-23 12:21:55.463131,2026-08-24 18:44:09.946769,30.4,False,0,False,False,False,False
TCK-03629,mantenimiento_operativo,team_alpha,2026-02-20 14:01:11.081391,2026-02-20 22:55:44.962815,8.9,False,0,True,False,False,False
TCK-03630,cumplimiento_regulatorio,team_gamma,2026-05-14 17:56:57.786599,2026-05-15 10:24:24.148638,16.5,False,0,False,False,False,False
TCK-03631,cumplimiento_regulatorio,team_growth,2026-03-21 18:05:20.654761,2026-03-22 20:52:56.645493,26.8,False,0,False,False,False,False
TCK-03632,mantenimiento_operativo,team_growth,2025-12-22 20:37:46.300568,2025-12-23 21:38:05.547727,25.0,False,0,False,True,False,False
TCK-03633,soporte_reactivo,team_beta,2025-12-30 14:51:17.621067,2026-01-01 19:54:10.153087,53.0,False,4,False,False,False,False
TCK-03634,cumplimiento_regulatorio,team_gamma,2026-06-17 01:47:59.774485,2026-06-17 08:16:11.694931,6.5,False,0,False,False,False,False
TCK-03635,deuda_tecnica_critica,team_growth,2026-08-14 09:30:07.752489,2026-08-26 15:51:23.039621,294.4,False,0,False,True,False,False
TCK-03636,retencion_clientes,team_gamma,2026-03-18 15:54:26.005738,2026-03-19 08:02:05.827363,16.1,False,0,False,False,False,False
TCK-03637,mantenimiento_operativo,team_beta,2026-05-28 14:45:06.355086,2026-05-29 15:44:13.684898,25.0,False,0,False,False,False,False
TCK-03638,retencion_clientes,team_growth,2026-03-26 19:33:33.053875,2026-03-28 00:00:38.801450,28.5,False,0,False,False,False,False
TCK-03639,retencion_clientes,team_alpha,2026-06-15 18:06:47.712383,2026-06-16 09:44:57.481501,15.6,False,0,False,False,False,False
TCK-03640,deuda_tecnica_critica,team_growth,2026-05-06 16:14:16.137928,2026-05-07 20:13:08.426066,28.0,False,0,False,False,False,False
TCK-03641,deuda_tecnica_critica,team_growth,2026-03-10 05:14:25.535800,2026-03-26 05:15:47.227068,384.0,False,0,False,True,False,False
TCK-03642,retencion_clientes,team_alpha,2026-08-01 03:40:48.037024,2026-08-01 10:53:28.053957,7.2,False,0,False,False,False,False
TCK-03643,soporte_reactivo,team_gamma,2026-08-13 15:29:39.739759,2026-08-14 21:59:09.854924,30.5,False,0,False,False,False,False
TCK-03644,mantenimiento_operativo,team_gamma,2026-07-26 23:14:23.338234,2026-07-27 15:55:39.792503,16.7,False,0,False,True,False,False
TCK-03645,mantenimiento_operativo,team_beta,2026-08-16 20:14:36.920579,2026-08-17 23:25:38.396015,27.2,False,0,False,True,False,False
TCK-03646,retencion_clientes,team_gamma,2025-12-31 03:51:10.861718,2026-01-01 00:51:43.314862,21.0,False,0,False,False,False,False
TCK-03647,cumplimiento_regulatorio,team_beta,2026-04-18 15:51:34.935889,2026-04-19 03:29:37.392394,11.6,False,0,False,False,False,False
TCK-03648,soporte_reactivo,team_beta,2026-06-20 02:18:16.606456,2026-06-21 00:18:24.834796,22.0,False,0,False,False,False,False
TCK-03649,mantenimiento_operativo,team_alpha,2025-12-17 03:18:26.827076,2025-12-18 05:39:22.560157,26.3,True,0,False,True,False,False
TCK-03650,soporte_reactivo,team_growth,2026-02-19 11:15:35.913711,2026-02-20 08:14:43.907222,21.0,False,0,False,False,False,False
TCK-03651,retencion_clientes,team_growth,2026-03-14 00:43:24.811587,2026-03-15 08:03:03.851165,31.3,False,0,False,False,False,False
TCK-03652,soporte_reactivo,team_alpha,2026-06-11 12:58:31.643991,2026-06-12 15:58:10.865937,27.0,False,0,False,False,False,False
TCK-03653,retencion_clientes,team_growth,2026-07-22 04:34:46.544536,2026-07-23 08:42:31.661661,28.1,True,0,False,False,False,False
TCK-03654,deuda_tecnica_critica,team_gamma,2026-08-20 13:37:53.187022,2026-08-30 20:43:37.144656,247.1,False,0,False,False,False,False
TCK-03655,mantenimiento_operativo,team_beta,2026-07-28 11:17:02.079665,2026-07-29 03:21:37.071016,16.1,False,0,False,True,False,False
TCK-03656,soporte_reactivo,team_beta,2026-03-23 08:39:09.702702,2026-03-24 00:55:59.946892,16.3,False,0,False,False,False,False
TCK-03657,retencion_clientes,team_beta,2026-07-10 12:30:41.288598,2026-07-11 20:46:30.856761,32.3,False,0,False,False,False,False
TCK-03658,cumplimiento_regulatorio,team_beta,2026-07-27 05:11:21.253825,2026-07-27 21:18:07.288738,16.1,False,0,False,False,False,False
TCK-03659,soporte_reactivo,team_gamma,2026-02-21 02:53:03.160146,2026-02-22 16:40:53.582930,37.8,False,4,False,False,False,False
TCK-03660,mantenimiento_operativo,team_growth,2026-08-02 16:36:07.088489,2026-08-03 11:59:42.560955,19.4,False,0,True,True,False,False
TCK-03661,cumplimiento_regulatorio,team_alpha,2026-07-30 07:23:12.701871,2026-07-30 20:40:44.898658,13.3,False,0,False,False,False,False
TCK-03662,deuda_tecnica_critica,team_alpha,2026-01-24 07:49:26.697733,2026-01-28 05:26:16.474319,93.6,False,0,False,False,False,False
TCK-03663,soporte_reactivo,team_alpha,2026-06-02 22:03:32.236465,2026-06-03 12:40:32.454792,14.6,False,0,False,False,False,False
TCK-03664,soporte_reactivo,team_alpha,2026-07-09 11:37:30.645115,2026-07-11 08:32:54.312550,44.9,False,4,False,False,False,False
TCK-03665,mantenimiento_operativo,team_beta,2026-07-05 11:48:39.254629,2026-07-06 00:43:41.025522,12.9,False,0,False,False,False,False
TCK-03666,mantenimiento_operativo,team_gamma,2026-04-24 17:54:13.027484,2026-04-25 03:23:55.660396,9.5,False,0,True,True,False,False
TCK-03667,retencion_clientes,team_alpha,2026-05-23 16:33:29.589043,2026-05-23 20:15:29.628847,3.7,False,0,False,False,False,False
TCK-03668,cumplimiento_regulatorio,team_alpha,2026-04-07 11:44:15.121613,2026-04-08 02:36:33.337509,14.9,False,0,False,False,False,False
TCK-03669,mantenimiento_operativo,team_beta,2026-07-19 11:06:26.449152,2026-07-20 00:44:17.367610,13.6,False,0,False,True,False,False
TCK-03670,soporte_reactivo,team_gamma,2026-04-28 12:35:01.635041,2026-04-30 04:44:37.446600,40.2,False,4,False,False,False,False
TCK-03671,mantenimiento_operativo,team_alpha,2026-06-15 00:11:19.648545,2026-06-15 06:46:32.472117,6.6,False,0,True,True,True,False
TCK-03672,soporte_reactivo,team_beta,2026-03-24 08:10:16.258412,2026-03-25 02:19:13.943641,18.1,False,0,False,False,False,False
TCK-03673,retencion_clientes,team_beta,2026-05-27 23:32:42.464575,2026-05-28 18:06:43.985604,18.6,False,0,False,False,False,False
TCK-03674,mantenimiento_operativo,team_gamma,2026-07-19 16:14:08.410883,2026-07-20 17:40:38.922791,25.4,False,0,False,False,False,False
TCK-03675,soporte_reactivo,team_alpha,2026-05-18 21:23:04.973433,2026-05-20 00:44:26.743195,27.4,False,0,False,False,False,False
TCK-03676,mantenimiento_operativo,team_beta,2026-08-14 07:03:01.869267,2026-08-14 15:43:47.451244,8.7,False,0,False,True,False,False
TCK-03677,cumplimiento_regulatorio,team_growth,2026-04-28 15:47:45.090290,2026-04-30 10:04:19.992712,42.3,False,0,False,False,False,False
TCK-03678,soporte_reactivo,team_alpha,2026-06-30 11:03:33.920235,2026-07-01 04:41:05.672030,17.6,False,0,False,False,False,False
TCK-03679,mantenimiento_operativo,team_beta,2026-08-22 03:13:30.166017,2026-08-22 16:19:10.956721,13.1,False,0,False,True,False,False
TCK-03680,deuda_tecnica_critica,team_gamma,2026-01-12 18:00:35.866672,2026-01-24 19:09:57.635555,289.2,False,0,False,False,False,False
TCK-03681,deuda_tecnica_critica,team_growth,2026-04-29 20:03:57.707835,2026-05-11 22:40:29.186564,290.6,False,0,False,True,False,False
TCK-03682,soporte_reactivo,team_gamma,2026-03-02 23:25:46.314247,2026-03-03 11:40:26.608024,12.2,False,0,False,False,False,False
TCK-03683,deuda_tecnica_critica,team_beta,2026-06-02 08:44:31.373402,2026-06-11 18:52:54.908784,226.1,False,0,False,False,False,False
TCK-03684,soporte_reactivo,team_gamma,2026-01-17 02:41:27.896532,2026-01-18 14:19:11.869882,35.6,False,4,False,False,False,False
TCK-03685,cumplimiento_regulatorio,team_growth,2026-03-01 00:46:22.255890,2026-03-02 05:34:14.085505,28.8,False,0,False,False,False,False
TCK-03686,retencion_clientes,team_growth,2025-12-26 04:24:27.849829,2025-12-27 22:14:08.937298,41.8,False,0,False,False,False,False
TCK-03687,mantenimiento_operativo,team_alpha,2026-09-07 06:05:26.009685,2026-09-07 23:04:16.291616,17.0,False,0,True,False,False,False
TCK-03688,mantenimiento_operativo,team_alpha,2026-05-20 04:20:15.668388,2026-05-20 17:27:11.170892,13.1,False,0,False,True,False,False
TCK-03689,deuda_tecnica_critica,team_beta,2026-03-01 10:20:17.271404,2026-03-08 12:15:48.120810,169.9,False,0,False,True,False,False
TCK-03690,retencion_clientes,team_gamma,2026-02-09 05:09:56.403907,2026-02-09 15:01:07.847687,9.9,False,0,False,False,False,False
TCK-03691,retencion_clientes,team_growth,2026-03-28 22:33:30.005406,2026-03-31 00:19:17.965634,49.8,False,0,False,False,False,False
TCK-03692,deuda_tecnica_critica,team_gamma,2026-03-14 09:21:18.060471,2026-03-24 12:25:45.300636,243.1,False,0,False,False,False,False
TCK-03693,mantenimiento_operativo,team_beta,2026-01-15 19:29:55.131308,2026-01-16 16:23:36.758831,20.9,False,0,False,False,False,False
TCK-03694,retencion_clientes,team_gamma,2026-02-24 03:14:09.724874,2026-02-24 19:19:08.051500,16.1,False,0,False,False,False,False
TCK-03695,deuda_tecnica_critica,team_beta,2026-03-18 12:46:21.216921,2026-03-27 10:31:19.848203,213.7,False,0,False,False,False,False
TCK-03696,mantenimiento_operativo,team_alpha,2026-03-11 09:48:08.823197,2026-03-12 04:57:01.962623,19.1,False,0,False,True,False,False
TCK-03697,cumplimiento_regulatorio,team_gamma,2026-02-15 09:18:02.771728,2026-02-16 15:38:57.702501,30.3,False,0,False,False,False,False
TCK-03698,cumplimiento_regulatorio,team_beta,2026-07-25 03:50:18.228607,2026-07-25 14:42:52.064618,10.9,False,0,False,False,False,False
TCK-03699,soporte_reactivo,team_growth,2026-09-05 18:27:41.366296,2026-09-07 22:02:56.870145,51.6,False,0,False,False,False,False
TCK-03700,retencion_clientes,team_gamma,2026-07-16 12:19:11.081151,2026-07-17 13:40:50.619803,25.4,False,0,False,False,False,False
TCK-03701,mantenimiento_operativo,team_beta,2026-05-06 11:59:41.022361,2026-05-07 03:38:32.869448,15.6,False,0,True,False,False,False
TCK-03702,retencion_clientes,team_beta,2026-04-19 11:33:40.663617,2026-04-20 05:37:01.770817,18.1,False,0,False,False,False,False
TCK-03703,retencion_clientes,team_beta,2026-04-16 02:05:12.055219,2026-04-16 16:09:21.416947,14.1,False,0,False,False,False,False
TCK-03704,retencion_clientes,team_beta,2026-01-07 10:26:05.228843,2026-01-07 21:55:02.158442,11.5,False,0,False,False,False,False
TCK-03705,retencion_clientes,team_beta,2026-07-14 02:38:30.780070,2026-07-14 17:34:01.903689,14.9,False,0,False,False,False,False
TCK-03706,mantenimiento_operativo,team_beta,2026-08-29 16:08:46.835780,2026-08-30 01:10:46.705985,9.0,False,0,False,False,False,False
TCK-03707,retencion_clientes,team_alpha,2026-06-12 19:52:32.546875,2026-06-14 00:18:40.049305,28.4,False,0,False,False,False,False
TCK-03708,cumplimiento_regulatorio,team_beta,2025-12-21 20:15:37.594002,2025-12-22 07:17:01.140992,11.0,False,0,False,False,False,False
TCK-03709,cumplimiento_regulatorio,team_growth,2026-04-08 20:24:21.820828,2026-04-11 12:20:01.730793,63.9,False,0,False,False,False,False
TCK-03710,retencion_clientes,team_alpha,2026-05-10 16:48:57.942924,2026-05-11 07:50:42.547890,15.0,False,0,False,False,False,False
TCK-03711,deuda_tecnica_critica,team_gamma,2026-08-19 07:53:08.637440,2026-08-27 03:40:08.813930,187.8,True,0,False,False,False,False
TCK-03712,deuda_tecnica_critica,team_alpha,2026-06-02 20:01:00.463324,2026-06-03 11:00:15.155367,15.0,False,0,False,False,False,False
TCK-03713,retencion_clientes,team_gamma,2026-05-07 13:46:35.709445,2026-05-08 06:32:10.005973,16.8,False,0,False,False,False,False
TCK-03714,mantenimiento_operativo,team_gamma,2026-08-26 15:00:08.035888,2026-08-27 05:15:55.169347,14.3,False,0,False,True,False,False
TCK-03715,mantenimiento_operativo,team_alpha,2026-03-16 04:58:50.909330,2026-03-16 12:47:45.990860,7.8,False,0,True,False,False,False
TCK-03716,retencion_clientes,team_growth,2026-08-24 06:49:36.040222,2026-08-24 17:12:49.036707,10.4,False,0,False,False,False,False
TCK-03717,cumplimiento_regulatorio,team_growth,2026-07-30 12:47:04.205093,2026-07-31 10:13:32.815888,21.4,False,0,False,False,False,False
TCK-03718,mantenimiento_operativo,team_beta,2026-05-02 16:14:45.051341,2026-05-03 12:43:01.115172,20.5,False,0,False,True,False,False
TCK-03719,soporte_reactivo,team_alpha,2026-07-16 23:00:45.826297,2026-07-17 17:23:19.495603,18.4,False,0,False,False,False,False
TCK-03720,cumplimiento_regulatorio,team_alpha,2026-04-24 23:27:23.423777,2026-04-26 01:20:43.528086,25.9,False,0,False,False,False,False
TCK-03721,mantenimiento_operativo,team_growth,2026-03-09 04:03:17.366458,2026-03-11 12:37:45.472163,56.6,False,0,False,True,False,False
TCK-03722,retencion_clientes,team_beta,2026-09-03 10:48:47.131317,2026-09-04 00:17:30.574274,13.5,False,0,False,False,False,False
TCK-03723,mantenimiento_operativo,team_alpha,2025-12-21 11:55:20.155436,2025-12-21 18:33:30.742707,6.6,False,0,False,True,False,False
TCK-03724,mantenimiento_operativo,team_gamma,2026-04-29 18:25:36.332331,2026-04-30 01:12:11.691351,6.8,False,0,True,False,False,False
TCK-03725,mantenimiento_operativo,team_alpha,2026-05-12 20:04:27.307129,2026-05-13 08:57:51.501901,12.9,False,0,False,True,False,False
TCK-03726,mantenimiento_operativo,team_growth,2026-07-08 17:25:51.989021,2026-07-10 04:58:04.096378,35.5,False,0,False,True,False,False
TCK-03727,mantenimiento_operativo,team_gamma,2026-07-04 02:52:25.590401,2026-07-04 09:19:16.290549,6.4,False,0,True,True,False,False
TCK-03728,retencion_clientes,team_beta,2026-05-07 17:43:01.801869,2026-05-08 04:32:36.324881,10.8,False,0,False,False,False,False
TCK-03729,soporte_reactivo,team_beta,2026-07-20 03:39:58.227682,2026-07-20 23:34:37.222500,19.9,False,0,False,False,False,False
TCK-03730,mantenimiento_operativo,team_growth,2026-08-04 21:45:30.450430,2026-08-06 14:07:29.105808,40.4,False,0,False,True,False,False
TCK-03731,retencion_clientes,team_beta,2026-02-12 06:52:06.075693,2026-02-12 22:37:29.678158,15.8,False,0,False,False,False,False
TCK-03732,soporte_reactivo,team_gamma,2026-02-16 00:05:41.193426,2026-02-17 00:11:53.805585,24.1,False,0,False,False,False,False
TCK-03733,retencion_clientes,team_growth,2026-05-04 00:23:37.405467,2026-05-05 13:40:56.336721,37.3,False,0,False,False,False,False
TCK-03734,deuda_tecnica_critica,team_gamma,2026-02-02 22:50:26.860305,2026-02-09 01:27:52.855449,146.6,False,0,False,False,False,False
TCK-03735,cumplimiento_regulatorio,team_alpha,2026-06-21 07:45:23.917977,2026-06-21 21:45:58.051049,14.0,False,0,False,False,False,False
TCK-03736,deuda_tecnica_critica,team_beta,2026-02-17 15:26:11.274792,2026-02-18 13:00:27.405736,21.6,False,0,False,False,False,False
TCK-03737,mantenimiento_operativo,team_gamma,2026-01-08 10:04:39.639778,2026-01-08 20:32:43.202328,10.5,False,0,False,True,False,False
TCK-03738,soporte_reactivo,team_gamma,2026-07-17 02:37:40.713243,2026-07-18 19:53:27.940799,41.3,True,0,False,False,False,False
TCK-03739,mantenimiento_operativo,team_alpha,2026-04-13 21:25:55.142842,2026-04-14 21:13:41.291777,23.8,False,0,False,False,False,False
TCK-03740,deuda_tecnica_critica,team_growth,2026-02-12 15:51:28.220145,2026-02-24 14:31:48.133048,286.7,False,0,False,False,False,False
TCK-03741,deuda_tecnica_critica,team_alpha,2026-02-13 16:58:06.774326,2026-02-14 11:39:07.273301,18.7,False,0,False,True,False,False
TCK-03742,deuda_tecnica_critica,team_beta,2026-02-24 10:45:17.093354,2026-03-04 00:19:55.165309,181.6,False,0,False,False,False,False
TCK-03743,soporte_reactivo,team_beta,2026-03-28 21:11:48.768220,2026-03-29 22:08:47.116086,24.9,False,0,False,False,False,False
TCK-03744,retencion_clientes,team_alpha,2026-01-01 15:31:02.390980,2026-01-02 19:14:38.432508,27.7,False,0,False,False,False,False
TCK-03745,mantenimiento_operativo,team_growth,2026-05-03 06:01:10.374572,2026-05-04 13:05:27.218206,31.1,False,0,True,True,False,False
TCK-03746,soporte_reactivo,team_alpha,2026-08-08 03:37:48.394513,2026-08-08 18:14:41.812991,14.6,False,0,False,False,False,False
TCK-03747,soporte_reactivo,team_growth,2026-05-16 10:38:45.964899,2026-05-18 06:14:42.137923,43.6,False,4,False,False,False,False
TCK-03748,mantenimiento_operativo,team_gamma,2026-04-01 04:36:47.506960,2026-04-01 16:02:14.220540,11.4,False,0,True,True,False,False
TCK-03749,mantenimiento_operativo,team_gamma,2026-06-22 04:21:24.394702,2026-06-22 23:30:09.705330,19.1,False,0,False,True,True,False
TCK-03750,retencion_clientes,team_growth,2026-04-30 21:46:27.853168,2026-05-01 10:33:44.536919,12.8,False,0,False,False,False,False
TCK-03751,retencion_clientes,team_gamma,2026-06-06 06:07:29.726780,2026-06-06 19:20:11.941899,13.2,False,0,False,False,False,False
TCK-03752,mantenimiento_operativo,team_gamma,2026-08-04 16:19:23.870050,2026-08-04 22:31:58.066901,6.2,False,0,False,False,False,False
TCK-03753,cumplimiento_regulatorio,team_growth,2026-06-20 13:34:59.340875,2026-06-21 04:33:08.401972,15.0,False,0,False,False,False,False
TCK-03754,deuda_tecnica_critica,team_gamma,2026-01-31 12:16:09.042565,2026-02-04 01:39:59.340658,85.4,False,0,False,True,False,False
TCK-03755,mantenimiento_operativo,team_alpha,2026-01-17 20:41:50.124476,2026-01-19 02:56:40.831400,30.2,False,0,False,False,False,False
TCK-03756,soporte_reactivo,team_beta,2025-12-21 16:32:02.501950,2025-12-22 17:55:05.693779,25.4,False,0,False,False,False,False
TCK-03757,deuda_tecnica_critica,team_growth,2026-05-03 21:30:20.480869,2026-05-16 08:02:53.680244,298.5,False,0,False,False,False,False
TCK-03758,soporte_reactivo,team_beta,2026-04-26 07:03:50.162465,2026-04-26 14:38:50.560257,7.6,False,0,False,False,False,False
TCK-03759,cumplimiento_regulatorio,team_growth,2026-05-02 20:38:58.788659,2026-05-03 11:37:36.291592,15.0,False,0,False,False,False,False
TCK-03760,soporte_reactivo,team_beta,2026-03-09 23:15:00.330939,2026-03-10 13:13:55.171366,14.0,False,0,False,False,False,False
TCK-03761,cumplimiento_regulatorio,team_beta,2026-02-17 18:09:54.156214,2026-02-18 03:38:25.771651,9.5,False,0,False,False,False,False
TCK-03762,mantenimiento_operativo,team_gamma,2026-02-03 13:59:30.171842,2026-02-03 21:50:10.362415,7.8,False,0,False,True,False,False
TCK-03763,mantenimiento_operativo,team_growth,2026-04-16 06:29:57.087413,2026-04-17 16:09:56.709675,33.7,False,0,False,True,False,False
TCK-03764,mantenimiento_operativo,team_gamma,2026-05-12 01:29:35.593651,2026-05-12 22:46:36.869598,21.3,False,0,True,False,False,False
TCK-03765,cumplimiento_regulatorio,team_beta,2026-01-08 20:09:09.231281,2026-01-09 02:21:03.815570,6.2,False,0,False,False,False,False
TCK-03766,mantenimiento_operativo,team_alpha,2026-07-29 09:06:58.670043,2026-07-30 00:55:30.441660,15.8,False,0,False,True,False,False
TCK-03767,mantenimiento_operativo,team_beta,2026-02-06 08:41:01.761765,2026-02-07 02:03:28.762946,17.4,False,0,False,True,False,False
TCK-03768,soporte_reactivo,team_growth,2026-04-11 03:58:55.595642,2026-04-12 03:31:42.842453,23.5,False,0,False,False,False,False
TCK-03769,mantenimiento_operativo,team_alpha,2026-08-20 01:16:37.968206,2026-08-20 15:41:20.426690,14.4,False,0,False,True,False,False
TCK-03770,mantenimiento_operativo,team_alpha,2026-01-24 06:47:05.313816,2026-01-24 14:42:46.479631,7.9,False,0,True,True,False,False
TCK-03771,soporte_reactivo,team_gamma,2026-05-24 22:02:43.159556,2026-05-25 11:50:55.003998,13.8,False,0,False,False,False,False
TCK-03772,soporte_reactivo,team_alpha,2026-02-11 11:46:26.922825,2026-02-11 21:29:29.965447,9.7,False,0,False,False,False,False
TCK-03773,deuda_tecnica_critica,team_alpha,2026-09-01 03:29:22.489672,2026-09-01 22:17:25.407541,18.8,False,0,False,True,False,False
TCK-03774,retencion_clientes,team_growth,2025-12-26 11:27:18.938012,2025-12-27 04:53:06.201430,17.4,False,0,False,False,False,False
TCK-03775,soporte_reactivo,team_beta,2026-08-03 16:59:22.693621,2026-08-04 08:29:47.065364,15.5,False,0,False,False,False,False
TCK-03776,retencion_clientes,team_alpha,2026-01-17 02:23:56.878137,2026-01-17 15:28:09.653943,13.1,False,0,False,False,False,False
TCK-03777,retencion_clientes,team_growth,2026-05-23 09:33:47.371126,2026-05-24 16:20:57.442769,30.8,False,0,False,False,False,False
TCK-03778,deuda_tecnica_critica,team_growth,2026-05-16 03:43:51.628866,2026-05-28 02:40:03.608813,286.9,True,0,False,False,False,False
TCK-03779,soporte_reactivo,team_alpha,2026-01-13 20:09:27.272889,2026-01-14 13:40:35.344081,17.5,False,0,False,False,False,False
TCK-03780,retencion_clientes,team_gamma,2026-09-02 21:10:44.169726,2026-09-03 12:25:04.511707,15.2,True,0,False,False,False,False
TCK-03781,retencion_clientes,team_growth,2026-03-24 20:27:49.439759,2026-03-26 07:51:17.860023,35.4,False,0,False,False,False,False
TCK-03782,deuda_tecnica_critica,team_gamma,2026-07-01 19:19:11.045187,2026-07-10 05:01:07.992158,201.7,False,0,False,True,False,False
TCK-03783,mantenimiento_operativo,team_gamma,2026-09-04 22:11:41.743411,2026-09-05 06:09:26.731923,8.0,False,0,True,True,False,False
TCK-03784,soporte_reactivo,team_gamma,2026-08-14 23:09:27.825999,2026-08-16 10:54:19.347460,35.7,False,4,False,False,False,False
TCK-03785,soporte_reactivo,team_gamma,2026-09-02 16:21:00.573081,2026-09-03 03:19:05.956039,11.0,False,0,False,False,False,False
TCK-03786,soporte_reactivo,team_alpha,2026-03-12 21:56:10.048441,2026-03-13 13:48:22.680733,15.9,False,0,False,False,False,False
TCK-03787,mantenimiento_operativo,team_beta,2026-02-09 00:06:55.880040,2026-02-09 15:48:14.409855,15.7,False,0,False,True,False,False
TCK-03788,retencion_clientes,team_beta,2026-04-16 10:57:58.597715,2026-04-17 04:48:47.446544,17.8,False,0,False,False,False,False
TCK-03789,retencion_clientes,team_alpha,2026-03-11 00:30:42.431806,2026-03-11 18:31:51.944527,18.0,False,0,False,False,False,False
TCK-03790,mantenimiento_operativo,team_alpha,2026-05-01 18:31:35.937403,2026-05-02 18:50:13.044508,24.3,False,0,False,True,False,False
TCK-03791,mantenimiento_operativo,team_alpha,2026-06-14 03:31:31.686843,2026-06-14 13:49:47.693808,10.3,False,0,False,True,False,False
TCK-03792,mantenimiento_operativo,team_gamma,2026-08-21 14:50:35.612908,2026-08-22 01:00:13.002222,10.2,False,0,False,True,False,False
TCK-03793,mantenimiento_operativo,team_beta,2026-01-13 23:03:54.367888,2026-01-14 18:27:32.369373,19.4,True,0,False,True,False,False
TCK-03794,retencion_clientes,team_growth,2026-08-20 04:50:03.146058,2026-08-21 03:51:10.423744,23.0,False,0,False,False,False,False
TCK-03795,soporte_reactivo,team_alpha,2026-01-29 00:28:21.925379,2026-01-29 13:48:01.185153,13.3,False,0,False,False,False,False
TCK-03796,retencion_clientes,team_growth,2026-02-03 20:47:33.265073,2026-02-04 20:24:08.191715,23.6,False,0,False,False,False,False
TCK-03797,soporte_reactivo,team_growth,2026-07-16 21:25:29.515039,2026-07-17 20:17:25.208549,22.9,False,0,False,False,False,False
TCK-03798,soporte_reactivo,team_gamma,2026-07-06 15:34:31.614717,2026-07-07 11:52:29.309343,20.3,False,0,False,False,False,False
TCK-03799,retencion_clientes,team_growth,2025-12-23 08:08:07.741388,2025-12-26 02:22:47.895632,66.2,False,0,False,False,False,False
TCK-03800,retencion_clientes,team_gamma,2026-08-13 05:54:00.046271,2026-08-13 20:30:35.772663,14.6,False,0,False,False,False,False
TCK-03801,mantenimiento_operativo,team_gamma,2026-06-24 16:38:37.358392,2026-06-24 23:56:34.483751,7.3,False,0,True,True,True,False
TCK-03802,soporte_reactivo,team_beta,2026-05-04 08:46:35.424250,2026-05-06 09:56:14.907757,49.2,False,4,False,False,False,False
TCK-03803,soporte_reactivo,team_gamma,2026-03-09 03:39:45.978549,2026-03-11 06:19:35.398440,50.7,False,4,False,False,False,False
TCK-03804,soporte_reactivo,team_alpha,2026-01-16 00:00:43.004379,2026-01-16 15:11:31.796999,15.2,False,0,False,False,False,False
TCK-03805,deuda_tecnica_critica,team_growth,2026-06-14 00:22:15.192826,2026-07-01 00:47:50.097268,408.4,False,0,False,False,False,False
TCK-03806,mantenimiento_operativo,team_beta,2026-06-30 14:30:30.534502,2026-07-01 05:33:21.896753,15.0,False,0,False,True,False,False
TCK-03807,cumplimiento_regulatorio,team_growth,2026-01-06 00:09:53.813308,2026-01-07 00:52:22.837030,24.7,False,0,False,False,False,False
TCK-03808,deuda_tecnica_critica,team_growth,2026-04-13 21:21:56.192730,2026-04-27 17:14:41.056536,331.9,False,0,False,False,False,False
TCK-03809,deuda_tecnica_critica,team_growth,2026-08-24 19:25:23.783721,2026-08-25 19:43:26.678922,24.3,False,0,False,False,False,False
TCK-03810,soporte_reactivo,team_growth,2026-06-28 09:55:53.726468,2026-06-29 20:14:58.289075,34.3,False,0,False,False,False,False
TCK-03811,soporte_reactivo,team_beta,2026-05-11 15:07:56.912457,2026-05-12 06:55:41.529814,15.8,False,0,False,False,False,False
TCK-03812,cumplimiento_regulatorio,team_growth,2026-08-14 20:20:04.204072,2026-08-16 04:07:06.674360,31.8,False,0,False,False,False,False
TCK-03813,deuda_tecnica_critica,team_gamma,2026-07-14 04:53:32.313810,2026-07-23 03:25:55.056629,214.5,False,0,False,False,False,False
TCK-03814,cumplimiento_regulatorio,team_growth,2026-03-06 06:03:39.203324,2026-03-07 09:23:11.788142,27.3,False,0,False,False,False,False
TCK-03815,mantenimiento_operativo,team_beta,2026-07-19 16:08:43.022500,2026-07-20 04:37:45.537810,12.5,False,0,False,True,False,False
TCK-03816,cumplimiento_regulatorio,team_alpha,2026-05-05 11:00:28.399925,2026-05-06 00:49:35.646143,13.8,False,0,False,False,False,False
TCK-03817,cumplimiento_regulatorio,team_gamma,2026-05-25 00:08:47.154303,2026-05-26 06:24:25.973526,30.3,False,0,False,False,False,False
TCK-03818,mantenimiento_operativo,team_alpha,2026-07-12 14:47:33.857867,2026-07-13 19:27:32.462808,28.7,False,0,False,True,False,False
TCK-03819,cumplimiento_regulatorio,team_gamma,2026-04-18 05:49:06.043140,2026-04-18 23:50:45.929426,18.0,False,0,False,False,False,False
TCK-03820,retencion_clientes,team_beta,2026-06-03 23:56:32.245824,2026-06-05 12:06:02.445097,36.2,False,0,False,False,False,False
TCK-03821,soporte_reactivo,team_gamma,2026-02-10 23:38:28.469143,2026-02-11 10:42:24.330460,11.1,False,0,False,False,False,False
TCK-03822,deuda_tecnica_critica,team_growth,2026-01-01 13:08:20.153783,2026-01-02 00:45:51.205253,11.6,False,0,False,False,False,False
TCK-03823,soporte_reactivo,team_beta,2026-08-19 07:45:20.707606,2026-08-20 02:49:36.249169,19.1,False,0,False,False,False,False
TCK-03824,mantenimiento_operativo,team_gamma,2026-06-17 09:32:57.548527,2026-06-18 10:39:32.538032,25.1,False,0,False,True,True,False
TCK-03825,retencion_clientes,team_gamma,2026-03-20 12:11:02.547190,2026-03-21 06:49:21.604312,18.6,False,0,False,False,False,False
TCK-03826,deuda_tecnica_critica,team_growth,2026-07-01 15:27:10.335371,2026-07-15 14:00:15.764482,334.6,False,0,False,True,False,False
TCK-03827,cumplimiento_regulatorio,team_growth,2026-01-26 19:36:23.679418,2026-01-28 15:21:03.803733,43.7,False,0,False,False,False,False
TCK-03828,mantenimiento_operativo,team_beta,2026-03-25 11:12:34.674627,2026-03-26 08:46:58.644564,21.6,False,0,False,True,False,False
TCK-03829,soporte_reactivo,team_beta,2026-06-28 11:30:02.887098,2026-06-28 23:18:41.669842,11.8,False,0,False,False,False,False
TCK-03830,deuda_tecnica_critica,team_gamma,2026-05-03 03:09:37.918511,2026-05-08 09:26:03.457883,126.3,False,0,False,True,False,False
TCK-03831,deuda_tecnica_critica,team_alpha,2026-01-30 14:15:54.492270,2026-02-08 13:41:27.533591,215.4,False,0,False,False,False,False
TCK-03832,soporte_reactivo,team_beta,2026-03-22 10:59:26.225464,2026-03-23 08:48:28.828551,21.8,False,0,False,False,False,False
TCK-03833,mantenimiento_operativo,team_gamma,2026-03-20 02:11:08.853302,2026-03-20 22:47:59.404512,20.6,True,0,False,True,False,False
TCK-03834,soporte_reactivo,team_gamma,2026-07-13 17:34:36.903197,2026-07-15 02:33:33.676270,33.0,False,4,False,False,False,False
TCK-03835,cumplimiento_regulatorio,team_growth,2026-07-09 10:04:06.760128,2026-07-10 10:00:15.169928,23.9,False,0,False,False,False,False
TCK-03836,soporte_reactivo,team_beta,2026-03-19 03:27:08.842415,2026-03-20 19:54:07.223512,40.4,False,4,False,False,False,False
TCK-03837,deuda_tecnica_critica,team_growth,2026-02-03 23:03:19.896420,2026-02-05 14:32:48.200247,39.5,False,0,False,True,False,False
TCK-03838,mantenimiento_operativo,team_beta,2026-03-31 07:39:56.657299,2026-04-01 03:41:19.944322,20.0,False,0,False,True,False,False
TCK-03839,soporte_reactivo,team_beta,2026-08-07 14:17:21.610289,2026-08-07 17:26:01.950958,3.1,False,0,False,False,False,False
TCK-03840,retencion_clientes,team_growth,2026-08-29 03:23:28.044402,2026-08-30 16:00:32.731690,36.6,False,0,False,False,False,False
TCK-03841,soporte_reactivo,team_growth,2026-05-29 03:07:48.674159,2026-06-02 23:48:59.319333,116.7,False,4,False,False,False,False
TCK-03842,deuda_tecnica_critica,team_growth,2026-07-05 18:48:02.206381,2026-07-07 12:48:20.879446,42.0,False,0,False,True,False,False
TCK-03843,retencion_clientes,team_beta,2026-04-23 22:59:20.720687,2026-04-24 17:16:19.957878,18.3,False,0,False,False,False,False
TCK-03844,retencion_clientes,team_beta,2026-02-01 16:33:11.149284,2026-02-02 08:18:03.841919,15.7,False,0,False,False,False,False
TCK-03845,deuda_tecnica_critica,team_beta,2026-02-19 18:24:31.545759,2026-02-24 22:12:51.049804,123.8,False,0,False,False,False,False
TCK-03846,soporte_reactivo,team_beta,2026-02-22 20:07:47.548288,2026-02-23 13:42:59.510429,17.6,False,0,False,False,False,False
TCK-03847,deuda_tecnica_critica,team_beta,2026-03-01 06:33:09.891361,2026-03-01 22:09:36.253333,15.6,False,0,False,False,False,False
TCK-03848,cumplimiento_regulatorio,team_beta,2026-04-05 06:09:41.297639,2026-04-06 00:17:22.272403,18.1,False,0,False,False,False,False
TCK-03849,retencion_clientes,team_growth,2025-12-23 01:33:11.182778,2025-12-24 15:36:21.726327,38.1,False,0,False,False,False,False
TCK-03850,soporte_reactivo,team_alpha,2026-05-29 08:30:58.529134,2026-05-30 03:05:22.030879,18.6,False,0,False,False,False,False
TCK-03851,cumplimiento_regulatorio,team_beta,2026-03-02 21:01:49.010642,2026-03-03 14:14:09.340108,17.2,False,0,False,False,False,False
TCK-03852,mantenimiento_operativo,team_growth,2026-08-04 23:51:41.381552,2026-08-05 16:54:45.908341,17.1,False,0,False,True,False,False
TCK-03853,deuda_tecnica_critica,team_growth,2026-02-11 03:43:58.845278,2026-02-11 20:02:56.466514,16.3,False,0,False,False,False,False
TCK-03854,deuda_tecnica_critica,team_alpha,2026-04-05 17:36:36.227832,2026-04-10 18:30:22.851121,120.9,False,0,False,False,False,False
TCK-03855,mantenimiento_operativo,team_beta,2026-09-06 02:57:51.164619,2026-09-06 16:14:25.841386,13.3,False,0,False,True,False,False
TCK-03856,retencion_clientes,team_growth,2026-01-12 09:08:21.189716,2026-01-14 08:48:16.883829,47.7,False,0,False,False,False,False
TCK-03857,cumplimiento_regulatorio,team_beta,2026-02-03 15:21:27.335556,2026-02-04 12:20:28.270600,21.0,False,0,False,False,False,False
TCK-03858,mantenimiento_operativo,team_alpha,2026-01-31 08:23:53.205784,2026-01-31 23:28:59.355440,15.1,False,0,False,True,False,False
TCK-03859,cumplimiento_regulatorio,team_gamma,2026-03-12 03:46:40.720349,2026-03-14 07:00:49.193321,51.2,False,0,False,False,False,False
TCK-03860,soporte_reactivo,team_alpha,2026-08-15 04:55:31.389368,2026-08-15 17:16:22.859233,12.3,False,0,False,False,False,False
TCK-03861,deuda_tecnica_critica,team_gamma,2026-03-13 17:21:33.786158,2026-03-14 02:19:10.702630,9.0,False,0,False,False,False,False
TCK-03862,cumplimiento_regulatorio,team_growth,2026-03-20 12:02:12.219803,2026-03-21 20:43:36.829432,32.7,False,0,False,False,False,False
TCK-03863,soporte_reactivo,team_beta,2026-03-26 14:35:54.694337,2026-03-27 22:05:38.817852,31.5,False,4,False,False,False,False
TCK-03864,retencion_clientes,team_alpha,2026-04-09 06:41:18.191408,2026-04-09 20:22:26.980617,13.7,False,0,False,False,False,False
TCK-03865,deuda_tecnica_critica,team_alpha,2026-03-06 06:39:30.665566,2026-03-07 14:57:50.030370,32.3,False,0,False,False,False,False
TCK-03866,cumplimiento_regulatorio,team_alpha,2026-04-12 23:17:37.692686,2026-04-13 18:28:10.134951,19.2,False,0,False,False,False,False
TCK-03867,retencion_clientes,team_beta,2026-03-13 00:15:42.231643,2026-03-13 14:08:28.075556,13.9,False,0,False,False,False,False
TCK-03868,retencion_clientes,team_beta,2026-03-11 20:53:55.236230,2026-03-12 15:21:27.879023,18.5,False,0,False,False,False,False
TCK-03869,soporte_reactivo,team_beta,2026-04-11 20:11:38.092235,2026-04-12 06:01:46.748688,9.8,False,0,False,False,False,False
TCK-03870,cumplimiento_regulatorio,team_alpha,2026-08-02 16:37:59.711341,2026-08-03 19:42:06.831102,27.1,False,0,False,False,False,False
TCK-03871,retencion_clientes,team_growth,2026-06-17 01:11:16.790399,2026-06-18 10:40:45.244447,33.5,False,0,False,False,False,False
TCK-03872,mantenimiento_operativo,team_alpha,2026-03-18 05:11:45.182230,2026-03-18 12:57:18.943686,7.8,False,0,True,True,False,False
TCK-03873,soporte_reactivo,team_beta,2026-03-06 12:30:07.841746,2026-03-08 05:12:01.343807,40.7,False,4,False,False,False,False
TCK-03874,soporte_reactivo,team_alpha,2026-02-14 09:38:48.687403,2026-02-15 10:29:15.583627,24.8,False,0,False,False,False,False
TCK-03875,deuda_tecnica_critica,team_growth,2026-07-03 21:23:14.973770,2026-07-11 14:49:04.248822,185.4,False,0,False,False,False,False
TCK-03876,deuda_tecnica_critica,team_growth,2026-04-08 07:31:50.784204,2026-04-17 06:09:11.169576,214.6,False,0,False,True,False,False
TCK-03877,mantenimiento_operativo,team_growth,2026-03-09 10:59:51.732787,2026-03-10 10:14:08.610583,23.2,False,0,False,True,False,False
TCK-03878,retencion_clientes,team_beta,2026-03-17 16:08:53.945241,2026-03-18 01:17:56.138591,9.2,False,0,False,False,False,False
TCK-03879,retencion_clientes,team_gamma,2026-05-08 20:57:10.252285,2026-05-09 12:15:14.924540,15.3,False,0,False,False,False,False
TCK-03880,mantenimiento_operativo,team_gamma,2026-07-21 06:48:57.444424,2026-07-21 18:29:51.111102,11.7,False,0,False,True,False,False
TCK-03881,mantenimiento_operativo,team_gamma,2026-04-03 16:14:23.446940,2026-04-04 11:45:02.750227,19.5,False,0,False,True,False,False
TCK-03882,soporte_reactivo,team_beta,2026-05-29 14:03:37.866700,2026-05-30 18:46:50.312876,28.7,False,4,False,False,False,False
TCK-03883,deuda_tecnica_critica,team_growth,2026-05-17 21:39:54.089917,2026-05-23 16:49:36.494934,139.2,False,0,False,True,False,False
TCK-03884,mantenimiento_operativo,team_growth,2026-03-24 16:00:55.728936,2026-03-25 07:47:59.749764,15.8,False,0,False,True,False,False
TCK-03885,deuda_tecnica_critica,team_growth,2026-05-28 10:32:01.875677,2026-05-29 23:30:17.286247,37.0,False,0,False,False,False,False
TCK-03886,mantenimiento_operativo,team_beta,2026-03-12 13:43:23.807855,2026-03-12 22:36:03.865139,8.9,False,0,True,False,False,False
TCK-03887,deuda_tecnica_critica,team_beta,2026-03-20 18:34:43.263306,2026-03-21 13:18:43.264472,18.7,False,0,False,True,False,False
TCK-03888,mantenimiento_operativo,team_gamma,2025-12-25 02:50:33.624926,2025-12-25 16:57:28.017938,14.1,False,0,True,False,False,False
TCK-03889,soporte_reactivo,team_growth,2025-12-29 14:56:59.784298,2026-01-03 23:29:02.921117,128.5,False,4,False,False,False,False
TCK-03890,mantenimiento_operativo,team_beta,2026-07-17 15:11:03.506943,2026-07-18 11:07:47.542796,19.9,False,0,False,True,False,False
TCK-03891,soporte_reactivo,team_beta,2026-01-23 09:53:55.570670,2026-01-25 18:37:36.898851,56.7,False,4,False,False,False,False
TCK-03892,cumplimiento_regulatorio,team_alpha,2026-03-11 16:55:46.409499,2026-03-12 19:41:39.751148,26.8,False,0,False,False,False,False
TCK-03893,deuda_tecnica_critica,team_growth,2026-07-08 10:07:27.695210,2026-07-16 17:05:39.750202,199.0,False,0,False,True,False,False
TCK-03894,deuda_tecnica_critica,team_gamma,2026-08-03 00:00:45.700213,2026-08-04 05:36:50.764901,29.6,False,0,False,True,False,False
TCK-03895,soporte_reactivo,team_gamma,2025-12-27 06:40:00.768561,2025-12-27 20:33:51.540828,13.9,True,0,False,False,False,False
TCK-03896,retencion_clientes,team_gamma,2026-05-15 08:33:43.485143,2026-05-16 13:11:17.032843,28.6,False,0,False,False,False,False
TCK-03897,deuda_tecnica_critica,team_beta,2026-06-22 04:09:39.852655,2026-06-22 23:53:06.930395,19.7,False,0,False,False,False,False
TCK-03898,deuda_tecnica_critica,team_growth,2026-01-29 02:09:33.042253,2026-02-05 23:48:22.401132,189.6,True,0,False,False,False,False
TCK-03899,soporte_reactivo,team_alpha,2026-08-16 18:03:13.554559,2026-08-17 08:16:18.236861,14.2,False,0,False,False,False,False
TCK-03900,cumplimiento_regulatorio,team_growth,2026-02-17 21:56:36.973291,2026-02-20 01:09:58.324910,51.2,False,0,False,False,False,False
TCK-03901,mantenimiento_operativo,team_beta,2026-08-14 12:01:06.759822,2026-08-15 06:03:04.696406,18.0,False,0,False,True,False,False
TCK-03902,mantenimiento_operativo,team_beta,2026-02-23 22:02:21.772006,2026-02-24 08:38:23.906322,10.6,True,0,True,True,False,False
TCK-03903,deuda_tecnica_critica,team_alpha,2026-06-13 05:15:26.872376,2026-06-13 13:52:16.634373,8.6,False,0,False,True,False,False
TCK-03904,mantenimiento_operativo,team_alpha,2026-02-14 09:24:51.911182,2026-02-15 05:41:43.759666,20.3,True,0,False,False,False,False
TCK-03905,retencion_clientes,team_beta,2026-05-18 03:25:38.374203,2026-05-18 20:56:40.748031,17.5,False,0,False,False,False,False
TCK-03906,retencion_clientes,team_gamma,2025-12-23 14:06:40.719961,2025-12-24 18:45:31.031280,28.6,False,0,False,False,False,False
TCK-03907,retencion_clientes,team_growth,2026-04-13 17:16:11.131425,2026-04-14 21:25:40.242613,28.2,False,0,False,False,False,False
TCK-03908,cumplimiento_regulatorio,team_alpha,2026-04-16 06:50:07.899983,2026-04-16 13:53:25.272543,7.1,False,0,False,False,False,False
TCK-03909,mantenimiento_operativo,team_beta,2025-12-23 06:42:07.995756,2025-12-23 16:49:07.906335,10.1,False,0,False,True,False,False
TCK-03910,soporte_reactivo,team_alpha,2026-08-14 06:52:48.821199,2026-08-14 18:21:07.261660,11.5,False,0,False,False,False,False
TCK-03911,mantenimiento_operativo,team_beta,2026-06-04 22:15:14.000561,2026-06-05 10:54:59.988184,12.7,False,0,True,False,False,False
TCK-03912,soporte_reactivo,team_beta,2026-01-28 21:31:05.354026,2026-01-30 22:39:11.564802,49.1,False,4,False,False,False,False
TCK-03913,mantenimiento_operativo,team_beta,2026-06-26 14:22:30.326222,2026-06-27 17:44:35.186830,27.4,False,0,False,True,True,False
TCK-03914,mantenimiento_operativo,team_growth,2026-07-05 23:57:57.317419,2026-07-07 00:09:02.187658,24.2,False,0,False,True,False,False
TCK-03915,cumplimiento_regulatorio,team_growth,2026-08-11 12:26:08.938402,2026-08-12 11:53:44.100650,23.5,False,0,False,False,False,False
TCK-03916,deuda_tecnica_critica,team_gamma,2025-12-30 05:21:15.859895,2026-01-08 13:55:10.055198,224.6,False,0,False,False,False,False
TCK-03917,deuda_tecnica_critica,team_beta,2026-07-27 20:23:03.376217,2026-08-02 13:04:51.011373,136.7,False,0,False,False,False,False
TCK-03918,soporte_reactivo,team_gamma,2026-06-27 16:29:53.752951,2026-06-28 14:28:33.180228,22.0,False,0,False,False,False,False
TCK-03919,mantenimiento_operativo,team_beta,2025-12-24 18:22:28.165850,2025-12-25 04:24:19.312552,10.0,False,0,False,True,False,False
TCK-03920,retencion_clientes,team_alpha,2026-02-02 05:04:36.415164,2026-02-02 19:37:34.347493,14.5,False,0,False,False,False,False
TCK-03921,soporte_reactivo,team_growth,2026-08-11 08:27:46.258111,2026-08-13 00:36:20.098655,40.1,False,0,False,False,False,False
TCK-03922,soporte_reactivo,team_alpha,2026-01-20 05:40:54.188842,2026-01-20 18:46:14.732525,13.1,False,0,False,False,False,False
TCK-03923,mantenimiento_operativo,team_beta,2026-08-02 06:06:54.297717,2026-08-02 14:58:55.424445,8.9,False,0,True,True,False,False
TCK-03924,soporte_reactivo,team_gamma,2026-05-11 03:47:29.905190,2026-05-12 18:20:51.098266,38.6,False,0,False,False,False,False
TCK-03925,deuda_tecnica_critica,team_growth,2026-04-16 14:46:42.612153,2026-05-16 00:02:19.080560,705.3,False,0,False,False,False,False
TCK-03926,retencion_clientes,team_alpha,2026-03-09 17:16:34.354365,2026-03-10 16:51:10.166362,23.6,False,0,False,False,False,False
TCK-03927,mantenimiento_operativo,team_growth,2026-01-01 16:45:07.791122,2026-01-03 13:00:17.923783,44.3,False,0,False,True,False,False
TCK-03928,soporte_reactivo,team_gamma,2025-12-20 17:48:13.251719,2025-12-21 16:41:25.548919,22.9,False,0,False,False,False,False
TCK-03929,deuda_tecnica_critica,team_growth,2025-12-25 22:13:00.525690,2026-01-06 15:30:58.945803,281.3,False,0,False,True,False,False
TCK-03930,deuda_tecnica_critica,team_alpha,2026-02-08 17:11:32.851091,2026-02-12 03:10:41.914469,82.0,False,0,False,True,False,False
TCK-03931,retencion_clientes,team_growth,2026-02-10 08:34:42.134818,2026-02-11 11:50:25.602260,27.3,False,0,False,False,False,False
TCK-03932,deuda_tecnica_critica,team_gamma,2026-07-12 08:30:24.844170,2026-07-12 18:37:19.794098,10.1,False,0,False,True,False,False
TCK-03933,deuda_tecnica_critica,team_beta,2026-04-05 13:51:20.617313,2026-04-14 23:28:38.366121,225.6,False,0,False,True,False,False
TCK-03934,mantenimiento_operativo,team_beta,2026-01-18 08:17:59.941990,2026-01-18 20:46:05.445125,12.5,False,0,True,True,False,False
TCK-03935,deuda_tecnica_critica,team_gamma,2026-06-22 02:52:19.017800,2026-06-27 03:48:20.379077,120.9,False,0,False,False,False,False
TCK-03936,deuda_tecnica_critica,team_gamma,2026-06-09 09:26:23.699880,2026-06-19 02:55:31.727906,233.5,False,0,False,True,False,False
TCK-03937,soporte_reactivo,team_growth,2026-05-14 01:59:23.418127,2026-05-16 00:57:22.826457,47.0,False,0,False,False,False,False
TCK-03938,soporte_reactivo,team_beta,2026-02-24 20:26:17.463111,2026-02-25 12:46:12.819202,16.3,False,0,False,False,False,False
TCK-03939,mantenimiento_operativo,team_growth,2026-02-17 23:19:54.783422,2026-02-19 04:05:58.469636,28.8,False,0,False,True,False,False
TCK-03940,retencion_clientes,team_alpha,2026-02-02 08:28:26.679502,2026-02-02 23:06:08.041638,14.6,False,0,False,False,False,False
TCK-03941,deuda_tecnica_critica,team_growth,2026-01-11 08:52:32.480127,2026-01-13 03:18:36.105896,42.4,False,0,False,False,False,False
TCK-03942,deuda_tecnica_critica,team_gamma,2026-05-22 01:03:25.991198,2026-05-30 11:44:11.921662,202.7,False,0,False,True,False,False
TCK-03943,cumplimiento_regulatorio,team_beta,2026-07-12 11:16:26.314144,2026-07-13 05:16:17.188186,18.0,False,0,False,False,False,False
TCK-03944,deuda_tecnica_critica,team_alpha,2026-06-11 06:44:28.013913,2026-06-24 06:25:00.062048,311.7,False,0,False,False,False,False
TCK-03945,retencion_clientes,team_growth,2025-12-28 19:08:14.196356,2025-12-29 19:39:05.795691,24.5,False,0,False,False,False,False
TCK-03946,mantenimiento_operativo,team_gamma,2026-01-06 22:16:44.397469,2026-01-07 08:46:33.679336,10.5,False,0,False,True,False,False
TCK-03947,soporte_reactivo,team_gamma,2026-07-26 21:55:54.359041,2026-07-27 15:40:42.096310,17.7,False,0,False,False,False,False
TCK-03948,deuda_tecnica_critica,team_growth,2026-01-19 06:14:53.819211,2026-02-05 12:10:03.241933,413.9,False,0,False,False,False,False
TCK-03949,soporte_reactivo,team_gamma,2026-01-20 12:14:17.690788,2026-01-20 22:58:05.978976,10.7,False,0,False,False,False,False
TCK-03950,retencion_clientes,team_gamma,2026-04-11 18:10:16.893898,2026-04-12 20:27:09.129925,26.3,False,0,False,False,False,False
TCK-03951,deuda_tecnica_critica,team_gamma,2026-06-14 06:43:35.414215,2026-06-15 04:59:02.936781,22.3,False,0,False,True,True,False
TCK-03952,soporte_reactivo,team_gamma,2026-03-01 12:04:15.646993,2026-03-02 16:02:12.449152,28.0,False,0,False,False,False,False
TCK-03953,mantenimiento_operativo,team_beta,2026-06-20 18:03:40.322542,2026-06-21 04:13:20.326355,10.2,False,0,False,False,False,False
TCK-03954,soporte_reactivo,team_gamma,2026-01-07 03:52:58.940424,2026-01-08 05:12:49.782371,25.3,False,0,False,False,False,False
TCK-03955,deuda_tecnica_critica,team_growth,2026-02-12 08:29:50.918066,2026-02-14 07:41:04.162992,47.2,False,0,False,True,False,False
TCK-03956,soporte_reactivo,team_beta,2026-01-16 00:07:28.331347,2026-01-16 10:56:41.341420,10.8,False,0,False,False,False,False
TCK-03957,soporte_reactivo,team_beta,2026-08-02 14:05:26.592015,2026-08-02 21:45:33.350134,7.7,False,0,False,False,False,False
TCK-03958,deuda_tecnica_critica,team_growth,2025-12-30 03:27:05.957345,2026-01-08 17:06:46.437626,229.7,False,0,False,False,False,False
TCK-03959,soporte_reactivo,team_alpha,2026-08-29 19:20:05.959781,2026-08-30 16:55:44.243272,21.6,False,0,False,False,False,False
TCK-03960,cumplimiento_regulatorio,team_gamma,2026-07-08 16:07:14.214421,2026-07-09 02:57:59.136101,10.8,False,0,False,False,False,False
TCK-03961,deuda_tecnica_critica,team_alpha,2026-05-29 18:27:23.238158,2026-06-03 03:38:31.692986,105.2,False,0,False,False,False,False
TCK-03962,soporte_reactivo,team_beta,2026-08-16 16:58:56.727257,2026-08-18 08:09:12.323527,39.2,True,4,False,False,False,False
TCK-03963,soporte_reactivo,team_beta,2026-01-24 16:17:40.660724,2026-01-25 06:20:56.109045,14.1,False,0,False,False,False,False
TCK-03964,soporte_reactivo,team_beta,2026-03-04 02:57:41.607481,2026-03-04 16:51:46.968258,13.9,False,0,False,False,False,False
TCK-03965,retencion_clientes,team_alpha,2026-08-10 17:00:08.971799,2026-08-11 05:25:13.810517,12.4,False,0,False,False,False,False
TCK-03966,soporte_reactivo,team_alpha,2026-05-16 03:12:52.531656,2026-05-17 21:19:44.891223,42.1,False,4,False,False,False,False
TCK-03967,deuda_tecnica_critica,team_alpha,2026-04-18 04:56:14.667393,2026-04-18 23:45:20.320146,18.8,False,0,False,True,False,False
TCK-03968,mantenimiento_operativo,team_alpha,2026-03-05 00:22:59.603201,2026-03-05 22:04:31.105129,21.7,False,0,True,True,False,False
TCK-03969,retencion_clientes,team_growth,2026-09-02 20:20:31.037536,2026-09-04 08:53:23.767910,36.5,False,0,False,False,False,False
TCK-03970,mantenimiento_operativo,team_beta,2026-08-20 03:54:33.993746,2026-08-20 22:11:27.808449,18.3,False,0,False,True,False,False
TCK-03971,mantenimiento_operativo,team_gamma,2026-08-02 19:21:41.241041,2026-08-03 00:26:18.401322,5.1,False,0,True,True,False,False
TCK-03972,mantenimiento_operativo,team_beta,2026-01-15 09:01:41.554705,2026-01-15 17:28:39.006310,8.4,False,0,True,False,False,False
TCK-03973,retencion_clientes,team_growth,2026-03-28 00:39:06.154608,2026-03-29 08:07:12.528326,31.5,False,0,False,False,False,False
TCK-03974,mantenimiento_operativo,team_beta,2026-03-12 18:24:47.392332,2026-03-13 03:58:23.821620,9.6,False,0,False,False,False,False
TCK-03975,deuda_tecnica_critica,team_gamma,2026-08-25 16:47:19.587025,2026-08-26 14:34:52.958500,21.8,False,0,False,True,False,False
TCK-03976,mantenimiento_operativo,team_gamma,2026-04-15 03:03:17.587653,2026-04-15 22:49:53.548528,19.8,True,0,True,True,False,False
TCK-03977,deuda_tecnica_critica,team_gamma,2026-03-15 05:43:38.410003,2026-03-15 17:34:06.550779,11.8,False,0,False,False,False,False
TCK-03978,mantenimiento_operativo,team_beta,2026-05-25 12:16:26.924100,2026-05-26 22:24:20.601654,34.1,False,0,False,True,False,False
TCK-03979,deuda_tecnica_critica,team_growth,2026-02-04 11:19:17.926495,2026-02-19 06:51:30.070707,355.5,False,0,False,False,False,False
TCK-03980,deuda_tecnica_critica,team_beta,2026-05-15 09:43:53.158787,2026-05-23 00:23:22.188477,182.7,False,0,False,True,False,False
TCK-03981,soporte_reactivo,team_gamma,2026-06-03 19:06:15.904925,2026-06-06 14:59:00.884479,67.9,False,4,False,False,False,False
TCK-03982,cumplimiento_regulatorio,team_gamma,2026-04-14 08:19:42.841665,2026-04-14 22:13:50.604519,13.9,False,0,False,False,False,False
TCK-03983,cumplimiento_regulatorio,team_alpha,2026-02-10 19:39:21.736912,2026-02-11 11:30:39.607460,15.9,False,0,False,False,False,False
TCK-03984,soporte_reactivo,team_gamma,2026-06-17 23:05:41.764158,2026-06-18 14:31:39.218719,15.4,False,0,False,False,False,False
TCK-03985,soporte_reactivo,team_alpha,2026-05-09 08:36:07.217917,2026-05-11 16:57:51.229999,56.4,False,4,False,False,False,False
TCK-03986,mantenimiento_operativo,team_beta,2026-01-13 07:59:16.269289,2026-01-13 19:11:13.375566,11.2,False,0,True,True,False,False
TCK-03987,mantenimiento_operativo,team_gamma,2026-03-23 10:15:49.243020,2026-03-23 21:41:03.629472,11.4,False,0,True,True,False,False
TCK-03988,cumplimiento_regulatorio,team_gamma,2026-01-14 02:06:21.052919,2026-01-14 12:39:43.458257,10.6,False,0,False,False,False,False
TCK-03989,mantenimiento_operativo,team_gamma,2025-12-20 03:22:07.164133,2025-12-20 16:00:32.114751,12.6,False,0,False,True,False,False
TCK-03990,deuda_tecnica_critica,team_beta,2026-04-23 18:39:52.033959,2026-04-24 06:22:00.071991,11.7,False,0,False,True,False,False
TCK-03991,mantenimiento_operativo,team_beta,2026-08-30 17:11:23.248843,2026-08-31 12:57:57.512391,19.8,True,0,False,True,False,False
TCK-03992,mantenimiento_operativo,team_alpha,2026-06-03 06:00:43.864065,2026-06-03 22:41:07.979200,16.7,False,0,False,True,False,False
TCK-03993,retencion_clientes,team_growth,2026-05-09 13:58:34.196328,2026-05-11 05:53:09.357976,39.9,True,0,False,False,False,False
TCK-03994,retencion_clientes,team_alpha,2025-12-18 00:14:54.341135,2025-12-18 17:46:10.400357,17.5,False,0,False,False,False,False
TCK-03995,soporte_reactivo,team_alpha,2026-01-17 16:15:00.408672,2026-01-21 09:17:12.130656,89.0,True,4,False,False,False,False
TCK-03996,mantenimiento_operativo,team_alpha,2026-01-06 09:42:30.338926,2026-01-07 10:44:06.438161,25.0,False,0,False,True,False,False
TCK-03997,mantenimiento_operativo,team_gamma,2026-03-28 16:53:14.436184,2026-03-29 04:33:28.123814,11.7,False,0,False,True,False,False
TCK-03998,cumplimiento_regulatorio,team_gamma,2026-07-12 20:22:11.921597,2026-07-13 08:07:43.001632,11.8,False,0,False,False,False,False
TCK-03999,deuda_tecnica_critica,team_beta,2026-01-07 12:52:37.381733,2026-01-07 23:10:40.392753,10.3,False,0,False,False,False,False
TCK-04000,soporte_reactivo,team_gamma,2026-08-06 14:39:23.136360,2026-08-09 02:51:21.717619,60.2,False,4,False,False,False,False
TCK-04001,soporte_reactivo,team_beta,2026-01-26 08:04:29.656468,2026-01-27 11:34:17.891913,27.5,False,4,False,False,False,False
TCK-04002,cumplimiento_regulatorio,team_growth,2026-08-15 01:26:41.544914,2026-08-16 08:53:58.884838,31.5,True,0,False,False,False,False
TCK-04003,cumplimiento_regulatorio,team_growth,2026-07-05 03:36:44.660410,2026-07-05 14:44:32.155177,11.1,False,0,False,False,False,False
TCK-04004,mantenimiento_operativo,team_growth,2026-07-28 03:01:06.324571,2026-07-29 04:21:52.788927,25.3,False,0,False,True,False,False
TCK-04005,cumplimiento_regulatorio,team_gamma,2026-09-04 01:02:25.876810,2026-09-04 18:50:52.984332,17.8,False,0,False,False,False,False
TCK-04006,mantenimiento_operativo,team_alpha,2026-01-14 20:37:01.912322,2026-01-15 06:05:14.205256,9.5,False,0,True,True,False,False
TCK-04007,soporte_reactivo,team_beta,2026-07-11 20:48:59.881024,2026-07-13 20:24:37.959362,47.6,True,4,False,False,False,False
TCK-04008,retencion_clientes,team_alpha,2026-06-04 19:45:17.341576,2026-06-05 13:31:22.133084,17.8,False,0,False,False,False,False
TCK-04009,mantenimiento_operativo,team_beta,2026-05-11 22:55:05.810788,2026-05-13 06:22:37.007612,31.5,False,0,False,True,False,False
TCK-04010,deuda_tecnica_critica,team_beta,2026-07-09 12:51:58.538394,2026-07-09 21:28:53.341229,8.6,False,0,False,True,False,False
TCK-04011,retencion_clientes,team_alpha,2026-07-27 07:30:45.633682,2026-07-28 14:37:09.173853,31.1,False,0,False,False,False,False
TCK-04012,deuda_tecnica_critica,team_growth,2026-01-06 01:00:26.166484,2026-01-07 16:48:34.382186,39.8,False,0,False,False,False,False
TCK-04013,retencion_clientes,team_alpha,2026-02-10 12:27:15.302702,2026-02-11 07:10:24.982935,18.7,False,0,False,False,False,False
TCK-04014,mantenimiento_operativo,team_growth,2026-03-15 21:54:19.385643,2026-03-16 15:49:18.575074,17.9,False,0,False,True,False,False
TCK-04015,soporte_reactivo,team_beta,2026-07-17 00:46:05.704392,2026-07-18 20:12:58.505252,43.4,False,4,False,False,False,False
TCK-04016,deuda_tecnica_critica,team_growth,2026-03-02 23:40:46.220348,2026-03-04 09:36:16.556687,33.9,False,0,False,False,False,False
TCK-04017,deuda_tecnica_critica,team_beta,2026-08-04 06:41:30.657855,2026-08-08 10:53:12.031879,100.2,False,0,False,False,False,False
TCK-04018,soporte_reactivo,team_gamma,2026-05-23 12:10:48.653591,2026-05-23 20:18:09.512178,8.1,False,0,False,False,False,False
TCK-04019,soporte_reactivo,team_gamma,2026-02-12 20:54:49.438914,2026-02-13 09:30:15.260249,12.6,False,0,False,False,False,False
TCK-04020,mantenimiento_operativo,team_alpha,2026-06-22 04:11:23.245271,2026-06-22 18:21:03.954660,14.2,False,0,False,True,True,False
TCK-04021,mantenimiento_operativo,team_gamma,2026-03-15 10:16:11.738405,2026-03-16 06:36:18.974105,20.3,False,0,False,False,False,False
TCK-04022,soporte_reactivo,team_beta,2026-07-15 17:48:08.668674,2026-07-17 12:29:02.419006,42.7,False,0,False,False,False,False
TCK-04023,mantenimiento_operativo,team_alpha,2026-01-16 18:21:41.009574,2026-01-17 09:12:37.193910,14.8,True,0,False,True,False,False
TCK-04024,mantenimiento_operativo,team_gamma,2026-05-29 15:51:16.441680,2026-05-30 04:17:20.463339,12.4,False,0,True,True,False,False
TCK-04025,soporte_reactivo,team_alpha,2026-06-07 18:41:33.987550,2026-06-09 09:03:26.383378,38.4,False,4,False,False,False,False
TCK-04026,mantenimiento_operativo,team_gamma,2026-07-27 01:07:34.874786,2026-07-27 20:38:26.980922,19.5,False,0,False,True,False,False
TCK-04027,mantenimiento_operativo,team_beta,2026-02-06 08:17:24.892062,2026-02-07 12:58:17.437669,28.7,False,0,False,True,False,False
TCK-04028,mantenimiento_operativo,team_growth,2026-01-03 21:40:10.687880,2026-01-05 05:47:36.982969,32.1,False,0,False,False,False,False
TCK-04029,mantenimiento_operativo,team_beta,2026-01-27 12:33:11.925929,2026-01-27 16:33:29.870645,4.0,False,0,True,False,False,False
TCK-04030,deuda_tecnica_critica,team_beta,2026-04-06 20:38:40.672012,2026-04-12 10:33:37.375584,133.9,False,0,False,True,False,False
TCK-04031,soporte_reactivo,team_beta,2026-05-21 16:54:33.371845,2026-05-22 04:27:33.920597,11.6,False,0,False,False,False,False
TCK-04032,deuda_tecnica_critica,team_growth,2026-08-01 14:19:54.957774,2026-08-02 04:30:55.120666,14.2,False,0,False,False,False,False
TCK-04033,mantenimiento_operativo,team_gamma,2026-06-03 05:41:51.343819,2026-06-03 23:25:33.135246,17.7,False,0,True,True,False,False
TCK-04034,cumplimiento_regulatorio,team_alpha,2026-02-20 13:52:27.869892,2026-02-21 01:12:50.015562,11.3,False,0,False,False,False,False
TCK-04035,mantenimiento_operativo,team_alpha,2026-04-01 02:29:35.111064,2026-04-01 21:59:40.385290,19.5,False,0,False,True,False,False
TCK-04036,deuda_tecnica_critica,team_gamma,2026-03-07 23:22:34.934272,2026-03-08 22:42:53.618073,23.3,False,0,False,False,False,False
TCK-04037,soporte_reactivo,team_gamma,2026-08-08 20:45:35.981369,2026-08-10 02:54:44.227342,30.2,False,0,False,False,False,False
TCK-04038,cumplimiento_regulatorio,team_beta,2026-08-25 13:10:10.045837,2026-08-25 23:59:20.986937,10.8,False,0,False,False,False,False
TCK-04039,retencion_clientes,team_growth,2026-04-15 11:26:35.014795,2026-04-16 12:22:21.551687,24.9,False,0,False,False,False,False
TCK-04040,deuda_tecnica_critica,team_growth,2026-03-21 00:18:22.937077,2026-04-03 00:26:28.101369,312.1,False,0,False,False,False,False
TCK-04041,soporte_reactivo,team_beta,2026-07-06 15:13:52.984356,2026-07-07 11:44:51.341189,20.5,False,0,False,False,False,False
TCK-04042,cumplimiento_regulatorio,team_alpha,2026-02-06 04:20:39.162154,2026-02-06 17:06:10.792164,12.8,True,0,False,False,False,False
TCK-04043,deuda_tecnica_critica,team_alpha,2026-01-26 13:13:36.718300,2026-02-01 02:59:21.994340,133.8,False,0,False,False,False,False
TCK-04044,mantenimiento_operativo,team_beta,2026-05-15 11:12:31.168427,2026-05-15 18:49:23.881904,7.6,False,0,False,False,False,False
TCK-04045,soporte_reactivo,team_alpha,2026-01-11 03:59:52.686129,2026-01-12 06:09:07.790841,26.2,False,0,False,False,False,False
TCK-04046,deuda_tecnica_critica,team_growth,2026-07-27 13:21:32.094740,2026-08-04 19:11:20.388786,197.8,False,0,False,False,False,False
TCK-04047,cumplimiento_regulatorio,team_alpha,2026-08-04 12:50:54.886938,2026-08-05 06:58:27.997663,18.1,False,0,False,False,False,False
TCK-04048,soporte_reactivo,team_growth,2026-01-16 00:59:05.719436,2026-01-18 12:37:12.275292,59.6,False,0,False,False,False,False
TCK-04049,deuda_tecnica_critica,team_beta,2026-04-07 11:44:47.395140,2026-04-19 09:31:18.298541,285.8,False,0,False,True,False,False
TCK-04050,mantenimiento_operativo,team_beta,2026-04-16 03:38:29.696694,2026-04-16 13:21:44.370694,9.7,False,0,False,True,False,False
TCK-04051,mantenimiento_operativo,team_beta,2026-02-16 10:58:45.183202,2026-02-16 23:45:21.931170,12.8,False,0,True,True,False,False
TCK-04052,cumplimiento_regulatorio,team_growth,2026-06-05 11:47:26.985955,2026-06-06 11:29:26.258001,23.7,False,0,False,False,False,False
TCK-04053,deuda_tecnica_critica,team_growth,2026-06-09 03:34:20.196511,2026-06-09 23:58:23.408193,20.4,False,0,False,False,False,False
TCK-04054,soporte_reactivo,team_gamma,2026-07-08 07:11:41.875686,2026-07-08 21:00:05.994589,13.8,False,0,False,False,False,False
TCK-04055,cumplimiento_regulatorio,team_growth,2026-05-29 14:01:56.805120,2026-06-01 07:23:09.705139,65.4,False,0,False,False,False,False
TCK-04056,soporte_reactivo,team_alpha,2026-01-29 04:34:08.555132,2026-01-31 05:41:56.647502,49.1,False,4,False,False,False,False
TCK-04057,cumplimiento_regulatorio,team_alpha,2026-06-01 19:04:39.278289,2026-06-02 09:04:27.262423,14.0,False,0,False,False,False,False
TCK-04058,mantenimiento_operativo,team_gamma,2026-01-10 12:56:19.865229,2026-01-11 02:33:26.811661,13.6,False,0,False,True,False,False
TCK-04059,retencion_clientes,team_alpha,2026-06-12 06:15:35.935401,2026-06-13 07:31:49.158660,25.3,False,0,False,False,False,False
TCK-04060,cumplimiento_regulatorio,team_alpha,2026-02-06 20:53:56.319612,2026-02-07 11:52:06.730796,15.0,False,0,False,False,False,False
TCK-04061,deuda_tecnica_critica,team_gamma,2026-06-20 11:46:45.827718,2026-06-21 17:04:53.498562,29.3,False,0,False,True,True,False
TCK-04062,mantenimiento_operativo,team_gamma,2026-04-28 00:37:39.167673,2026-04-28 10:37:57.235549,10.0,False,0,True,True,False,False
TCK-04063,mantenimiento_operativo,team_gamma,2026-06-05 21:52:03.161749,2026-06-06 15:27:06.306133,17.6,False,0,False,True,False,False
TCK-04064,deuda_tecnica_critica,team_beta,2026-07-06 06:50:32.597152,2026-07-06 17:00:54.389005,10.2,False,0,False,True,False,False
TCK-04065,soporte_reactivo,team_gamma,2025-12-21 21:45:57.267960,2025-12-24 05:58:27.266273,56.2,False,4,False,False,False,False
TCK-04066,retencion_clientes,team_growth,2026-09-06 23:09:48.184018,2026-09-08 17:35:39.979943,42.4,False,0,False,False,False,False
TCK-04067,deuda_tecnica_critica,team_growth,2026-09-04 14:15:40.032335,2026-09-05 21:14:20.169964,31.0,False,0,False,False,False,False
TCK-04068,cumplimiento_regulatorio,team_growth,2026-02-08 23:12:36.235871,2026-02-09 20:31:47.151501,21.3,False,0,False,False,False,False
TCK-04069,cumplimiento_regulatorio,team_growth,2026-01-25 17:52:33.683909,2026-01-26 19:57:48.001551,26.1,False,0,False,False,False,False
TCK-04070,retencion_clientes,team_gamma,2026-09-03 23:13:49.058649,2026-09-05 05:27:34.894062,30.2,False,0,False,False,False,False
TCK-04071,soporte_reactivo,team_gamma,2026-08-19 18:16:14.772644,2026-08-20 09:09:24.023647,14.9,False,0,False,False,False,False
TCK-04072,cumplimiento_regulatorio,team_alpha,2026-01-12 22:27:03.792335,2026-01-13 03:39:49.188203,5.2,False,0,False,False,False,False
TCK-04073,retencion_clientes,team_growth,2026-01-05 22:41:24.782257,2026-01-06 12:59:00.221199,14.3,False,0,False,False,False,False
TCK-04074,mantenimiento_operativo,team_growth,2026-01-28 10:10:35.400039,2026-01-30 04:58:41.365108,42.8,False,0,False,True,False,False
TCK-04075,soporte_reactivo,team_growth,2026-01-06 19:34:10.252523,2026-01-08 08:32:58.184227,37.0,False,0,False,False,False,False
TCK-04076,soporte_reactivo,team_beta,2026-01-23 11:23:06.838042,2026-01-24 07:25:32.123822,20.0,False,0,False,False,False,False
TCK-04077,soporte_reactivo,team_gamma,2026-03-31 10:04:15.502032,2026-03-31 21:09:38.809658,11.1,False,0,False,False,False,False
TCK-04078,mantenimiento_operativo,team_growth,2026-01-28 13:06:01.390872,2026-01-29 03:47:09.256462,14.7,False,0,False,True,False,False
TCK-04079,soporte_reactivo,team_alpha,2026-07-30 18:09:22.200412,2026-07-31 05:22:59.547440,11.2,False,0,False,False,False,False
TCK-04080,retencion_clientes,team_growth,2026-01-19 00:27:05.055847,2026-01-20 05:01:50.039715,28.6,False,0,False,False,False,False
TCK-04081,cumplimiento_regulatorio,team_growth,2026-08-24 20:37:49.425799,2026-08-25 18:41:27.992435,22.1,False,0,False,False,False,False
TCK-04082,mantenimiento_operativo,team_gamma,2026-08-25 12:21:12.077255,2026-08-26 10:20:19.245287,22.0,False,0,False,True,False,False
TCK-04083,deuda_tecnica_critica,team_growth,2026-06-22 14:37:34.929205,2026-06-23 19:54:52.805711,29.3,False,0,False,True,True,False
TCK-04084,retencion_clientes,team_alpha,2026-04-20 00:58:57.332827,2026-04-20 16:07:57.988398,15.2,False,0,False,False,False,False
TCK-04085,soporte_reactivo,team_growth,2025-12-17 12:04:20.375782,2025-12-21 19:53:27.397707,103.8,False,4,False,False,False,False
TCK-04086,mantenimiento_operativo,team_beta,2026-03-07 10:34:50.894196,2026-03-08 09:46:02.841159,23.2,False,0,False,True,False,False
TCK-04087,soporte_reactivo,team_beta,2026-07-08 10:48:17.905019,2026-07-08 19:34:20.579807,8.8,False,0,False,False,False,False
TCK-04088,soporte_reactivo,team_alpha,2026-07-17 19:45:05.895900,2026-07-19 00:51:24.152727,29.1,False,4,False,False,False,False
TCK-04089,deuda_tecnica_critica,team_growth,2026-02-19 04:43:52.049161,2026-03-04 04:38:56.897082,311.9,False,0,False,False,False,False
TCK-04090,mantenimiento_operativo,team_beta,2026-07-15 10:31:54.271514,2026-07-16 05:20:49.495669,18.8,False,0,False,False,False,False
TCK-04091,cumplimiento_regulatorio,team_alpha,2026-03-18 18:02:56.410288,2026-03-19 04:26:01.711580,10.4,False,0,False,False,False,False
TCK-04092,deuda_tecnica_critica,team_growth,2026-03-21 18:01:19.511788,2026-03-30 17:10:07.628582,215.1,False,0,False,False,False,False
TCK-04093,soporte_reactivo,team_gamma,2026-08-14 04:20:26.998399,2026-08-16 03:51:35.547965,47.5,False,4,False,False,False,False
TCK-04094,mantenimiento_operativo,team_growth,2026-08-28 06:13:20.165240,2026-08-30 10:37:18.151886,52.4,False,0,False,False,False,False
TCK-04095,deuda_tecnica_critica,team_gamma,2026-04-28 05:45:37.880290,2026-05-05 10:29:40.180977,172.7,False,0,False,True,False,False
TCK-04096,soporte_reactivo,team_gamma,2026-01-16 11:20:15.179727,2026-01-17 03:27:14.855902,16.1,False,0,False,False,False,False
TCK-04097,mantenimiento_operativo,team_alpha,2026-07-11 01:20:37.022243,2026-07-11 14:32:37.866173,13.2,True,0,False,True,False,False
TCK-04098,deuda_tecnica_critica,team_beta,2026-08-30 21:17:32.431372,,,False,0,False,True,False,False
TCK-04099,soporte_reactivo,team_gamma,2026-04-18 14:52:28.549504,2026-04-18 21:50:24.546597,7.0,False,0,False,False,False,False
TCK-04100,deuda_tecnica_critica,team_growth,2026-08-20 13:53:15.105208,2026-08-21 05:31:13.586837,15.6,False,0,False,True,False,False
TCK-04101,retencion_clientes,team_gamma,2026-03-08 15:31:18.456343,2026-03-08 23:58:39.126043,8.5,False,0,False,False,False,False
TCK-04102,soporte_reactivo,team_gamma,2026-03-27 12:37:55.881492,2026-03-28 01:12:24.973921,12.6,False,0,False,False,False,False
TCK-04103,retencion_clientes,team_growth,2026-01-27 23:04:16.160703,2026-01-28 20:38:21.728142,21.6,False,0,False,False,False,False
TCK-04104,soporte_reactivo,team_alpha,2026-01-21 08:45:34.388252,2026-01-22 09:10:40.411745,24.4,False,0,False,False,False,False
TCK-04105,retencion_clientes,team_alpha,2026-02-21 04:38:06.729502,2026-02-21 13:29:44.893904,8.9,False,0,False,False,False,False
TCK-04106,soporte_reactivo,team_alpha,2026-04-27 08:01:10.240600,2026-04-27 18:06:00.906767,10.1,False,0,False,False,False,False
TCK-04107,deuda_tecnica_critica,team_gamma,2026-02-12 10:07:04.916832,2026-02-21 17:03:53.041216,222.9,False,0,False,False,False,False
TCK-04108,mantenimiento_operativo,team_gamma,2026-01-07 14:44:19.862498,2026-01-08 11:38:38.148270,20.9,False,0,False,True,False,False
TCK-04109,soporte_reactivo,team_alpha,2026-03-10 08:02:52.547577,2026-03-12 14:41:13.390475,54.6,False,4,False,False,False,False
TCK-04110,deuda_tecnica_critica,team_alpha,2026-07-30 01:08:36.460273,2026-07-30 09:46:53.006853,8.6,False,0,False,False,False,False
TCK-04111,cumplimiento_regulatorio,team_beta,2026-01-23 20:53:17.643125,2026-01-25 02:11:06.007549,29.3,False,0,False,False,False,False
TCK-04112,soporte_reactivo,team_beta,2026-06-04 10:33:06.000410,2026-06-05 20:35:36.149658,34.0,False,4,False,False,False,False
TCK-04113,deuda_tecnica_critica,team_growth,2026-06-27 16:58:59.385147,2026-06-28 07:55:07.587119,14.9,False,0,False,False,False,False
TCK-04114,retencion_clientes,team_alpha,2026-05-09 10:22:51.295086,2026-05-10 00:07:41.605417,13.7,False,0,False,False,False,False
TCK-04115,cumplimiento_regulatorio,team_alpha,2026-02-21 13:10:53.925503,2026-02-21 21:27:40.287929,8.3,False,0,False,False,False,False
TCK-04116,soporte_reactivo,team_beta,2026-07-12 15:07:32.741571,2026-07-12 22:15:00.453061,7.1,False,0,False,False,False,False
TCK-04117,soporte_reactivo,team_alpha,2026-01-22 02:02:25.858922,2026-01-22 15:50:51.566554,13.8,False,0,False,False,False,False
TCK-04118,cumplimiento_regulatorio,team_alpha,2025-12-24 02:02:10.663852,2025-12-24 17:27:57.717580,15.4,False,0,False,False,False,False
TCK-04119,mantenimiento_operativo,team_gamma,2026-08-09 13:44:24.710008,2026-08-09 19:52:20.527765,6.1,False,0,True,True,False,False
TCK-04120,cumplimiento_regulatorio,team_alpha,2026-08-03 19:33:57.291419,2026-08-04 06:08:15.942771,10.6,False,0,False,False,False,False
TCK-04121,mantenimiento_operativo,team_growth,2026-04-27 02:29:31.729011,2026-04-29 05:54:13.491338,51.4,True,0,False,True,False,False
TCK-04122,deuda_tecnica_critica,team_growth,2026-01-20 19:04:01.098719,2026-01-21 11:15:58.767147,16.2,False,0,False,False,False,False
TCK-04123,soporte_reactivo,team_beta,2026-02-24 02:47:12.589991,2026-02-24 15:43:25.827606,12.9,False,0,False,False,False,False
TCK-04124,mantenimiento_operativo,team_beta,2026-02-24 09:45:07.437507,2026-02-25 12:01:24.386722,26.3,False,0,False,True,False,False
TCK-04125,deuda_tecnica_critica,team_gamma,2025-12-27 04:04:45.769188,2026-01-01 16:54:02.470908,132.8,False,0,False,False,False,False
TCK-04126,cumplimiento_regulatorio,team_alpha,2026-02-25 19:23:38.715104,2026-02-26 05:06:46.141757,9.7,False,0,False,False,False,False
TCK-04127,deuda_tecnica_critica,team_growth,2026-07-16 10:20:41.109314,2026-08-05 02:05:48.172926,471.8,False,0,False,False,False,False
TCK-04128,soporte_reactivo,team_gamma,2026-04-15 17:21:23.110019,2026-04-16 10:34:53.254264,17.2,False,0,False,False,False,False
TCK-04129,mantenimiento_operativo,team_gamma,2026-07-12 01:46:57.476119,2026-07-12 14:42:14.493803,12.9,False,0,False,True,False,False
TCK-04130,retencion_clientes,team_gamma,2025-12-28 10:41:52.229942,2025-12-29 00:07:15.510635,13.4,False,0,False,False,False,False
TCK-04131,cumplimiento_regulatorio,team_growth,2026-04-09 01:41:58.767027,2026-04-10 16:46:04.699834,39.1,False,0,False,False,False,False
TCK-04132,mantenimiento_operativo,team_beta,2026-02-16 07:18:45.151298,2026-02-16 23:18:40.972456,16.0,False,0,False,True,False,False
TCK-04133,soporte_reactivo,team_beta,2026-09-01 15:56:39.940165,2026-09-02 04:03:46.762627,12.1,False,0,False,False,False,False
TCK-04134,cumplimiento_regulatorio,team_growth,2026-04-16 06:41:22.768865,2026-04-17 15:35:34.679953,32.9,False,0,False,False,False,False
TCK-04135,mantenimiento_operativo,team_alpha,2026-01-05 13:16:10.323673,2026-01-06 14:43:38.237700,25.5,False,0,False,True,False,False
TCK-04136,retencion_clientes,team_gamma,2026-01-17 04:57:50.203034,2026-01-18 01:38:09.861330,20.7,False,0,False,False,False,False
TCK-04137,cumplimiento_regulatorio,team_growth,2026-02-06 03:08:46.521495,2026-02-07 07:05:35.565037,27.9,False,0,False,False,False,False
TCK-04138,deuda_tecnica_critica,team_growth,2026-07-19 00:40:45.764487,2026-07-31 17:50:44.565874,305.2,True,0,False,True,False,False
TCK-04139,soporte_reactivo,team_gamma,2026-03-09 09:07:51.797337,2026-03-09 19:16:32.725587,10.1,False,0,False,False,False,False
TCK-04140,soporte_reactivo,team_gamma,2026-08-28 12:24:44.648954,2026-08-29 01:52:09.423795,13.5,False,0,False,False,False,False
TCK-04141,deuda_tecnica_critica,team_beta,2026-04-25 19:44:13.249275,2026-05-02 17:19:59.259530,165.6,False,0,False,True,False,False
TCK-04142,deuda_tecnica_critica,team_gamma,2026-03-19 07:28:19.473481,2026-03-19 18:36:58.075230,11.1,False,0,False,True,False,False
TCK-04143,deuda_tecnica_critica,team_alpha,2026-01-03 14:33:40.120826,2026-01-14 11:00:05.948641,260.4,False,0,False,True,False,False
TCK-04144,mantenimiento_operativo,team_alpha,2026-01-11 12:20:15.481729,2026-01-12 01:08:17.917855,12.8,False,0,True,True,False,False
TCK-04145,retencion_clientes,team_growth,2026-07-28 06:35:19.358785,2026-07-29 21:18:38.290153,38.7,False,0,False,False,False,False
TCK-04146,mantenimiento_operativo,team_gamma,2026-07-31 15:18:25.188856,2026-08-01 13:32:26.336462,22.2,False,0,True,True,False,False
TCK-04147,soporte_reactivo,team_gamma,2025-12-17 05:23:35.698393,2025-12-18 04:54:44.325818,23.5,False,0,False,False,False,False
TCK-04148,mantenimiento_operativo,team_alpha,2026-02-15 12:42:34.464143,2026-02-16 07:18:01.234001,18.6,False,0,False,True,False,False
TCK-04149,retencion_clientes,team_growth,2026-07-11 15:35:18.975273,2026-07-13 20:18:09.658220,52.7,False,0,False,False,False,False
TCK-04150,mantenimiento_operativo,team_growth,2026-05-20 10:28:35.915798,2026-05-20 20:05:12.778538,9.6,False,0,False,True,False,False
TCK-04151,soporte_reactivo,team_gamma,2026-02-08 23:21:24.297826,2026-02-09 19:01:35.722588,19.7,False,0,False,False,False,False
TCK-04152,cumplimiento_regulatorio,team_gamma,2026-05-21 00:53:59.877885,2026-05-21 13:56:29.804312,13.0,False,0,False,False,False,False
TCK-04153,cumplimiento_regulatorio,team_growth,2026-08-07 05:36:32.308216,2026-08-08 14:51:14.014800,33.2,False,0,False,False,False,False
TCK-04154,retencion_clientes,team_alpha,2026-06-20 04:39:16.967588,2026-06-20 20:09:47.432242,15.5,False,0,False,False,False,False
TCK-04155,retencion_clientes,team_beta,2026-08-18 06:58:00.924164,2026-08-18 16:55:50.458175,10.0,False,0,False,False,False,False
TCK-04156,soporte_reactivo,team_gamma,2026-07-29 20:57:27.180752,2026-07-30 14:10:17.912354,17.2,False,0,False,False,False,False
TCK-04157,cumplimiento_regulatorio,team_growth,2026-03-11 17:26:10.350095,2026-03-12 19:55:52.231925,26.5,False,0,False,False,False,False
TCK-04158,mantenimiento_operativo,team_alpha,2026-09-06 02:43:48.144765,2026-09-06 16:20:05.681209,13.6,False,0,False,True,False,False
TCK-04159,soporte_reactivo,team_alpha,2026-05-31 15:18:51.313223,2026-06-01 09:03:38.854831,17.7,False,0,False,False,False,False
TCK-04160,retencion_clientes,team_gamma,2026-02-11 05:06:20.910480,2026-02-11 17:01:08.186813,11.9,False,0,False,False,False,False
TCK-04161,retencion_clientes,team_beta,2026-08-08 01:13:49.166652,2026-08-08 12:44:44.007195,11.5,False,0,False,False,False,False
TCK-04162,soporte_reactivo,team_beta,2026-07-31 12:16:16.560518,2026-08-01 07:49:37.124736,19.6,False,0,False,False,False,False
TCK-04163,cumplimiento_regulatorio,team_gamma,2026-04-06 16:03:08.989674,2026-04-07 00:59:09.024818,8.9,False,0,False,False,False,False
TCK-04164,mantenimiento_operativo,team_gamma,2026-03-11 09:51:43.184960,2026-03-11 18:27:03.255737,8.6,False,0,True,True,False,False
TCK-04165,retencion_clientes,team_alpha,2026-05-19 15:20:04.013996,2026-05-20 10:23:53.321773,19.1,False,0,False,False,False,False
TCK-04166,deuda_tecnica_critica,team_gamma,2026-01-11 12:52:10.675670,2026-01-12 19:07:04.354339,30.2,False,0,False,False,False,False
TCK-04167,mantenimiento_operativo,team_alpha,2026-02-08 03:31:23.435853,2026-02-08 10:15:32.608653,6.7,False,0,False,False,False,False
TCK-04168,retencion_clientes,team_growth,2026-07-07 07:22:42.694045,2026-07-08 20:55:18.147697,37.5,False,0,False,False,False,False
TCK-04169,soporte_reactivo,team_beta,2026-01-31 17:19:14.836781,2026-02-01 04:23:20.943578,11.1,False,0,False,False,False,False
TCK-04170,soporte_reactivo,team_beta,2026-03-28 21:39:16.099358,2026-03-29 14:06:09.557481,16.4,False,0,False,False,False,False
TCK-04171,mantenimiento_operativo,team_alpha,2026-03-16 02:09:18.802077,2026-03-16 14:47:48.592341,12.6,False,0,True,True,False,False
TCK-04172,deuda_tecnica_critica,team_growth,2026-05-19 22:39:26.400579,2026-05-21 02:08:29.610851,27.5,True,0,False,False,False,False
TCK-04173,deuda_tecnica_critica,team_growth,2026-09-05 01:02:03.797384,2026-09-06 13:07:34.179693,36.1,False,0,False,False,False,False
TCK-04174,mantenimiento_operativo,team_gamma,2026-07-21 03:51:08.553843,2026-07-22 20:32:28.873703,40.7,False,0,False,False,False,False
TCK-04175,soporte_reactivo,team_alpha,2026-03-22 09:08:37.234782,2026-03-22 22:05:27.098784,12.9,False,0,False,False,False,False
TCK-04176,soporte_reactivo,team_beta,2026-04-20 20:32:48.488482,2026-04-21 07:02:16.908271,10.5,False,0,False,False,False,False
TCK-04177,soporte_reactivo,team_gamma,2026-01-08 22:21:54.238695,2026-01-09 07:20:59.788086,9.0,False,0,False,False,False,False
TCK-04178,cumplimiento_regulatorio,team_gamma,2026-02-09 03:53:57.206708,2026-02-09 14:58:04.137116,11.1,True,0,False,False,False,False
TCK-04179,mantenimiento_operativo,team_gamma,2026-01-02 23:16:09.277402,2026-01-03 09:58:35.831948,10.7,False,0,False,True,False,False
TCK-04180,mantenimiento_operativo,team_gamma,2026-05-26 23:29:06.627868,2026-05-27 10:51:39.993492,11.4,False,0,True,True,False,False
TCK-04181,mantenimiento_operativo,team_alpha,2025-12-28 09:34:39.049792,2025-12-29 10:42:34.087352,25.1,False,0,False,True,False,False
TCK-04182,mantenimiento_operativo,team_alpha,2026-07-01 20:11:14.167559,2026-07-02 07:22:26.007894,11.2,False,0,False,True,False,False
TCK-04183,deuda_tecnica_critica,team_growth,2026-01-28 04:26:34.725474,2026-01-29 08:39:27.144048,28.2,False,0,False,False,False,False
TCK-04184,mantenimiento_operativo,team_beta,2026-02-25 02:44:44.916116,2026-02-26 00:49:20.682558,22.1,True,0,False,True,False,False
TCK-04185,soporte_reactivo,team_gamma,2025-12-23 07:25:30.592019,2025-12-24 21:05:30.380380,37.7,False,0,False,False,False,False
TCK-04186,cumplimiento_regulatorio,team_growth,2026-07-03 12:20:24.975257,2026-07-04 13:20:33.828989,25.0,False,0,False,False,False,False
TCK-04187,mantenimiento_operativo,team_alpha,2026-07-11 23:04:14.980802,2026-07-12 11:17:16.256538,12.2,False,0,False,True,False,False
TCK-04188,retencion_clientes,team_growth,2026-05-26 08:01:58.058627,2026-05-27 05:33:02.780377,21.5,False,0,False,False,False,False
TCK-04189,retencion_clientes,team_growth,2026-02-16 20:16:05.702373,2026-02-17 09:38:55.741408,13.4,False,0,False,False,False,False
TCK-04190,deuda_tecnica_critica,team_growth,2026-02-16 19:51:30.683448,2026-02-25 15:37:35.687107,211.8,False,0,False,True,False,False
TCK-04191,soporte_reactivo,team_gamma,2026-02-14 13:45:32.113279,2026-02-15 00:39:04.066985,10.9,False,0,False,False,False,False
TCK-04192,deuda_tecnica_critica,team_gamma,2026-01-03 04:04:20.046541,2026-01-03 14:23:04.249833,10.3,False,0,False,True,False,False
TCK-04193,soporte_reactivo,team_gamma,2026-04-04 14:55:36.266869,2026-04-05 23:43:24.904693,32.8,False,0,False,False,False,False
TCK-04194,deuda_tecnica_critica,team_alpha,2026-08-28 14:49:04.100814,2026-09-04 07:03:40.218525,160.2,False,0,False,False,False,False
TCK-04195,retencion_clientes,team_growth,2026-04-01 14:58:26.450636,2026-04-03 19:23:47.383456,52.4,False,0,False,False,False,False
TCK-04196,soporte_reactivo,team_beta,2026-08-06 22:24:08.751958,2026-08-09 00:52:21.272046,50.5,False,4,False,False,False,False
TCK-04197,deuda_tecnica_critica,team_beta,2026-02-12 23:52:18.991246,2026-02-13 23:51:34.877016,24.0,False,0,False,True,False,False
TCK-04198,soporte_reactivo,team_beta,2026-06-17 18:36:01.625607,2026-06-20 14:37:57.552104,68.0,False,4,False,False,False,False
TCK-04199,deuda_tecnica_critica,team_alpha,2026-02-25 18:01:11.367368,2026-02-26 23:29:34.428011,29.5,False,0,False,True,False,False
TCK-04200,cumplimiento_regulatorio,team_beta,2026-04-04 22:18:02.272153,2026-04-05 09:45:43.457332,11.5,False,0,False,False,False,False
TCK-04201,mantenimiento_operativo,team_growth,2026-06-15 16:35:21.227803,2026-06-17 18:20:46.568334,49.8,False,0,False,True,True,False
TCK-04202,retencion_clientes,team_growth,2026-03-28 18:30:31.714162,2026-03-29 14:56:58.849726,20.4,False,0,False,False,False,False
TCK-04203,deuda_tecnica_critica,team_growth,2026-06-29 14:05:11.527403,2026-07-08 21:06:07.465328,223.0,False,0,False,True,False,False
TCK-04204,cumplimiento_regulatorio,team_gamma,2026-03-01 09:37:05.359159,2026-03-01 20:58:26.502012,11.4,False,0,False,False,False,False
TCK-04205,deuda_tecnica_critica,team_alpha,2025-12-27 09:40:48.436044,2026-01-02 23:22:53.237473,157.7,False,0,False,True,False,False
TCK-04206,deuda_tecnica_critica,team_growth,2026-04-02 10:15:46.162737,2026-04-03 00:12:09.151639,13.9,False,0,False,True,False,False
TCK-04207,deuda_tecnica_critica,team_gamma,2026-04-15 02:25:12.326350,2026-04-24 23:58:38.220771,237.6,False,0,False,True,False,False
TCK-04208,mantenimiento_operativo,team_beta,2026-07-02 17:04:45.585477,2026-07-04 00:26:01.763702,31.4,False,0,False,True,False,False
TCK-04209,deuda_tecnica_critica,team_beta,2026-05-31 02:04:07.179738,2026-05-31 15:22:39.624421,13.3,False,0,False,False,False,False
TCK-04210,soporte_reactivo,team_alpha,2026-02-06 13:55:48.613359,2026-02-09 14:42:52.155066,72.8,False,4,False,False,False,False
TCK-04211,cumplimiento_regulatorio,team_growth,2026-05-11 11:14:04.969237,2026-05-12 21:54:25.382469,34.7,False,0,False,False,False,False
TCK-04212,soporte_reactivo,team_gamma,2026-05-22 13:28:32.757922,2026-05-24 09:34:35.537687,44.1,False,4,False,False,False,False
TCK-04213,cumplimiento_regulatorio,team_growth,2026-06-13 11:57:55.432552,2026-06-15 12:22:59.593453,48.4,True,0,False,False,False,False
TCK-04214,soporte_reactivo,team_alpha,2026-07-05 13:31:16.448910,2026-07-07 21:54:05.932747,56.4,False,4,False,False,False,False
TCK-04215,cumplimiento_regulatorio,team_alpha,2026-05-16 19:28:57.773992,2026-05-17 08:45:00.440683,13.3,False,0,False,False,False,False
TCK-04216,mantenimiento_operativo,team_beta,2026-08-08 09:16:43.985558,2026-08-08 14:03:38.088155,4.8,False,0,True,True,False,False
TCK-04217,deuda_tecnica_critica,team_growth,2026-08-28 04:32:37.744303,,,False,0,False,True,False,False
TCK-04218,mantenimiento_operativo,team_gamma,2026-06-10 12:41:20.761584,2026-06-11 02:16:28.311322,13.6,False,0,False,True,False,False
TCK-04219,soporte_reactivo,team_gamma,2026-03-12 20:17:01.347054,2026-03-13 23:18:28.098731,27.0,False,0,False,False,False,False
TCK-04220,retencion_clientes,team_alpha,2026-04-04 09:17:51.484326,2026-04-05 09:53:45.611327,24.6,False,0,False,False,False,False
TCK-04221,retencion_clientes,team_alpha,2026-07-10 00:40:43.229939,2026-07-10 11:30:45.719315,10.8,False,0,False,False,False,False
TCK-04222,deuda_tecnica_critica,team_alpha,2026-01-06 21:32:16.363288,2026-01-07 17:19:49.965444,19.8,False,0,False,False,False,False
TCK-04223,retencion_clientes,team_gamma,2026-05-22 06:25:18.477375,2026-05-23 04:09:09.805787,21.7,False,0,False,False,False,False
TCK-04224,retencion_clientes,team_beta,2026-03-15 13:45:17.378332,2026-03-16 11:41:51.989450,21.9,False,0,False,False,False,False
TCK-04225,retencion_clientes,team_growth,2026-04-18 02:43:14.202582,2026-04-18 21:39:50.618383,18.9,False,0,False,False,False,False
TCK-04226,cumplimiento_regulatorio,team_beta,2026-05-06 07:09:10.681219,2026-05-06 19:02:43.185779,11.9,False,0,False,False,False,False
TCK-04227,mantenimiento_operativo,team_gamma,2026-09-05 02:08:30.383892,2026-09-06 06:39:51.315099,28.5,False,0,False,True,False,False
TCK-04228,mantenimiento_operativo,team_beta,2026-08-08 03:42:12.578514,2026-08-08 21:32:36.258260,17.8,False,0,False,True,False,False
TCK-04229,soporte_reactivo,team_gamma,2026-03-13 04:49:51.149987,2026-03-13 19:08:23.280282,14.3,False,0,False,False,False,False
TCK-04230,soporte_reactivo,team_beta,2026-03-21 16:42:13.718437,2026-03-22 14:39:34.196470,22.0,True,0,False,False,False,False
TCK-04231,mantenimiento_operativo,team_alpha,2026-07-31 23:45:19.909759,2026-08-01 12:36:35.467724,12.9,False,0,False,True,False,False
TCK-04232,cumplimiento_regulatorio,team_gamma,2026-03-08 17:44:09.083082,2026-03-09 02:28:06.369196,8.7,False,0,False,False,False,False
TCK-04233,mantenimiento_operativo,team_alpha,2026-05-17 12:14:01.392143,2026-05-18 08:38:43.534125,20.4,False,0,False,True,False,False
TCK-04234,mantenimiento_operativo,team_gamma,2026-04-17 14:16:27.709103,2026-04-18 12:49:51.848591,22.6,False,0,False,True,False,False
TCK-04235,deuda_tecnica_critica,team_growth,2026-08-30 01:00:28.069133,2026-09-16 09:23:51.712182,416.4,False,0,False,False,False,False
TCK-04236,cumplimiento_regulatorio,team_alpha,2026-04-07 14:19:16.718298,2026-04-08 03:08:26.901136,12.8,False,0,False,False,False,False
TCK-04237,cumplimiento_regulatorio,team_gamma,2026-05-18 00:07:14.679499,2026-05-18 07:26:25.180989,7.3,False,0,False,False,False,False
TCK-04238,retencion_clientes,team_gamma,2026-01-08 18:55:38.801215,2026-01-09 10:44:47.078760,15.8,False,0,False,False,False,False
TCK-04239,mantenimiento_operativo,team_gamma,2026-04-06 13:36:47.181377,2026-04-06 20:11:52.232084,6.6,False,0,False,True,False,False
TCK-04240,deuda_tecnica_critica,team_alpha,2026-05-04 21:19:41.294757,2026-05-13 15:31:40.299246,210.2,False,0,False,False,False,False
TCK-04241,mantenimiento_operativo,team_gamma,2026-01-06 02:13:56.979204,2026-01-07 00:22:46.380090,22.1,False,0,False,True,False,False
TCK-04242,deuda_tecnica_critica,team_growth,2026-06-17 13:01:16.483595,2026-06-18 14:38:24.470371,25.6,False,0,False,False,False,False
TCK-04243,retencion_clientes,team_growth,2026-01-20 00:45:36.894068,2026-01-21 09:56:28.416929,33.2,False,0,False,False,False,False
TCK-04244,soporte_reactivo,team_gamma,2026-02-19 21:41:16.259896,2026-02-20 10:15:47.117178,12.6,False,0,False,False,False,False
TCK-04245,cumplimiento_regulatorio,team_alpha,2026-03-14 13:47:18.547242,2026-03-15 03:07:16.866595,13.3,False,0,False,False,False,False
TCK-04246,deuda_tecnica_critica,team_alpha,2025-12-31 07:06:30.492232,2025-12-31 22:47:37.775237,15.7,False,0,False,True,False,False
TCK-04247,soporte_reactivo,team_alpha,2026-07-07 23:47:05.495569,2026-07-10 15:29:36.022885,63.7,False,4,False,False,False,False
TCK-04248,deuda_tecnica_critica,team_growth,2026-04-04 07:16:01.841248,2026-04-19 20:25:27.531231,373.2,False,0,False,True,False,False
TCK-04249,soporte_reactivo,team_growth,2026-06-12 08:28:18.958406,2026-06-13 09:39:39.776323,25.2,True,0,False,False,False,False
TCK-04250,cumplimiento_regulatorio,team_alpha,2026-03-15 21:41:37.860351,2026-03-16 06:59:52.567461,9.3,False,0,False,False,False,False
TCK-04251,mantenimiento_operativo,team_alpha,2026-04-12 11:30:31.364184,2026-04-13 02:08:57.757202,14.6,False,0,False,False,False,False
TCK-04252,cumplimiento_regulatorio,team_gamma,2026-01-06 18:12:16.039900,2026-01-07 06:07:56.055275,11.9,False,0,False,False,False,False
TCK-04253,mantenimiento_operativo,team_beta,2026-07-06 21:44:15.287878,2026-07-07 09:08:40.178922,11.4,False,0,False,True,False,False
TCK-04254,cumplimiento_regulatorio,team_gamma,2026-08-19 00:38:56.440795,2026-08-19 20:03:19.802914,19.4,True,0,False,False,False,False
TCK-04255,mantenimiento_operativo,team_alpha,2026-07-10 03:58:20.023747,2026-07-10 23:18:25.009922,19.3,True,0,False,False,False,False
TCK-04256,mantenimiento_operativo,team_gamma,2026-05-24 17:19:56.892577,2026-05-25 14:35:09.911526,21.3,False,0,False,True,False,False
TCK-04257,retencion_clientes,team_alpha,2026-06-18 13:43:31.981690,2026-06-18 21:27:31.891753,7.7,False,0,False,False,False,False
TCK-04258,cumplimiento_regulatorio,team_alpha,2026-01-16 16:07:49.700434,2026-01-17 15:46:50.149931,23.7,False,0,False,False,False,False
TCK-04259,retencion_clientes,team_growth,2026-09-01 21:20:24.476359,2026-09-02 20:45:11.490118,23.4,False,0,False,False,False,False
TCK-04260,mantenimiento_operativo,team_gamma,2025-12-22 17:27:10.914466,2025-12-23 09:51:29.675071,16.4,True,0,False,False,False,False
TCK-04261,retencion_clientes,team_gamma,2026-08-10 19:25:15.812085,2026-08-11 11:03:36.116373,15.6,False,0,False,False,False,False
TCK-04262,mantenimiento_operativo,team_gamma,2026-02-01 18:38:03.741501,2026-02-02 14:42:36.233106,20.1,False,0,False,True,False,False
TCK-04263,retencion_clientes,team_growth,2026-08-29 12:43:31.134213,2026-08-30 16:14:45.645650,27.5,False,0,False,False,False,False
TCK-04264,cumplimiento_regulatorio,team_beta,2026-01-22 16:21:45.955940,2026-01-23 03:31:35.367235,11.2,False,0,False,False,False,False
TCK-04265,deuda_tecnica_critica,team_gamma,2026-03-29 04:28:28.396760,2026-03-29 21:24:24.656615,16.9,False,0,False,False,False,False
TCK-04266,cumplimiento_regulatorio,team_alpha,2026-03-21 12:15:09.397736,2026-03-22 06:54:51.910745,18.7,False,0,False,False,False,False
TCK-04267,mantenimiento_operativo,team_gamma,2026-03-05 16:32:23.864146,2026-03-06 02:47:29.452734,10.3,False,0,False,True,False,False
TCK-04268,soporte_reactivo,team_gamma,2026-03-18 00:44:44.139302,2026-03-19 20:04:17.905071,43.3,False,4,False,False,False,False
TCK-04269,cumplimiento_regulatorio,team_growth,2026-08-22 16:14:53.776638,2026-08-24 09:52:02.948260,41.6,False,0,False,False,False,False
TCK-04270,soporte_reactivo,team_growth,2026-04-27 03:51:51.701430,2026-04-27 22:40:56.944847,18.8,False,0,False,False,False,False
TCK-04271,retencion_clientes,team_gamma,2026-01-31 16:11:59.607829,2026-02-01 14:31:42.038074,22.3,False,0,False,False,False,False
TCK-04272,mantenimiento_operativo,team_gamma,2026-01-23 14:22:31.406813,2026-01-24 06:34:21.718163,16.2,False,0,False,True,False,False
TCK-04273,soporte_reactivo,team_alpha,2026-01-20 12:35:06.440154,2026-01-21 05:09:36.149882,16.6,True,0,False,False,False,False
TCK-04274,cumplimiento_regulatorio,team_growth,2026-03-09 19:55:51.594901,2026-03-10 23:19:04.296031,27.4,True,0,False,False,False,False
TCK-04275,mantenimiento_operativo,team_gamma,2026-05-28 02:33:55.045571,2026-05-28 10:34:21.518123,8.0,False,0,True,True,False,False
TCK-04276,mantenimiento_operativo,team_growth,2026-03-15 02:38:06.523870,2026-03-17 11:04:42.133613,56.4,False,0,False,False,False,False
TCK-04277,retencion_clientes,team_alpha,2026-01-27 12:56:07.394006,2026-01-27 22:31:52.978934,9.6,False,0,False,False,False,False
TCK-04278,retencion_clientes,team_gamma,2025-12-30 00:30:39.436056,2025-12-30 11:36:38.012580,11.1,False,0,False,False,False,False
TCK-04279,mantenimiento_operativo,team_beta,2026-06-05 08:25:47.395176,2026-06-05 20:54:43.188566,12.5,False,0,False,True,False,False
TCK-04280,mantenimiento_operativo,team_beta,2026-05-19 02:44:15.702644,2026-05-20 04:14:42.220877,25.5,False,0,False,True,False,False
TCK-04281,deuda_tecnica_critica,team_growth,2026-09-02 04:57:21.251932,,,False,0,False,True,False,False
TCK-04282,soporte_reactivo,team_beta,2026-03-05 13:43:57.694417,2026-03-06 05:48:07.555300,16.1,False,0,False,False,False,False
TCK-04283,soporte_reactivo,team_growth,2026-05-17 09:32:12.672797,2026-05-20 06:41:46.136050,69.2,False,4,False,False,False,False
TCK-04284,soporte_reactivo,team_growth,2026-01-07 03:11:55.926891,2026-01-09 02:01:07.964264,46.8,False,0,False,False,False,False
TCK-04285,retencion_clientes,team_alpha,2026-06-16 00:21:37.530324,2026-06-16 17:46:56.668786,17.4,False,0,False,False,False,False
TCK-04286,retencion_clientes,team_beta,2026-04-29 22:40:06.654395,2026-04-30 11:00:53.314603,12.3,False,0,False,False,False,False
TCK-04287,retencion_clientes,team_growth,2026-09-06 09:07:02.073868,2026-09-07 11:07:21.984741,26.0,False,0,False,False,False,False
TCK-04288,retencion_clientes,team_alpha,2026-01-31 23:45:29.531324,2026-02-02 02:06:03.767616,26.3,False,0,False,False,False,False
TCK-04289,mantenimiento_operativo,team_growth,2026-04-07 06:16:01.158093,2026-04-08 02:51:22.132817,20.6,False,0,True,True,False,False
TCK-04290,soporte_reactivo,team_gamma,2026-06-23 21:59:35.682355,2026-06-24 06:34:13.724486,8.6,False,0,False,False,False,False
TCK-04291,cumplimiento_regulatorio,team_gamma,2026-05-25 00:59:26.990807,2026-05-25 12:06:53.287639,11.1,False,0,False,False,False,False
TCK-04292,retencion_clientes,team_beta,2026-08-06 09:06:17.143595,2026-08-07 00:41:37.410874,15.6,False,0,False,False,False,False
TCK-04293,cumplimiento_regulatorio,team_growth,2026-01-14 19:23:28.750988,2026-01-15 15:34:09.781028,20.2,False,0,False,False,False,False
TCK-04294,cumplimiento_regulatorio,team_beta,2026-03-05 21:49:26.508935,2026-03-06 23:52:40.855370,26.1,False,0,False,False,False,False
TCK-04295,mantenimiento_operativo,team_alpha,2026-07-16 11:38:10.712394,2026-07-17 02:14:10.667013,14.6,False,0,True,True,False,False
TCK-04296,mantenimiento_operativo,team_beta,2026-02-28 12:15:24.807277,2026-03-01 00:35:31.882188,12.3,False,0,True,False,False,False
TCK-04297,mantenimiento_operativo,team_gamma,2026-04-21 13:50:19.829289,2026-04-22 10:32:43.484607,20.7,False,0,False,True,False,False
TCK-04298,cumplimiento_regulatorio,team_alpha,2026-03-07 09:13:27.531056,2026-03-08 02:25:55.989415,17.2,False,0,False,False,False,False
TCK-04299,mantenimiento_operativo,team_alpha,2026-08-31 23:27:44.181578,2026-09-01 05:42:43.191523,6.2,False,0,False,True,False,False
TCK-04300,cumplimiento_regulatorio,team_alpha,2026-06-10 01:51:59.942376,2026-06-10 18:22:36.828089,16.5,False,0,False,False,False,False
TCK-04301,soporte_reactivo,team_alpha,2026-08-01 19:35:26.160045,2026-08-03 11:04:54.007960,39.5,False,4,False,False,False,False
TCK-04302,mantenimiento_operativo,team_beta,2026-03-21 14:31:47.011957,2026-03-22 05:59:36.333960,15.5,False,0,False,True,False,False
TCK-04303,cumplimiento_regulatorio,team_alpha,2026-04-19 23:14:20.613874,2026-04-21 07:10:30.359456,31.9,False,0,False,False,False,False
TCK-04304,mantenimiento_operativo,team_beta,2026-07-13 20:51:51.941766,2026-07-14 09:53:13.275047,13.0,True,0,False,True,False,False
TCK-04305,soporte_reactivo,team_growth,2026-01-17 11:19:05.814511,2026-01-18 16:26:51.639668,29.1,False,0,False,False,False,False
TCK-04306,soporte_reactivo,team_beta,2026-04-18 01:47:19.964694,2026-04-18 12:10:38.495137,10.4,False,0,False,False,False,False
TCK-04307,mantenimiento_operativo,team_gamma,2026-03-05 19:36:12.583372,2026-03-06 09:04:11.163711,13.5,False,0,False,True,False,False
TCK-04308,retencion_clientes,team_beta,2026-03-07 04:52:54.942107,2026-03-07 18:19:14.133819,13.4,False,0,False,False,False,False
TCK-04309,mantenimiento_operativo,team_gamma,2026-01-11 05:52:08.060540,2026-01-11 16:51:14.155982,11.0,False,0,False,True,False,False
TCK-04310,soporte_reactivo,team_beta,2026-04-08 15:53:25.722015,2026-04-08 23:43:17.893766,7.8,False,0,False,False,False,False
TCK-04311,cumplimiento_regulatorio,team_growth,2026-04-17 18:10:23.793091,2026-04-19 08:45:56.272157,38.6,True,0,False,False,False,False
TCK-04312,mantenimiento_operativo,team_gamma,2026-07-30 06:35:22.110939,2026-07-30 19:57:51.582456,13.4,False,0,False,True,False,False
TCK-04313,deuda_tecnica_critica,team_beta,2026-04-30 01:09:48.703347,2026-04-30 06:58:38.529621,5.8,False,0,False,False,False,False
TCK-04314,soporte_reactivo,team_beta,2026-03-11 04:24:04.491061,2026-03-13 17:59:44.116171,61.6,False,4,False,False,False,False
TCK-04315,retencion_clientes,team_beta,2026-05-11 12:56:59.444412,2026-05-12 08:58:09.207325,20.0,False,0,False,False,False,False
TCK-04316,soporte_reactivo,team_gamma,2026-06-11 07:05:38.339519,2026-06-11 22:15:00.480646,15.2,False,0,False,False,False,False
TCK-04317,soporte_reactivo,team_gamma,2026-02-14 04:53:57.888236,2026-02-16 00:10:19.870135,43.3,False,4,False,False,False,False
TCK-04318,mantenimiento_operativo,team_gamma,2026-06-26 07:25:06.314817,2026-06-26 15:33:34.050799,8.1,False,0,True,True,True,False
TCK-04319,cumplimiento_regulatorio,team_growth,2026-07-29 10:38:51.442551,2026-07-30 07:18:38.548061,20.7,False,0,False,False,False,False
TCK-04320,cumplimiento_regulatorio,team_growth,2025-12-19 04:57:29.421328,2025-12-20 12:19:38.331484,31.4,False,0,False,False,False,False
TCK-04321,cumplimiento_regulatorio,team_alpha,2026-03-09 09:01:46.810416,2026-03-09 19:19:35.279189,10.3,False,0,False,False,False,False
TCK-04322,soporte_reactivo,team_gamma,2026-02-06 21:32:40.929623,2026-02-07 22:45:19.478557,25.2,False,0,False,False,False,False
TCK-04323,soporte_reactivo,team_growth,2026-05-02 02:48:52.524434,2026-05-03 01:49:55.324573,23.0,False,0,False,False,False,False
TCK-04324,retencion_clientes,team_gamma,2026-07-16 00:00:34.277818,2026-07-16 14:10:11.312276,14.2,False,0,False,False,False,False
TCK-04325,mantenimiento_operativo,team_beta,2026-03-17 07:17:06.268599,2026-03-18 11:33:32.246236,28.3,False,0,False,True,False,False
TCK-04326,mantenimiento_operativo,team_gamma,2026-09-03 14:56:05.342849,2026-09-04 05:30:36.353209,14.6,False,0,True,True,False,False
TCK-04327,deuda_tecnica_critica,team_beta,2026-08-10 04:38:35.990997,2026-08-20 03:06:46.324136,238.5,False,0,False,True,False,False
TCK-04328,soporte_reactivo,team_beta,2026-08-27 01:31:42.360187,2026-08-28 14:11:10.995390,36.7,False,0,False,False,False,False
TCK-04329,mantenimiento_operativo,team_alpha,2025-12-27 21:24:14.823246,2025-12-28 18:02:44.127556,20.6,False,0,False,True,False,False
TCK-04330,retencion_clientes,team_growth,2026-04-28 09:31:51.832288,2026-04-30 08:02:54.722686,46.5,False,0,False,False,False,False
TCK-04331,soporte_reactivo,team_alpha,2026-07-25 06:09:27.164974,2026-07-25 15:46:25.482673,9.6,False,0,False,False,False,False
TCK-04332,soporte_reactivo,team_alpha,2026-07-25 13:26:38.890080,2026-07-25 21:27:05.935122,8.0,False,0,False,False,False,False
TCK-04333,mantenimiento_operativo,team_growth,2026-03-02 20:25:16.914424,2026-03-03 14:27:21.491655,18.0,False,0,False,True,False,False
TCK-04334,mantenimiento_operativo,team_gamma,2026-05-17 07:53:08.276655,2026-05-18 00:39:34.188912,16.8,False,0,False,False,False,False
TCK-04335,deuda_tecnica_critica,team_alpha,2026-08-28 11:45:20.661697,,,False,0,False,False,False,False
TCK-04336,soporte_reactivo,team_beta,2026-05-03 18:00:40.801755,2026-05-04 07:07:53.709660,13.1,False,0,False,False,False,False
TCK-04337,mantenimiento_operativo,team_beta,2026-04-04 09:41:15.325382,2026-04-05 21:07:03.433949,35.4,False,0,False,True,False,False
TCK-04338,deuda_tecnica_critica,team_alpha,2026-07-19 12:12:35.025976,2026-07-20 02:46:43.925823,14.6,False,0,False,True,False,False
TCK-04339,retencion_clientes,team_gamma,2026-08-14 10:21:13.590917,2026-08-15 14:02:39.589590,27.7,True,0,False,False,False,False
TCK-04340,retencion_clientes,team_growth,2026-06-08 02:58:20.298245,2026-06-09 21:03:25.983303,42.1,False,0,False,False,False,False
TCK-04341,mantenimiento_operativo,team_beta,2026-05-14 09:47:47.357952,2026-05-14 21:39:18.721310,11.9,False,0,False,True,False,False
TCK-04342,soporte_reactivo,team_gamma,2026-08-31 05:36:11.262709,2026-09-01 19:41:57.823891,38.1,False,4,False,False,False,False
TCK-04343,mantenimiento_operativo,team_gamma,2026-07-03 14:41:01.982737,2026-07-03 20:13:50.981012,5.5,False,0,False,True,False,False
TCK-04344,deuda_tecnica_critica,team_alpha,2026-05-24 16:43:49.121670,2026-05-25 09:46:08.456770,17.0,False,0,False,False,False,False
TCK-04345,mantenimiento_operativo,team_gamma,2026-01-06 05:45:39.887785,2026-01-06 14:53:35.714667,9.1,False,0,False,True,False,False
TCK-04346,soporte_reactivo,team_growth,2026-03-04 01:24:20.157181,2026-03-06 01:42:26.395920,48.3,False,4,False,False,False,False
TCK-04347,mantenimiento_operativo,team_alpha,2026-01-28 19:44:23.350493,2026-01-31 15:23:07.578712,67.6,False,0,False,False,False,False
TCK-04348,deuda_tecnica_critica,team_growth,2026-08-02 19:19:15.256747,2026-08-14 13:17:11.285892,282.0,False,0,False,False,False,False
TCK-04349,retencion_clientes,team_beta,2025-12-28 07:39:27.665866,2025-12-28 20:52:30.039065,13.2,False,0,False,False,False,False
TCK-04350,retencion_clientes,team_growth,2026-02-04 22:29:56.618159,2026-02-06 17:46:15.970167,43.3,False,0,False,False,False,False
TCK-04351,mantenimiento_operativo,team_growth,2026-08-14 20:47:55.495424,2026-08-16 13:06:39.982597,40.3,False,0,False,False,False,False
TCK-04352,mantenimiento_operativo,team_gamma,2026-01-05 05:57:48.956483,2026-01-05 23:05:43.474713,17.1,False,0,False,True,False,False
TCK-04353,mantenimiento_operativo,team_beta,2026-06-23 20:17:48.080874,2026-06-24 08:54:59.277928,12.6,False,0,True,True,True,False
TCK-04354,soporte_reactivo,team_alpha,2026-04-04 21:05:13.403868,2026-04-06 00:45:28.453543,27.7,False,0,False,False,False,False
TCK-04355,deuda_tecnica_critica,team_growth,2026-01-11 15:10:37.748558,2026-01-12 10:46:14.400065,19.6,False,0,False,False,False,False
TCK-04356,cumplimiento_regulatorio,team_alpha,2026-02-11 15:13:19.254545,2026-02-12 04:55:18.605217,13.7,False,0,False,False,False,False
TCK-04357,soporte_reactivo,team_gamma,2026-08-08 11:45:47.723365,2026-08-09 03:57:33.925571,16.2,False,0,False,False,False,False
TCK-04358,soporte_reactivo,team_beta,2026-04-16 03:38:49.641268,2026-04-16 21:53:18.498485,18.2,False,0,False,False,False,False
TCK-04359,cumplimiento_regulatorio,team_gamma,2026-06-22 21:01:49.764913,2026-06-23 10:11:46.173376,13.2,True,0,False,False,False,False
TCK-04360,retencion_clientes,team_alpha,2026-02-17 17:54:02.155639,2026-02-18 07:47:36.512460,13.9,False,0,False,False,False,False
TCK-04361,soporte_reactivo,team_beta,2026-05-11 18:19:34.464795,2026-05-12 03:42:35.289826,9.4,False,0,False,False,False,False
TCK-04362,soporte_reactivo,team_alpha,2025-12-17 01:32:04.958458,2025-12-18 23:18:35.381040,45.8,False,4,False,False,False,False
TCK-04363,deuda_tecnica_critica,team_alpha,2026-04-11 02:29:34.768193,2026-04-12 01:57:56.131967,23.5,False,0,False,False,False,False
TCK-04364,soporte_reactivo,team_beta,2026-09-02 20:31:38.152759,2026-09-04 17:54:34.582706,45.4,False,4,False,False,False,False
TCK-04365,deuda_tecnica_critica,team_gamma,2026-06-19 08:38:18.107036,2026-06-20 01:36:45.087337,17.0,False,0,False,True,True,False
TCK-04366,cumplimiento_regulatorio,team_alpha,2026-05-11 06:53:16.063572,2026-05-11 18:25:40.501256,11.5,False,0,False,False,False,False
TCK-04367,cumplimiento_regulatorio,team_beta,2026-01-11 00:22:13.719451,2026-01-11 17:30:19.902989,17.1,False,0,False,False,False,False
TCK-04368,retencion_clientes,team_gamma,2026-06-18 22:13:30.625738,2026-06-19 09:28:43.334306,11.3,False,0,False,False,False,False
TCK-04369,deuda_tecnica_critica,team_growth,2026-06-26 12:15:21.930985,2026-07-30 22:33:03.509738,826.3,False,0,False,True,True,False
TCK-04370,mantenimiento_operativo,team_growth,2026-04-21 17:32:45.515042,2026-04-22 02:21:27.668286,8.8,False,0,True,True,False,False
TCK-04371,mantenimiento_operativo,team_gamma,2026-03-05 18:07:13.894696,2026-03-06 11:46:06.925097,17.6,False,0,False,True,False,False
TCK-04372,mantenimiento_operativo,team_gamma,2026-02-25 13:25:21.228553,2026-02-26 05:57:37.200953,16.5,False,0,True,True,False,False
TCK-04373,cumplimiento_regulatorio,team_growth,2026-04-26 07:28:32.871841,2026-04-27 05:42:33.740444,22.2,False,0,False,False,False,False
TCK-04374,mantenimiento_operativo,team_alpha,2026-08-22 04:09:40.706141,2026-08-22 14:23:59.623072,10.2,False,0,True,True,False,False
TCK-04375,deuda_tecnica_critica,team_growth,2026-02-20 17:02:51.228501,2026-02-27 11:01:52.236305,162.0,False,0,False,False,False,False
TCK-04376,deuda_tecnica_critica,team_alpha,2026-07-31 00:55:13.597459,2026-07-31 17:47:36.657587,16.9,False,0,False,False,False,False
TCK-04377,deuda_tecnica_critica,team_beta,2026-05-19 03:31:56.133130,2026-05-21 19:14:37.847061,63.7,False,0,False,True,False,False
TCK-04378,soporte_reactivo,team_alpha,2026-04-25 04:44:27.480024,2026-04-25 09:58:25.066125,5.2,False,0,False,False,False,False
TCK-04379,soporte_reactivo,team_beta,2026-05-23 18:16:35.555593,2026-05-24 04:10:13.971276,9.9,False,0,False,False,False,False
TCK-04380,soporte_reactivo,team_alpha,2026-03-05 18:46:08.975062,2026-03-06 21:31:44.797228,26.8,False,4,False,False,False,False
TCK-04381,mantenimiento_operativo,team_alpha,2026-07-22 03:53:48.509941,2026-07-22 09:33:18.217079,5.7,False,0,True,True,False,False
TCK-04382,soporte_reactivo,team_growth,2026-08-28 18:16:30.394128,2026-08-31 02:24:43.362148,56.1,False,4,False,False,False,False
TCK-04383,retencion_clientes,team_growth,2026-06-19 01:14:24.042824,2026-06-20 13:12:34.185233,36.0,False,0,False,False,False,False
TCK-04384,mantenimiento_operativo,team_beta,2026-02-15 03:04:52.330190,2026-02-16 00:38:28.646222,21.6,False,0,True,True,False,False
TCK-04385,cumplimiento_regulatorio,team_beta,2026-06-28 09:32:22.028190,2026-06-28 20:51:17.192089,11.3,False,0,False,False,False,False
TCK-04386,cumplimiento_regulatorio,team_growth,2026-09-03 08:52:16.350389,2026-09-04 13:48:26.732907,28.9,False,0,False,False,False,False
TCK-04387,deuda_tecnica_critica,team_beta,2026-05-30 18:05:45.722600,2026-05-31 04:14:03.921578,10.1,False,0,False,False,False,False
TCK-04388,mantenimiento_operativo,team_gamma,2026-06-25 14:25:03.957744,2026-06-28 02:47:36.128242,60.4,True,0,False,True,True,False
TCK-04389,mantenimiento_operativo,team_alpha,2026-01-24 00:08:08.889523,2026-01-24 04:56:50.596659,4.8,False,0,False,True,False,False
TCK-04390,soporte_reactivo,team_gamma,2026-02-08 18:38:14.738186,2026-02-10 19:47:11.417772,49.1,False,4,False,False,False,False
TCK-04391,retencion_clientes,team_alpha,2026-08-11 02:33:09.082397,2026-08-11 11:45:29.989571,9.2,False,0,False,False,False,False
TCK-04392,cumplimiento_regulatorio,team_gamma,2026-08-29 04:28:43.955974,2026-08-29 13:54:14.659980,9.4,False,0,False,False,False,False
TCK-04393,cumplimiento_regulatorio,team_gamma,2026-01-02 14:46:27.081183,2026-01-03 08:58:05.166867,18.2,False,0,False,False,False,False
TCK-04394,retencion_clientes,team_alpha,2026-02-25 20:24:31.722060,2026-02-26 06:39:47.680017,10.3,False,0,False,False,False,False
TCK-04395,retencion_clientes,team_alpha,2025-12-25 05:48:03.404299,2025-12-26 07:18:21.666384,25.5,False,0,False,False,False,False
TCK-04396,soporte_reactivo,team_beta,2026-08-30 19:36:01.146030,2026-08-31 04:48:09.298050,9.2,False,0,False,False,False,False
TCK-04397,soporte_reactivo,team_gamma,2026-08-15 23:37:02.398481,2026-08-16 10:19:07.186964,10.7,False,0,False,False,False,False
TCK-04398,soporte_reactivo,team_gamma,2026-01-15 22:29:53.545928,2026-01-19 02:04:06.639452,75.6,False,4,False,False,False,False
TCK-04399,cumplimiento_regulatorio,team_growth,2026-03-20 03:35:30.632903,2026-03-22 04:02:22.331337,48.4,False,0,False,False,False,False
TCK-04400,soporte_reactivo,team_gamma,2026-05-15 00:29:29.658387,2026-05-15 22:56:30.059198,22.5,False,0,False,False,False,False
TCK-04401,mantenimiento_operativo,team_alpha,2026-09-05 14:06:28.754525,2026-09-06 02:59:42.343112,12.9,True,0,False,True,False,False
TCK-04402,mantenimiento_operativo,team_alpha,2026-01-19 10:45:58.431262,2026-01-19 15:34:20.904814,4.8,False,0,False,True,False,False
TCK-04403,cumplimiento_regulatorio,team_gamma,2026-05-09 22:29:52.834517,2026-05-10 16:08:43.668533,17.6,False,0,False,False,False,False
TCK-04404,soporte_reactivo,team_alpha,2026-07-17 13:28:00.624357,2026-07-19 00:50:21.036321,35.4,False,0,False,False,False,False
TCK-04405,mantenimiento_operativo,team_gamma,2026-07-15 16:37:36.316463,2026-07-16 12:10:17.935117,19.5,False,0,False,True,False,False
TCK-04406,retencion_clientes,team_alpha,2026-09-03 18:15:06.175039,2026-09-04 12:02:10.339367,17.8,False,0,False,False,False,False
TCK-04407,deuda_tecnica_critica,team_growth,2026-08-18 03:13:54.812546,2026-09-01 11:14:36.306886,344.0,False,0,False,False,False,False
TCK-04408,mantenimiento_operativo,team_alpha,2026-03-29 19:46:51.529837,2026-03-30 19:48:14.565580,24.0,False,0,False,True,False,False
TCK-04409,mantenimiento_operativo,team_gamma,2026-05-22 17:06:02.048134,2026-05-23 00:39:59.788853,7.6,False,0,False,True,False,False
TCK-04410,cumplimiento_regulatorio,team_growth,2026-02-13 15:58:32.122722,2026-02-15 21:18:00.616532,53.3,False,0,False,False,False,False
TCK-04411,retencion_clientes,team_growth,2026-07-31 08:37:26.145065,2026-08-01 20:24:11.299728,35.8,False,0,False,False,False,False
TCK-04412,cumplimiento_regulatorio,team_growth,2026-03-17 08:27:43.653861,2026-03-19 11:52:19.514699,51.4,False,0,False,False,False,False
TCK-04413,deuda_tecnica_critica,team_gamma,2026-07-23 00:28:56.736271,2026-07-23 07:56:37.474070,7.5,False,0,False,False,False,False
TCK-04414,mantenimiento_operativo,team_alpha,2026-08-01 20:50:51.326345,2026-08-02 04:55:25.504859,8.1,False,0,True,True,False,False
TCK-04415,soporte_reactivo,team_gamma,2026-01-15 08:54:24.450146,2026-01-16 06:39:47.777272,21.8,False,0,False,False,False,False
TCK-04416,deuda_tecnica_critica,team_growth,2026-01-13 14:19:33.974011,2026-01-26 01:53:38.003118,299.6,False,0,False,True,False,False
TCK-04417,deuda_tecnica_critica,team_growth,2026-04-19 01:57:02.178894,2026-04-27 08:25:47.297042,198.5,False,0,False,False,False,False
TCK-04418,soporte_reactivo,team_growth,2026-04-18 22:59:42.788047,2026-04-19 11:38:45.467631,12.7,False,0,False,False,False,False
TCK-04419,cumplimiento_regulatorio,team_alpha,2026-01-11 23:44:11.550040,2026-01-13 02:48:51.301373,27.1,True,0,False,False,False,False
TCK-04420,soporte_reactivo,team_alpha,2026-05-22 11:46:59.871080,2026-05-24 12:20:10.020992,48.6,False,0,False,False,False,False
TCK-04421,retencion_clientes,team_growth,2026-04-04 06:48:31.181859,2026-04-05 11:43:53.672723,28.9,False,0,False,False,False,False
TCK-04422,retencion_clientes,team_growth,2026-06-01 20:54:21.764584,2026-06-02 09:47:15.509178,12.9,False,0,False,False,False,False
TCK-04423,retencion_clientes,team_alpha,2026-03-03 21:37:26.575900,2026-03-04 06:59:45.605349,9.4,False,0,False,False,False,False
TCK-04424,retencion_clientes,team_beta,2026-02-05 10:01:44.008575,2026-02-06 10:13:41.268829,24.2,False,0,False,False,False,False
TCK-04425,soporte_reactivo,team_gamma,2026-09-04 08:50:37.329372,2026-09-06 01:12:24.615471,40.4,False,4,False,False,False,False
TCK-04426,soporte_reactivo,team_beta,2026-01-05 23:45:49.948289,2026-01-07 12:37:23.924183,36.9,False,4,False,False,False,False
TCK-04427,mantenimiento_operativo,team_alpha,2026-02-10 04:09:32.661577,2026-02-10 20:26:52.428961,16.3,True,0,False,False,False,False
TCK-04428,cumplimiento_regulatorio,team_gamma,2026-02-02 10:36:12.658281,2026-02-02 19:27:22.029364,8.9,False,0,False,False,False,False
TCK-04429,cumplimiento_regulatorio,team_growth,2026-07-14 21:04:38.568892,2026-07-15 12:12:01.496015,15.1,False,0,False,False,False,False
TCK-04430,mantenimiento_operativo,team_gamma,2026-07-06 10:54:55.118231,2026-07-08 00:26:19.652633,37.5,False,0,False,True,False,False
TCK-04431,cumplimiento_regulatorio,team_alpha,2025-12-25 09:38:36.045002,2025-12-26 11:01:45.297429,25.4,False,0,False,False,False,False
TCK-04432,soporte_reactivo,team_beta,2026-06-23 11:56:14.045975,2026-06-24 02:11:19.709300,14.3,False,0,False,False,False,False
TCK-04433,cumplimiento_regulatorio,team_gamma,2026-03-31 01:42:41.028260,2026-03-31 10:33:16.661197,8.8,False,0,False,False,False,False
TCK-04434,mantenimiento_operativo,team_gamma,2026-05-29 20:16:10.034545,2026-05-30 03:39:21.087283,7.4,False,0,True,True,False,False
TCK-04435,deuda_tecnica_critica,team_beta,2026-01-19 17:33:38.294979,2026-01-20 14:38:27.455308,21.1,False,0,False,False,False,False
TCK-04436,mantenimiento_operativo,team_gamma,2026-08-18 04:34:13.353558,2026-08-18 22:06:13.341572,17.5,False,0,False,False,False,False
TCK-04437,deuda_tecnica_critica,team_growth,2026-02-12 01:49:38.957659,2026-02-27 04:41:45.679424,362.9,True,0,False,False,False,False
TCK-04438,retencion_clientes,team_growth,2026-05-14 14:44:02.101627,2026-05-15 13:17:38.342922,22.6,False,0,False,False,False,False
TCK-04439,soporte_reactivo,team_alpha,2026-08-07 11:07:46.022430,2026-08-08 11:36:12.625154,24.5,True,0,False,False,False,False
TCK-04440,soporte_reactivo,team_alpha,2026-03-17 23:46:22.460690,2026-03-18 08:55:07.837797,9.1,False,0,False,False,False,False
TCK-04441,cumplimiento_regulatorio,team_growth,2026-08-21 01:58:08.046955,2026-08-21 21:08:18.288481,19.2,False,0,False,False,False,False
TCK-04442,mantenimiento_operativo,team_gamma,2026-03-22 11:08:25.334526,2026-03-23 17:44:03.420080,30.6,False,0,False,True,False,False
TCK-04443,mantenimiento_operativo,team_gamma,2026-02-10 16:02:57.881542,2026-02-11 17:07:23.008062,25.1,False,0,False,True,False,False
TCK-04444,mantenimiento_operativo,team_gamma,2026-02-08 13:27:12.160176,2026-02-09 05:54:16.719412,16.5,False,0,False,True,False,False
TCK-04445,soporte_reactivo,team_beta,2025-12-26 20:44:36.304960,2025-12-28 10:54:34.920599,38.2,False,0,False,False,False,False
TCK-04446,soporte_reactivo,team_growth,2026-06-19 00:16:22.536990,2026-06-19 06:02:52.170929,5.8,False,0,False,False,False,False
TCK-04447,deuda_tecnica_critica,team_alpha,2026-08-23 19:31:07.041881,2026-08-28 08:44:04.387589,109.2,False,0,False,True,False,False
TCK-04448,mantenimiento_operativo,team_gamma,2026-06-28 00:23:45.493161,2026-06-28 17:33:10.623016,17.2,False,0,True,True,False,False
TCK-04449,mantenimiento_operativo,team_beta,2026-02-22 20:45:24.523786,2026-02-23 06:11:41.977472,9.4,False,0,False,True,False,False
TCK-04450,soporte_reactivo,team_alpha,2026-02-25 08:41:02.354016,2026-02-26 03:01:56.155888,18.3,False,0,False,False,False,False
TCK-04451,cumplimiento_regulatorio,team_alpha,2026-03-25 17:51:56.436255,2026-03-26 12:58:35.043521,19.1,False,0,False,False,False,False
TCK-04452,mantenimiento_operativo,team_beta,2026-08-18 10:16:14.065158,2026-08-19 00:30:02.149760,14.2,False,0,True,True,False,False
TCK-04453,deuda_tecnica_critica,team_beta,2026-05-19 01:36:32.683570,2026-05-23 17:31:59.868921,111.9,False,0,False,False,False,False
TCK-04454,mantenimiento_operativo,team_beta,2026-03-01 22:12:53.296151,2026-03-03 05:37:54.638485,31.4,False,0,False,True,False,False
TCK-04455,soporte_reactivo,team_alpha,2026-06-07 07:35:24.949817,2026-06-08 04:43:42.302753,21.1,True,0,False,False,False,False
TCK-04456,soporte_reactivo,team_gamma,2026-06-06 13:56:03.536523,2026-06-07 01:02:54.919477,11.1,False,0,False,False,False,False
TCK-04457,mantenimiento_operativo,team_alpha,2026-04-29 22:43:06.969075,2026-04-30 11:35:25.305025,12.9,False,0,False,True,False,False
TCK-04458,deuda_tecnica_critica,team_growth,2025-12-28 01:07:42.419295,2025-12-29 07:26:40.805215,30.3,False,0,False,False,False,False
TCK-04459,deuda_tecnica_critica,team_growth,2026-07-05 14:46:18.849793,2026-07-06 20:32:32.127559,29.8,False,0,False,False,False,False
TCK-04460,mantenimiento_operativo,team_beta,2026-07-07 20:51:31.837037,2026-07-08 10:42:30.542434,13.8,False,0,False,True,False,False
TCK-04461,soporte_reactivo,team_beta,2026-05-30 11:50:00.328190,2026-06-01 13:30:18.900877,49.7,False,4,False,False,False,False
TCK-04462,cumplimiento_regulatorio,team_growth,2026-02-28 13:19:14.851810,2026-03-01 18:11:41.970618,28.9,False,0,False,False,False,False
TCK-04463,cumplimiento_regulatorio,team_growth,2026-01-03 09:53:20.545302,2026-01-05 05:59:31.513998,44.1,False,0,False,False,False,False
TCK-04464,deuda_tecnica_critica,team_growth,2026-04-26 06:22:21.770369,2026-04-26 18:28:35.932103,12.1,False,0,False,False,False,False
TCK-04465,soporte_reactivo,team_gamma,2026-01-17 20:28:33.137277,2026-01-19 07:24:24.677721,34.9,False,4,False,False,False,False
TCK-04466,mantenimiento_operativo,team_growth,2026-02-22 19:11:28.162504,2026-02-24 16:12:35.231971,45.0,False,0,False,False,False,False
TCK-04467,soporte_reactivo,team_alpha,2026-01-31 04:05:26.452894,2026-01-31 12:40:43.042984,8.6,False,0,False,False,False,False
TCK-04468,mantenimiento_operativo,team_beta,2026-06-04 23:18:10.954451,2026-06-05 07:10:51.264478,7.9,False,0,True,True,False,False
TCK-04469,cumplimiento_regulatorio,team_alpha,2026-05-30 20:57:48.156758,2026-05-31 11:02:42.864826,14.1,False,0,False,False,False,False
TCK-04470,deuda_tecnica_critica,team_beta,2025-12-16 18:33:01.340421,2025-12-19 09:40:53.811816,63.1,False,0,False,False,False,False
TCK-04471,mantenimiento_operativo,team_alpha,2026-08-23 00:09:16.003555,2026-08-23 15:39:25.718330,15.5,False,0,False,False,False,False
TCK-04472,deuda_tecnica_critica,team_alpha,2026-06-24 23:42:51.724290,2026-06-26 01:31:30.813016,25.8,False,0,False,True,True,False
TCK-04473,mantenimiento_operativo,team_beta,2026-01-20 07:44:48.433011,2026-01-20 18:34:24.280628,10.8,False,0,False,True,False,False
TCK-04474,cumplimiento_regulatorio,team_growth,2026-03-02 06:09:35.101292,2026-03-05 13:38:00.144204,79.5,False,0,False,False,False,False
TCK-04475,cumplimiento_regulatorio,team_alpha,2025-12-21 22:58:27.217720,2025-12-22 21:43:14.845829,22.7,False,0,False,False,False,False
TCK-04476,mantenimiento_operativo,team_beta,2026-05-07 12:05:10.612852,2026-05-08 20:23:08.835877,32.3,False,0,True,True,False,False
TCK-04477,deuda_tecnica_critica,team_beta,2026-01-17 10:11:52.540109,2026-01-18 14:29:21.138883,28.3,False,0,False,False,False,False
TCK-04478,retencion_clientes,team_beta,2026-01-24 23:41:09.045491,2026-01-25 23:12:03.611690,23.5,False,0,False,False,False,False
TCK-04479,soporte_reactivo,team_growth,2026-05-12 18:24:22.435929,2026-05-13 15:34:16.739432,21.2,False,0,False,False,False,False
TCK-04480,soporte_reactivo,team_beta,2026-04-28 10:26:03.192240,2026-04-28 23:16:37.326291,12.8,True,0,False,False,False,False
TCK-04481,cumplimiento_regulatorio,team_alpha,2026-02-06 12:41:34.223849,2026-02-07 13:13:37.635919,24.5,False,0,False,False,False,False
TCK-04482,soporte_reactivo,team_beta,2026-02-23 06:22:02.592130,2026-02-25 15:06:01.143276,56.7,False,4,False,False,False,False
TCK-04483,retencion_clientes,team_growth,2026-04-25 15:41:30.205805,2026-04-26 17:31:05.300097,25.8,False,0,False,False,False,False
TCK-04484,soporte_reactivo,team_beta,2025-12-29 17:30:04.061862,2025-12-30 05:29:04.283301,12.0,False,0,False,False,False,False
TCK-04485,cumplimiento_regulatorio,team_growth,2026-07-02 05:47:26.921332,2026-07-03 06:05:28.119320,24.3,False,0,False,False,False,False
TCK-04486,mantenimiento_operativo,team_gamma,2026-02-16 11:35:48.538448,2026-02-17 06:02:57.164985,18.5,False,0,False,True,False,False
TCK-04487,cumplimiento_regulatorio,team_gamma,2025-12-31 05:16:42.054745,2025-12-31 12:33:06.786546,7.3,False,0,False,False,False,False
TCK-04488,soporte_reactivo,team_alpha,2026-04-17 15:36:45.031683,2026-04-19 16:52:23.533332,49.3,False,4,False,False,False,False
TCK-04489,retencion_clientes,team_growth,2026-04-21 11:46:07.793072,2026-04-21 22:51:21.381762,11.1,False,0,False,False,False,False
TCK-04490,cumplimiento_regulatorio,team_growth,2026-04-22 13:16:14.664330,2026-04-24 03:48:41.417272,38.5,False,0,False,False,False,False
TCK-04491,cumplimiento_regulatorio,team_alpha,2026-08-24 21:53:16.832217,,,False,0,False,False,False,False
TCK-04492,soporte_reactivo,team_beta,2026-06-13 14:48:17.445495,2026-06-14 09:12:58.950035,18.4,False,0,False,False,False,False
TCK-04493,cumplimiento_regulatorio,team_gamma,2025-12-21 05:05:02.401494,2025-12-22 03:44:27.269036,22.7,False,0,False,False,False,False
TCK-04494,soporte_reactivo,team_gamma,2026-07-23 12:00:06.708454,2026-07-25 05:23:23.928542,41.4,False,4,False,False,False,False
TCK-04495,deuda_tecnica_critica,team_growth,2026-02-01 09:21:22.824934,2026-02-16 01:46:29.359871,352.4,False,0,False,False,False,False
TCK-04496,deuda_tecnica_critica,team_growth,2026-01-10 07:44:56.944452,2026-02-03 00:28:46.942407,568.7,True,0,False,False,False,False
TCK-04497,mantenimiento_operativo,team_beta,2026-07-30 01:11:15.773349,2026-07-31 18:57:41.027907,41.8,False,0,False,True,False,False
TCK-04498,mantenimiento_operativo,team_growth,2026-02-26 14:31:04.751780,2026-02-28 06:08:22.349632,39.6,False,0,True,True,False,False
TCK-04499,mantenimiento_operativo,team_beta,2026-08-08 15:49:37.235742,2026-08-08 23:12:57.112495,7.4,False,0,True,True,False,False
TCK-04500,soporte_reactivo,team_beta,2026-01-28 03:15:49.403998,2026-01-31 00:06:48.160641,68.8,False,4,False,False,False,False
TCK-04501,retencion_clientes,team_growth,2026-05-09 01:00:31.827769,2026-05-10 01:38:07.304395,24.6,False,0,False,False,False,False
TCK-04502,mantenimiento_operativo,team_gamma,2026-03-19 19:08:34.448335,2026-03-20 05:31:17.912547,10.4,False,0,False,True,False,False
TCK-04503,soporte_reactivo,team_growth,2026-02-23 03:49:25.631407,2026-02-24 03:48:14.778912,24.0,False,0,False,False,False,False
TCK-04504,mantenimiento_operativo,team_beta,2026-07-06 15:28:31.433140,2026-07-07 06:34:11.661144,15.1,False,0,False,False,False,False
TCK-04505,mantenimiento_operativo,team_alpha,2026-07-29 12:44:18.988770,2026-07-29 23:00:13.123115,10.3,False,0,True,True,False,False
TCK-04506,retencion_clientes,team_growth,2026-02-09 10:27:29.404840,2026-02-10 11:31:48.037525,25.1,False,0,False,False,False,False
TCK-04507,soporte_reactivo,team_beta,2026-08-31 04:00:23.012916,2026-08-31 16:12:49.166349,12.2,False,0,False,False,False,False
TCK-04508,mantenimiento_operativo,team_beta,2026-08-15 11:47:20.211073,2026-08-16 15:04:03.321137,27.3,True,0,False,False,False,False
TCK-04509,cumplimiento_regulatorio,team_growth,2026-05-16 00:20:57.861124,2026-05-17 08:21:50.063909,32.0,False,0,False,False,False,False
TCK-04510,deuda_tecnica_critica,team_growth,2026-08-03 13:07:02.587913,2026-08-05 16:44:50.100295,51.6,False,0,False,False,False,False
TCK-04511,deuda_tecnica_critica,team_beta,2026-05-09 16:41:22.687728,2026-05-10 14:15:36.814216,21.6,False,0,False,False,False,False
TCK-04512,cumplimiento_regulatorio,team_alpha,2026-02-11 22:46:02.055217,2026-02-12 14:00:08.121470,15.2,False,0,False,False,False,False
TCK-04513,deuda_tecnica_critica,team_growth,2026-03-12 09:39:39.949159,2026-03-13 11:10:07.570431,25.5,False,0,False,True,False,False
TCK-04514,mantenimiento_operativo,team_gamma,2026-04-24 12:04:15.779871,2026-04-25 10:16:46.766792,22.2,False,0,False,False,False,False
TCK-04515,soporte_reactivo,team_alpha,2025-12-28 17:10:18.608851,2025-12-31 07:03:07.401709,61.9,False,4,False,False,False,False
TCK-04516,soporte_reactivo,team_gamma,2026-05-26 20:47:17.373038,2026-05-27 17:33:19.745053,20.8,False,0,False,False,False,False
TCK-04517,deuda_tecnica_critica,team_alpha,2026-03-27 06:51:16.649793,2026-03-27 16:41:44.315081,9.8,False,0,False,False,False,False
TCK-04518,deuda_tecnica_critica,team_growth,2026-03-15 09:49:01.928707,2026-03-31 10:39:51.885022,384.8,False,0,False,True,False,False
TCK-04519,retencion_clientes,team_beta,2025-12-30 19:39:56.235738,2025-12-31 23:54:54.702683,28.2,False,0,False,False,False,False
TCK-04520,cumplimiento_regulatorio,team_growth,2026-04-20 14:42:49.855440,2026-04-21 18:12:17.300134,27.5,False,0,False,False,False,False
TCK-04521,retencion_clientes,team_alpha,2026-08-27 10:46:37.135352,2026-08-28 08:00:33.946825,21.2,False,0,False,False,False,False
TCK-04522,retencion_clientes,team_beta,2026-04-15 09:39:14.032883,2026-04-15 18:50:45.683629,9.2,False,0,False,False,False,False
TCK-04523,soporte_reactivo,team_beta,2026-03-25 19:02:04.363341,2026-03-27 02:57:31.278132,31.9,False,4,False,False,False,False
TCK-04524,cumplimiento_regulatorio,team_growth,2025-12-19 19:49:42.307877,2025-12-20 05:58:54.629658,10.2,False,0,False,False,False,False
TCK-04525,mantenimiento_operativo,team_alpha,2026-05-06 13:39:47.115370,2026-05-07 05:35:06.065849,15.9,False,0,True,True,False,False
TCK-04526,mantenimiento_operativo,team_gamma,2025-12-21 11:56:10.635919,2025-12-21 20:19:24.517686,8.4,False,0,False,True,False,False
TCK-04527,retencion_clientes,team_gamma,2025-12-25 08:53:37.331969,2025-12-26 00:19:20.449176,15.4,False,0,False,False,False,False
TCK-04528,deuda_tecnica_critica,team_gamma,2026-09-05 05:43:28.837357,2026-09-05 13:59:23.901716,8.3,False,0,False,False,False,False
TCK-04529,mantenimiento_operativo,team_alpha,2026-02-15 00:32:52.607690,2026-02-15 22:19:36.510673,21.8,False,0,False,True,False,False
TCK-04530,mantenimiento_operativo,team_alpha,2026-03-12 22:11:48.220907,2026-03-13 10:28:32.376455,12.3,False,0,True,True,False,False
TCK-04531,cumplimiento_regulatorio,team_growth,2026-04-29 08:50:19.287028,2026-04-30 08:04:18.555674,23.2,False,0,False,False,False,False
TCK-04532,cumplimiento_regulatorio,team_alpha,2026-01-06 01:23:44.685871,2026-01-06 11:51:16.563051,10.5,False,0,False,False,False,False
TCK-04533,soporte_reactivo,team_beta,2026-06-04 02:15:24.359352,2026-06-05 09:02:06.870631,30.8,False,4,False,False,False,False
TCK-04534,mantenimiento_operativo,team_beta,2026-07-14 01:57:47.089834,2026-07-14 19:06:10.860395,17.1,False,0,False,True,False,False
TCK-04535,mantenimiento_operativo,team_gamma,2026-01-25 05:08:07.787575,2026-01-25 08:31:12.201234,3.4,False,0,False,True,False,False
TCK-04536,mantenimiento_operativo,team_alpha,2026-01-18 16:59:28.504047,2026-01-19 05:58:38.404871,13.0,False,0,False,True,False,False
TCK-04537,deuda_tecnica_critica,team_gamma,2026-08-18 19:46:31.867419,2026-08-25 10:01:43.863609,158.3,False,0,False,False,False,False
TCK-04538,mantenimiento_operativo,team_beta,2026-02-07 19:28:38.672616,2026-02-08 23:28:33.757977,28.0,False,0,False,True,False,False
TCK-04539,deuda_tecnica_critica,team_gamma,2026-06-16 02:36:09.621673,2026-06-29 02:52:40.076086,312.3,False,0,False,True,True,False
TCK-04540,soporte_reactivo,team_alpha,2025-12-22 01:22:10.850866,2025-12-24 05:20:53.050745,52.0,False,4,False,False,False,False
TCK-04541,mantenimiento_operativo,team_growth,2026-06-18 07:18:52.169616,2026-06-18 22:17:25.624235,15.0,False,0,True,True,True,False
TCK-04542,deuda_tecnica_critica,team_gamma,2026-01-28 06:05:14.041143,2026-01-28 10:22:23.009597,4.3,False,0,False,False,False,False
TCK-04543,deuda_tecnica_critica,team_growth,2026-09-02 03:02:04.589672,2026-09-07 18:55:20.569313,135.9,False,0,False,False,False,False
TCK-04544,soporte_reactivo,team_beta,2025-12-22 23:14:20.333342,2025-12-23 10:12:45.783478,11.0,False,0,False,False,False,False
TCK-04545,mantenimiento_operativo,team_beta,2026-05-13 13:00:40.491182,2026-05-14 18:41:37.240534,29.7,False,0,False,True,False,False
TCK-04546,soporte_reactivo,team_beta,2026-01-20 08:42:04.136685,2026-01-21 16:17:14.805632,31.6,False,4,False,False,False,False
TCK-04547,soporte_reactivo,team_gamma,2026-01-13 13:59:43.369213,2026-01-14 02:10:24.257356,12.2,False,0,False,False,False,False
TCK-04548,retencion_clientes,team_growth,2026-08-25 23:55:54.575082,2026-08-27 16:50:10.360997,40.9,False,0,False,False,False,False
TCK-04549,cumplimiento_regulatorio,team_growth,2026-03-23 11:07:37.487778,2026-03-24 04:23:33.615724,17.3,False,0,False,False,False,False
TCK-04550,soporte_reactivo,team_gamma,2026-02-05 01:47:55.371542,2026-02-06 10:58:24.239166,33.2,False,4,False,False,False,False
TCK-04551,soporte_reactivo,team_alpha,2026-07-08 14:01:57.089833,2026-07-09 07:49:02.180976,17.8,False,0,False,False,False,False
TCK-04552,mantenimiento_operativo,team_alpha,2025-12-22 06:01:07.406678,2025-12-22 18:19:41.183302,12.3,False,0,False,True,False,False
TCK-04553,retencion_clientes,team_growth,2025-12-27 02:12:44.048014,2025-12-27 23:01:32.159175,20.8,False,0,False,False,False,False
TCK-04554,retencion_clientes,team_gamma,2026-08-22 17:48:37.276976,2026-08-23 10:32:55.225265,16.7,False,0,False,False,False,False
TCK-04555,mantenimiento_operativo,team_gamma,2026-01-10 10:50:05.297118,2026-01-10 23:48:52.164976,13.0,False,0,False,True,False,False
TCK-04556,soporte_reactivo,team_growth,2026-04-18 18:23:18.684143,2026-04-19 17:40:17.219611,23.3,False,0,False,False,False,False
TCK-04557,deuda_tecnica_critica,team_beta,2026-06-02 01:02:18.774442,2026-06-12 02:51:39.095428,241.8,True,0,False,False,False,False
TCK-04558,retencion_clientes,team_beta,2026-06-16 10:56:35.718580,2026-06-16 21:29:29.751398,10.5,False,0,False,False,False,False
TCK-04559,mantenimiento_operativo,team_beta,2026-06-27 18:25:50.822791,2026-06-29 05:41:02.712092,35.3,True,0,True,True,False,False
TCK-04560,mantenimiento_operativo,team_beta,2026-02-10 06:23:13.388506,2026-02-10 17:56:31.635469,11.6,False,0,False,True,False,False
TCK-04561,soporte_reactivo,team_alpha,2026-07-14 18:31:54.419126,2026-07-16 10:50:55.051234,40.3,False,4,False,False,False,False
TCK-04562,cumplimiento_regulatorio,team_gamma,2026-05-20 02:40:42.763029,2026-05-20 10:14:05.910232,7.6,False,0,False,False,False,False
TCK-04563,retencion_clientes,team_growth,2026-06-27 13:50:06.506232,2026-06-29 00:46:18.025707,34.9,False,0,False,False,False,False
TCK-04564,soporte_reactivo,team_beta,2026-02-03 09:59:44.784015,2026-02-03 18:53:04.187099,8.9,False,0,False,False,False,False
TCK-04565,mantenimiento_operativo,team_beta,2026-04-26 08:29:54.914851,2026-04-27 03:44:21.403637,19.2,False,0,False,True,False,False
TCK-04566,soporte_reactivo,team_gamma,2026-02-03 22:29:17.013762,2026-02-04 08:57:01.487663,10.5,False,0,False,False,False,False
TCK-04567,deuda_tecnica_critica,team_alpha,2026-05-10 11:09:02.763407,2026-05-14 21:55:29.322333,106.8,False,0,False,False,False,False
TCK-04568,soporte_reactivo,team_beta,2026-02-21 12:55:57.233976,2026-02-22 17:01:46.935897,28.1,False,0,False,False,False,False
TCK-04569,cumplimiento_regulatorio,team_alpha,2026-06-03 18:59:29.031905,2026-06-04 11:40:53.240422,16.7,False,0,False,False,False,False
TCK-04570,deuda_tecnica_critica,team_growth,2026-08-26 06:20:58.703049,,,False,0,False,False,False,False
TCK-04571,soporte_reactivo,team_growth,2026-03-17 21:06:28.492508,2026-03-18 14:47:36.455957,17.7,False,0,False,False,False,False
TCK-04572,deuda_tecnica_critica,team_gamma,2026-08-20 01:44:10.654821,2026-08-20 13:25:54.810327,11.7,False,0,False,False,False,False
TCK-04573,soporte_reactivo,team_alpha,2026-03-10 08:07:41.517981,2026-03-10 19:40:34.764493,11.5,False,0,False,False,False,False
TCK-04574,cumplimiento_regulatorio,team_alpha,2026-07-15 02:39:58.177757,2026-07-16 04:41:30.967934,26.0,False,0,False,False,False,False
TCK-04575,mantenimiento_operativo,team_growth,2026-08-12 21:38:39.289663,2026-08-13 18:15:51.619961,20.6,False,0,True,True,False,False
TCK-04576,deuda_tecnica_critica,team_growth,2026-08-05 14:42:00.043513,2026-08-15 22:21:42.482972,247.7,False,0,False,False,False,False
TCK-04577,soporte_reactivo,team_growth,2026-06-29 00:02:50.444712,2026-06-29 18:41:47.334411,18.6,False,0,False,False,False,False
TCK-04578,soporte_reactivo,team_beta,2026-06-21 12:54:21.527059,2026-06-22 03:27:28.573200,14.6,False,0,False,False,False,False
TCK-04579,retencion_clientes,team_alpha,2026-07-19 11:37:10.244223,2026-07-20 08:06:12.028246,20.5,False,0,False,False,False,False
TCK-04580,deuda_tecnica_critica,team_beta,2026-08-05 07:46:31.111830,2026-08-10 22:37:54.083896,134.9,False,0,False,False,False,False
TCK-04581,mantenimiento_operativo,team_growth,2026-08-04 08:02:21.959635,2026-08-05 04:22:27.988953,20.3,False,0,False,True,False,False
TCK-04582,mantenimiento_operativo,team_gamma,2026-02-04 14:34:50.631048,2026-02-05 00:04:59.066318,9.5,False,0,False,False,False,False
TCK-04583,retencion_clientes,team_growth,2026-02-16 21:43:29.463110,2026-02-17 22:20:44.523628,24.6,False,0,False,False,False,False
TCK-04584,deuda_tecnica_critica,team_growth,2026-07-25 22:40:34.287065,2026-08-06 12:23:03.469203,277.7,False,0,False,False,False,False
TCK-04585,retencion_clientes,team_beta,2026-02-28 23:02:35.795463,2026-03-01 10:08:22.436709,11.1,False,0,False,False,False,False
TCK-04586,retencion_clientes,team_gamma,2026-05-02 15:41:38.407151,2026-05-03 09:30:04.179143,17.8,False,0,False,False,False,False
TCK-04587,soporte_reactivo,team_growth,2026-01-19 17:26:06.006052,2026-01-23 03:57:10.058517,82.5,False,4,False,False,False,False
TCK-04588,mantenimiento_operativo,team_alpha,2026-03-05 02:45:38.994671,2026-03-05 08:12:14.232593,5.4,False,0,True,True,False,False
TCK-04589,deuda_tecnica_critica,team_growth,2026-06-11 23:43:33.249522,2026-06-26 12:47:41.696309,349.1,False,0,False,True,False,False
TCK-04590,mantenimiento_operativo,team_gamma,2026-04-16 06:48:13.912300,2026-04-16 12:30:40.149434,5.7,False,0,True,False,False,False
TCK-04591,mantenimiento_operativo,team_growth,2026-06-06 21:38:42.340133,2026-06-08 03:31:16.637710,29.9,False,0,True,True,False,False
TCK-04592,mantenimiento_operativo,team_gamma,2026-04-26 07:31:23.928343,2026-04-26 13:57:11.266779,6.4,False,0,False,False,False,False
TCK-04593,mantenimiento_operativo,team_alpha,2025-12-19 14:39:24.966333,2025-12-20 08:39:48.378439,18.0,False,0,False,True,False,False
TCK-04594,mantenimiento_operativo,team_beta,2026-03-25 04:52:04.455900,2026-03-26 07:59:32.607350,27.1,False,0,False,True,False,False
TCK-04595,deuda_tecnica_critica,team_growth,2026-02-28 12:40:18.595020,2026-03-01 23:09:03.170889,34.5,False,0,False,True,False,False
TCK-04596,cumplimiento_regulatorio,team_gamma,2026-01-15 15:23:38.199026,2026-01-16 20:57:05.463251,29.6,False,0,False,False,False,False
TCK-04597,retencion_clientes,team_growth,2026-04-25 15:35:19.107664,2026-04-27 04:46:45.248294,37.2,False,0,False,False,False,False
TCK-04598,cumplimiento_regulatorio,team_growth,2026-04-01 09:20:43.765751,2026-04-02 06:15:59.175223,20.9,False,0,False,False,False,False
TCK-04599,soporte_reactivo,team_alpha,2026-03-04 15:16:31.920257,2026-03-07 15:05:52.197035,71.8,False,0,False,False,False,False
TCK-04600,deuda_tecnica_critica,team_gamma,2026-08-23 10:16:40.048046,2026-08-29 07:11:27.235458,140.9,False,0,False,True,False,False
TCK-04601,deuda_tecnica_critica,team_gamma,2026-08-09 13:21:34.959990,2026-08-10 02:54:41.100975,13.6,False,0,False,False,False,False
TCK-04602,soporte_reactivo,team_beta,2026-06-11 01:16:33.552977,2026-06-11 15:03:04.409438,13.8,False,0,False,False,False,False
TCK-04603,cumplimiento_regulatorio,team_beta,2026-05-22 18:21:19.458084,2026-05-23 02:38:03.041754,8.3,False,0,False,False,False,False
TCK-04604,retencion_clientes,team_gamma,2026-04-10 01:15:34.702546,2026-04-10 12:12:29.217982,10.9,False,0,False,False,False,False
TCK-04605,deuda_tecnica_critica,team_growth,2026-07-27 20:31:53.744898,2026-08-11 03:22:03.611055,342.8,False,0,False,False,False,False
TCK-04606,mantenimiento_operativo,team_growth,2026-06-03 18:08:57.555118,2026-06-05 05:01:57.247364,34.9,False,0,False,True,False,False
TCK-04607,cumplimiento_regulatorio,team_growth,2026-08-08 02:29:35.572728,2026-08-09 05:18:02.305887,26.8,False,0,False,False,False,False
TCK-04608,retencion_clientes,team_growth,2026-08-31 22:13:33.473701,2026-09-02 11:57:20.415823,37.7,False,0,False,False,False,False
TCK-04609,soporte_reactivo,team_growth,2026-04-29 00:39:15.396090,2026-04-30 09:28:51.935108,32.8,False,0,False,False,False,False
TCK-04610,mantenimiento_operativo,team_alpha,2026-01-05 20:16:41.209240,2026-01-06 02:51:43.959917,6.6,False,0,True,True,False,False
TCK-04611,mantenimiento_operativo,team_beta,2026-03-08 22:09:59.846686,2026-03-09 21:02:49.245730,22.9,False,0,False,False,False,False
TCK-04612,retencion_clientes,team_beta,2025-12-24 07:30:10.703489,2025-12-24 20:28:28.425270,13.0,False,0,False,False,False,False
TCK-04613,mantenimiento_operativo,team_alpha,2026-06-05 13:27:06.645462,2026-06-06 15:27:36.077247,26.0,False,0,False,False,False,False
TCK-04614,mantenimiento_operativo,team_growth,2026-07-09 15:53:24.661951,2026-07-10 17:34:21.476668,25.7,False,0,False,True,False,False
TCK-04615,soporte_reactivo,team_alpha,2026-06-29 18:21:08.547669,2026-06-30 17:38:49.318072,23.3,False,0,False,False,False,False
TCK-04616,soporte_reactivo,team_beta,2026-03-21 18:01:11.738995,2026-03-22 08:49:09.104784,14.8,False,0,False,False,False,False
TCK-04617,deuda_tecnica_critica,team_growth,2026-06-18 06:36:09.982856,2026-06-19 18:46:04.944898,36.2,True,0,False,False,False,False
TCK-04618,cumplimiento_regulatorio,team_beta,2025-12-27 14:20:19.487209,2025-12-28 01:08:56.382466,10.8,False,0,False,False,False,False
TCK-04619,mantenimiento_operativo,team_beta,2026-01-14 18:13:51.400122,2026-01-15 06:28:12.611455,12.2,False,0,False,True,False,False
TCK-04620,mantenimiento_operativo,team_gamma,2026-03-25 09:55:16.182897,2026-03-25 17:17:35.252494,7.4,False,0,True,True,False,False
TCK-04621,mantenimiento_operativo,team_gamma,2026-09-03 03:03:00.017401,2026-09-03 17:15:12.838579,14.2,False,0,False,True,False,False
TCK-04622,mantenimiento_operativo,team_growth,2026-05-04 22:54:49.669417,2026-05-05 20:46:07.306134,21.9,False,0,False,True,False,False
TCK-04623,mantenimiento_operativo,team_alpha,2026-08-20 09:28:44.980605,2026-08-20 22:21:01.300384,12.9,False,0,False,True,False,False
TCK-04624,mantenimiento_operativo,team_growth,2026-06-25 13:02:38.513298,2026-06-27 06:27:49.106040,41.4,False,0,False,True,True,False
TCK-04625,retencion_clientes,team_growth,2026-05-11 02:01:08.141516,2026-05-12 01:31:05.510636,23.5,False,0,False,False,False,False
TCK-04626,soporte_reactivo,team_beta,2026-07-26 02:38:57.062993,2026-07-26 19:10:05.348570,16.5,False,0,False,False,False,False
TCK-04627,mantenimiento_operativo,team_beta,2026-08-31 20:13:58.625542,2026-09-01 04:53:39.749282,8.7,False,0,True,True,False,False
TCK-04628,mantenimiento_operativo,team_alpha,2026-05-22 21:49:00.423324,2026-05-23 03:44:43.437751,5.9,False,0,False,True,False,False
TCK-04629,retencion_clientes,team_alpha,2026-01-31 14:23:33.069300,2026-02-01 11:12:04.768922,20.8,False,0,False,False,False,False
TCK-04630,cumplimiento_regulatorio,team_growth,2026-05-23 14:16:51.950992,2026-05-24 13:43:07.497407,23.4,False,0,False,False,False,False
TCK-04631,soporte_reactivo,team_alpha,2026-04-13 00:27:30.384346,2026-04-14 21:38:49.319319,45.2,False,4,False,False,False,False
TCK-04632,soporte_reactivo,team_beta,2026-09-02 20:48:52.039861,2026-09-04 08:44:24.402414,35.9,False,4,False,False,False,False
TCK-04633,mantenimiento_operativo,team_beta,2026-07-24 11:35:25.884525,2026-07-25 05:21:14.233408,17.8,False,0,False,True,False,False
TCK-04634,cumplimiento_regulatorio,team_growth,2026-08-07 22:59:02.733769,2026-08-09 01:52:19.531577,26.9,False,0,False,False,False,False
TCK-04635,deuda_tecnica_critica,team_growth,2026-05-25 00:06:10.900867,2026-05-25 22:55:18.101147,22.8,False,0,False,False,False,False
TCK-04636,retencion_clientes,team_gamma,2026-05-03 20:53:11.617159,2026-05-04 17:21:06.860601,20.5,False,0,False,False,False,False
TCK-04637,cumplimiento_regulatorio,team_alpha,2026-01-27 07:51:01.616404,2026-01-28 02:49:24.940864,19.0,False,0,False,False,False,False
TCK-04638,mantenimiento_operativo,team_alpha,2026-02-25 06:03:56.078871,2026-02-26 04:24:45.513361,22.3,False,0,True,True,False,False
TCK-04639,soporte_reactivo,team_gamma,2026-04-26 19:06:36.162149,2026-04-27 11:12:32.276581,16.1,False,0,False,False,False,False
TCK-04640,soporte_reactivo,team_beta,2026-05-25 04:01:31.837179,2026-05-27 19:44:22.957100,63.7,False,4,False,False,False,False
TCK-04641,deuda_tecnica_critica,team_beta,2026-03-06 02:10:07.919830,2026-03-06 11:43:14.758843,9.6,False,0,False,False,False,False
TCK-04642,mantenimiento_operativo,team_gamma,2026-01-02 22:16:25.432001,2026-01-03 02:36:27.975894,4.3,False,0,False,True,False,False
TCK-04643,deuda_tecnica_critica,team_growth,2026-08-27 00:10:57.632492,2026-08-27 22:13:54.807770,22.0,False,0,False,True,False,False
TCK-04644,deuda_tecnica_critica,team_alpha,2026-08-29 08:08:48.694523,,,False,0,False,False,False,False
TCK-04645,soporte_reactivo,team_beta,2026-03-17 16:10:54.184526,2026-03-18 10:21:54.860228,18.2,False,0,False,False,False,False
TCK-04646,cumplimiento_regulatorio,team_alpha,2026-05-26 17:30:17.244027,2026-05-27 22:37:35.150224,29.1,False,0,False,False,False,False
TCK-04647,retencion_clientes,team_gamma,2026-05-20 21:27:01.258393,2026-05-21 09:34:49.627312,12.1,False,0,False,False,False,False
TCK-04648,cumplimiento_regulatorio,team_alpha,2026-05-13 11:38:17.626958,2026-05-14 00:02:32.034492,12.4,False,0,False,False,False,False
TCK-04649,mantenimiento_operativo,team_gamma,2026-02-16 02:26:37.495243,2026-02-17 02:31:13.578060,24.1,False,0,False,True,False,False
TCK-04650,soporte_reactivo,team_alpha,2026-03-10 13:18:17.824171,2026-03-12 06:56:03.130716,41.6,False,4,False,False,False,False
TCK-04651,mantenimiento_operativo,team_growth,2026-01-10 17:52:20.063066,2026-01-11 14:03:22.766728,20.2,False,0,True,True,False,False
TCK-04652,cumplimiento_regulatorio,team_beta,2026-07-22 21:57:13.263168,2026-07-23 20:46:08.098643,22.8,False,0,False,False,False,False
TCK-04653,soporte_reactivo,team_beta,2026-02-15 11:27:50.519231,2026-02-16 05:59:07.588390,18.5,False,0,False,False,False,False
TCK-04654,mantenimiento_operativo,team_alpha,2026-02-16 23:14:38.186524,2026-02-17 07:22:33.758102,8.1,False,0,False,True,False,False
TCK-04655,deuda_tecnica_critica,team_alpha,2026-07-30 06:53:52.945514,2026-08-04 07:59:36.530389,121.1,False,0,False,False,False,False
TCK-04656,retencion_clientes,team_beta,2026-03-27 08:20:08.946958,2026-03-28 10:43:11.388988,26.4,False,0,False,False,False,False
TCK-04657,retencion_clientes,team_alpha,2026-03-25 12:59:28.828664,2026-03-26 06:12:14.084610,17.2,False,0,False,False,False,False
TCK-04658,soporte_reactivo,team_alpha,2026-08-26 14:37:42.277331,2026-08-29 08:54:42.953993,66.3,False,4,False,False,False,False
TCK-04659,deuda_tecnica_critica,team_growth,2026-08-19 13:32:46.274112,2026-09-05 03:12:29.003156,397.7,False,0,False,True,False,False
TCK-04660,cumplimiento_regulatorio,team_beta,2026-07-30 19:17:59.223060,2026-07-31 11:42:14.345334,16.4,False,0,False,False,False,False
TCK-04661,retencion_clientes,team_beta,2026-02-18 06:10:30.253153,2026-02-19 05:28:31.039094,23.3,False,0,False,False,False,False
TCK-04662,retencion_clientes,team_growth,2026-08-21 05:37:09.795967,2026-08-22 14:18:20.563587,32.7,False,0,False,False,False,False
TCK-04663,mantenimiento_operativo,team_growth,2026-07-31 08:47:54.530283,2026-08-02 01:12:16.390358,40.4,False,0,False,True,False,False
TCK-04664,soporte_reactivo,team_gamma,2026-06-12 04:24:09.482867,2026-06-12 14:15:32.462423,9.9,False,0,False,False,False,False
TCK-04665,soporte_reactivo,team_gamma,2026-05-14 02:23:18.821575,2026-05-16 03:25:49.462580,49.0,False,4,False,False,False,False
TCK-04666,mantenimiento_operativo,team_gamma,2026-06-06 14:47:14.977387,2026-06-07 06:42:07.634840,15.9,False,0,False,True,False,False
TCK-04667,mantenimiento_operativo,team_gamma,2026-01-06 17:05:32.760740,2026-01-07 05:52:24.906257,12.8,False,0,True,True,False,False
TCK-04668,mantenimiento_operativo,team_gamma,2026-03-22 05:11:59.592440,2026-03-22 19:22:50.098509,14.2,False,0,True,True,False,False
TCK-04669,soporte_reactivo,team_beta,2026-02-24 02:41:52.269268,2026-02-25 01:01:54.237553,22.3,False,0,False,False,False,False
TCK-04670,soporte_reactivo,team_alpha,2026-01-03 23:40:13.899354,2026-01-04 09:37:40.240338,10.0,False,0,False,False,False,False
TCK-04671,soporte_reactivo,team_beta,2026-04-05 16:45:24.097286,2026-04-06 13:17:55.474074,20.5,False,0,False,False,False,False
TCK-04672,soporte_reactivo,team_gamma,2026-08-18 21:58:31.583513,2026-08-19 09:00:07.920988,11.0,False,0,False,False,False,False
TCK-04673,retencion_clientes,team_alpha,2026-02-16 02:49:46.378447,2026-02-16 22:36:36.962648,19.8,False,0,False,False,False,False
TCK-04674,soporte_reactivo,team_alpha,2026-03-18 18:40:49.700303,2026-03-19 03:39:37.794874,9.0,False,0,False,False,False,False
TCK-04675,retencion_clientes,team_growth,2026-08-27 01:28:30.851464,2026-08-28 06:33:19.339790,29.1,False,0,False,False,False,False
TCK-04676,soporte_reactivo,team_gamma,2026-08-06 22:57:07.205826,2026-08-07 10:44:17.830875,11.8,False,0,False,False,False,False
TCK-04677,mantenimiento_operativo,team_gamma,2025-12-29 16:59:13.247288,2025-12-30 03:14:05.275851,10.2,False,0,False,True,False,False
TCK-04678,retencion_clientes,team_gamma,2026-07-12 22:46:11.252746,2026-07-13 18:06:11.832881,19.3,False,0,False,False,False,False
TCK-04679,deuda_tecnica_critica,team_gamma,2025-12-28 14:24:25.797851,2025-12-29 01:31:51.566997,11.1,False,0,False,False,False,False
TCK-04680,retencion_clientes,team_alpha,2026-03-04 20:45:43.023472,2026-03-05 07:08:21.620601,10.4,False,0,False,False,False,False
TCK-04681,mantenimiento_operativo,team_gamma,2026-07-15 09:46:00.858132,2026-07-16 07:36:47.201684,21.8,False,0,False,True,False,False
TCK-04682,mantenimiento_operativo,team_beta,2026-05-10 23:10:47.107844,2026-05-11 09:09:42.376568,10.0,True,0,False,True,False,False
TCK-04683,soporte_reactivo,team_growth,2026-01-23 12:58:49.951743,2026-01-24 07:15:26.912950,18.3,False,0,False,False,False,False
TCK-04684,soporte_reactivo,team_gamma,2025-12-16 09:40:20.226382,2025-12-16 21:50:23.917191,12.2,False,0,False,False,False,False
TCK-04685,deuda_tecnica_critica,team_beta,2025-12-21 02:12:11.558526,2025-12-21 14:02:29.122554,11.8,False,0,False,True,False,False
TCK-04686,mantenimiento_operativo,team_beta,2026-02-02 06:38:48.824541,2026-02-03 17:11:02.608347,34.5,True,0,True,True,False,False
TCK-04687,cumplimiento_regulatorio,team_beta,2026-08-07 21:44:20.721462,2026-08-08 17:21:09.915118,19.6,False,0,False,False,False,False
TCK-04688,deuda_tecnica_critica,team_gamma,2026-04-27 02:58:53.773400,2026-05-07 08:57:28.922705,246.0,False,0,False,True,False,False
TCK-04689,mantenimiento_operativo,team_alpha,2025-12-28 14:41:52.457318,2025-12-29 01:58:46.668455,11.3,False,0,False,True,False,False
TCK-04690,deuda_tecnica_critica,team_growth,2026-08-21 16:21:51.851718,2026-09-03 23:06:08.004638,318.7,False,0,False,False,False,False
TCK-04691,cumplimiento_regulatorio,team_beta,2026-04-15 20:00:15.552726,2026-04-16 02:18:59.985623,6.3,False,0,False,False,False,False
TCK-04692,retencion_clientes,team_growth,2026-04-04 15:45:17.596150,2026-04-05 15:18:02.185283,23.5,False,0,False,False,False,False
TCK-04693,mantenimiento_operativo,team_growth,2026-07-19 09:06:49.871206,2026-07-20 03:20:02.197245,18.2,False,0,True,True,False,False
TCK-04694,cumplimiento_regulatorio,team_growth,2026-05-21 09:43:18.568055,2026-05-24 02:10:34.646532,64.5,False,0,False,False,False,False
TCK-04695,soporte_reactivo,team_gamma,2026-04-03 20:44:15.021183,2026-04-04 10:40:01.037200,13.9,False,0,False,False,False,False
TCK-04696,mantenimiento_operativo,team_alpha,2026-07-04 09:23:42.318067,2026-07-04 23:31:38.128336,14.1,False,0,False,True,False,False
TCK-04697,retencion_clientes,team_alpha,2026-03-27 21:27:26.419277,2026-03-29 04:19:11.587884,30.9,False,0,False,False,False,False
TCK-04698,mantenimiento_operativo,team_alpha,2026-02-10 14:35:25.129998,2026-02-11 07:45:40.540911,17.2,False,0,False,True,False,False
TCK-04699,soporte_reactivo,team_growth,2026-05-20 12:13:58.127682,2026-05-21 20:51:15.465886,32.6,False,0,False,False,False,False
TCK-04700,soporte_reactivo,team_alpha,2026-05-16 07:04:23.109894,2026-05-17 03:46:24.091865,20.7,False,0,False,False,False,False
TCK-04701,cumplimiento_regulatorio,team_growth,2026-01-19 07:37:27.770272,2026-01-20 23:26:00.838455,39.8,True,0,False,False,False,False
TCK-04702,cumplimiento_regulatorio,team_alpha,2026-01-15 15:34:28.630727,2026-01-16 11:50:18.162419,20.3,False,0,False,False,False,False
TCK-04703,cumplimiento_regulatorio,team_beta,2026-06-05 11:27:50.332401,2026-06-05 21:18:43.651113,9.8,False,0,False,False,False,False
TCK-04704,deuda_tecnica_critica,team_growth,2026-01-31 12:45:28.131667,2026-01-31 22:23:23.981130,9.6,False,0,False,False,False,False
TCK-04705,soporte_reactivo,team_alpha,2026-06-14 10:10:54.418920,2026-06-14 19:37:59.782496,9.5,False,0,False,False,False,False
TCK-04706,mantenimiento_operativo,team_gamma,2026-03-31 20:14:09.807360,2026-04-01 04:32:17.331721,8.3,False,0,False,True,False,False
TCK-04707,soporte_reactivo,team_beta,2026-08-30 03:52:39.829646,2026-08-30 19:07:35.286436,15.2,False,0,False,False,False,False
TCK-04708,mantenimiento_operativo,team_gamma,2026-03-23 04:36:34.665597,2026-03-23 22:29:22.584579,17.9,False,0,False,True,False,False
TCK-04709,cumplimiento_regulatorio,team_growth,2026-03-05 20:46:53.428138,2026-03-07 22:54:49.761404,50.1,False,0,False,False,False,False
TCK-04710,mantenimiento_operativo,team_beta,2026-04-04 18:43:53.465800,2026-04-05 23:48:44.119474,29.1,True,0,False,True,False,False
TCK-04711,deuda_tecnica_critica,team_beta,2026-01-15 17:13:15.219030,2026-01-16 21:34:14.665983,28.3,True,0,False,True,False,False
TCK-04712,soporte_reactivo,team_beta,2025-12-22 23:18:29.313892,2025-12-23 14:17:25.981274,15.0,False,0,False,False,False,False
TCK-04713,soporte_reactivo,team_beta,2026-05-25 00:24:05.441598,2026-05-25 08:50:21.977159,8.4,False,0,False,False,False,False
TCK-04714,retencion_clientes,team_beta,2026-08-10 08:42:04.407456,2026-08-10 17:11:11.752661,8.5,False,0,False,False,False,False
TCK-04715,mantenimiento_operativo,team_beta,2026-04-02 02:19:27.346496,2026-04-02 22:28:37.245694,20.2,False,0,False,True,False,False
TCK-04716,mantenimiento_operativo,team_beta,2026-07-29 02:52:27.223713,2026-07-29 19:03:58.337958,16.2,False,0,False,True,False,False
TCK-04717,retencion_clientes,team_beta,2026-01-11 16:43:58.589209,2026-01-12 04:17:37.621857,11.6,False,0,False,False,False,False
TCK-04718,deuda_tecnica_critica,team_gamma,2026-05-18 09:55:36.331648,2026-05-18 23:38:05.418200,13.7,False,0,False,False,False,False
TCK-04719,cumplimiento_regulatorio,team_growth,2026-03-06 17:59:33.803595,2026-03-07 15:27:23.209743,21.5,False,0,False,False,False,False
TCK-04720,cumplimiento_regulatorio,team_alpha,2026-06-22 13:59:37.971845,2026-06-23 02:46:51.243716,12.8,False,0,False,False,False,False
TCK-04721,retencion_clientes,team_beta,2026-04-17 10:27:24.183146,2026-04-18 11:54:50.247440,25.5,False,0,False,False,False,False
TCK-04722,soporte_reactivo,team_gamma,2026-07-05 22:45:34.935473,2026-07-06 16:39:09.139738,17.9,False,0,False,False,False,False
TCK-04723,deuda_tecnica_critica,team_growth,2025-12-17 05:24:38.412022,2025-12-19 19:43:23.096867,62.3,False,0,False,False,False,False
TCK-04724,deuda_tecnica_critica,team_growth,2026-08-22 14:00:58.922616,2026-08-23 14:25:28.927327,24.4,False,0,False,False,False,False
TCK-04725,deuda_tecnica_critica,team_alpha,2026-08-04 03:39:58.631933,2026-08-10 18:02:42.490704,158.4,False,0,False,False,False,False
TCK-04726,mantenimiento_operativo,team_beta,2026-01-29 16:31:25.227151,2026-01-30 14:42:15.754714,22.2,False,0,False,True,False,False
TCK-04727,retencion_clientes,team_beta,2026-01-07 18:58:28.685821,2026-01-08 14:37:30.590552,19.7,False,0,False,False,False,False
TCK-04728,soporte_reactivo,team_alpha,2026-01-25 00:40:58.378901,2026-01-25 22:40:25.009371,22.0,False,0,False,False,False,False
TCK-04729,soporte_reactivo,team_alpha,2026-06-21 22:29:03.932338,2026-06-22 21:14:36.408166,22.8,False,0,False,False,False,False
TCK-04730,mantenimiento_operativo,team_alpha,2026-07-19 00:40:02.517083,2026-07-19 08:09:01.947724,7.5,False,0,False,False,False,False
TCK-04731,deuda_tecnica_critica,team_gamma,2026-08-14 18:02:49.576019,2026-08-15 04:54:12.953850,10.9,False,0,False,False,False,False
TCK-04732,soporte_reactivo,team_beta,2026-04-18 12:09:34.833714,2026-04-19 15:51:39.345902,27.7,False,0,False,False,False,False
TCK-04733,soporte_reactivo,team_gamma,2026-04-04 01:38:17.194630,2026-04-05 04:32:13.077211,26.9,False,4,False,False,False,False
TCK-04734,soporte_reactivo,team_beta,2026-08-12 23:28:39.847560,2026-08-13 19:55:46.191986,20.5,False,0,False,False,False,False
TCK-04735,mantenimiento_operativo,team_growth,2026-06-24 21:01:02.576936,2026-06-27 10:54:01.536367,61.9,False,0,False,False,False,False
TCK-04736,soporte_reactivo,team_gamma,2026-03-31 18:26:33.791561,2026-04-01 12:49:40.239508,18.4,False,0,False,False,False,False
TCK-04737,soporte_reactivo,team_alpha,2026-01-15 10:29:54.899279,2026-01-16 16:33:02.525591,30.1,False,4,False,False,False,False
TCK-04738,mantenimiento_operativo,team_gamma,2026-03-20 13:42:40.206967,2026-03-21 16:32:09.207483,26.8,False,0,False,True,False,False
TCK-04739,soporte_reactivo,team_alpha,2026-03-07 10:41:21.454477,2026-03-08 00:19:39.572390,13.6,False,0,False,False,False,False
TCK-04740,cumplimiento_regulatorio,team_growth,2026-05-19 00:25:41.039365,2026-05-19 16:15:35.454320,15.8,False,0,False,False,False,False
TCK-04741,deuda_tecnica_critica,team_alpha,2026-05-17 10:34:59.833183,2026-05-18 06:55:01.582984,20.3,False,0,False,False,False,False
TCK-04742,soporte_reactivo,team_alpha,2026-01-28 12:22:00.703825,2026-01-29 16:25:56.096191,28.1,False,0,False,False,False,False
TCK-04743,mantenimiento_operativo,team_beta,2026-05-18 14:48:05.198955,2026-05-19 05:43:27.887349,14.9,False,0,False,False,False,False
TCK-04744,soporte_reactivo,team_beta,2026-02-12 18:26:39.712669,2026-02-13 11:52:47.379540,17.4,False,0,False,False,False,False
TCK-04745,soporte_reactivo,team_alpha,2026-04-07 07:41:51.207757,2026-04-08 19:22:32.531285,35.7,False,4,False,False,False,False
TCK-04746,retencion_clientes,team_growth,2026-06-14 05:29:56.418835,2026-06-15 14:10:07.163389,32.7,False,0,False,False,False,False
TCK-04747,deuda_tecnica_critica,team_growth,2026-04-25 03:39:01.107135,2026-04-26 15:15:19.156147,35.6,True,0,False,True,False,False
TCK-04748,cumplimiento_regulatorio,team_beta,2026-01-30 22:31:20.735420,2026-01-31 22:48:46.666224,24.3,False,0,False,False,False,False
TCK-04749,soporte_reactivo,team_alpha,2026-04-13 06:57:13.382641,2026-04-13 23:00:06.405710,16.0,False,0,False,False,False,False
TCK-04750,mantenimiento_operativo,team_gamma,2025-12-25 00:34:43.209602,2025-12-25 13:19:29.809000,12.7,False,0,False,True,False,False
TCK-04751,cumplimiento_regulatorio,team_growth,2026-03-27 23:28:11.082423,2026-03-29 00:57:01.844930,25.5,False,0,False,False,False,False
TCK-04752,soporte_reactivo,team_beta,2026-03-01 03:58:38.999589,2026-03-03 03:46:02.957919,47.8,False,4,False,False,False,False
TCK-04753,mantenimiento_operativo,team_beta,2026-07-22 03:08:29.440670,2026-07-23 02:30:48.056081,23.4,False,0,False,True,False,False
TCK-04754,soporte_reactivo,team_gamma,2026-07-08 20:38:08.783864,2026-07-09 20:49:10.978718,24.2,False,0,False,False,False,False
TCK-04755,mantenimiento_operativo,team_growth,2026-08-31 14:44:08.827165,2026-09-02 04:09:56.233201,37.4,False,0,True,True,False,False
TCK-04756,retencion_clientes,team_beta,2026-06-06 10:17:18.707963,2026-06-06 22:53:22.554747,12.6,False,0,False,False,False,False
TCK-04757,mantenimiento_operativo,team_gamma,2026-03-21 03:11:56.917123,2026-03-22 04:47:53.083164,25.6,False,0,False,True,False,False
TCK-04758,mantenimiento_operativo,team_beta,2026-08-13 14:01:25.564726,2026-08-13 22:56:36.515098,8.9,False,0,False,True,False,False
TCK-04759,cumplimiento_regulatorio,team_beta,2026-05-13 21:01:21.891266,2026-05-14 06:22:44.931446,9.4,False,0,False,False,False,False
TCK-04760,cumplimiento_regulatorio,team_growth,2026-06-28 12:36:03.831817,2026-06-30 03:05:55.114104,38.5,False,0,False,False,False,False
TCK-04761,retencion_clientes,team_growth,2026-04-07 07:28:37.612606,2026-04-09 13:02:27.852345,53.6,True,0,False,False,False,False
TCK-04762,mantenimiento_operativo,team_beta,2026-08-11 19:33:07.872166,2026-08-12 06:16:10.559709,10.7,False,0,False,True,False,False
TCK-04763,cumplimiento_regulatorio,team_growth,2026-03-27 00:45:16.843976,2026-03-27 15:18:59.235792,14.6,False,0,False,False,False,False
TCK-04764,deuda_tecnica_critica,team_beta,2026-01-30 03:02:25.566645,2026-01-30 20:55:26.302389,17.9,False,0,False,True,False,False
TCK-04765,soporte_reactivo,team_alpha,2026-04-08 10:33:50.926240,2026-04-09 07:46:34.249480,21.2,False,0,False,False,False,False
TCK-04766,deuda_tecnica_critica,team_alpha,2026-07-30 16:52:21.869594,2026-08-05 14:29:30.370049,141.6,False,0,False,True,False,False
TCK-04767,retencion_clientes,team_growth,2026-01-23 07:45:31.879724,2026-01-24 00:54:27.871835,17.1,False,0,False,False,False,False
TCK-04768,cumplimiento_regulatorio,team_alpha,2026-03-18 10:33:18.818471,2026-03-19 12:41:01.352509,26.1,True,0,False,False,False,False
TCK-04769,soporte_reactivo,team_gamma,2026-07-14 03:08:35.213381,2026-07-15 05:10:58.216730,26.0,False,0,False,False,False,False
TCK-04770,soporte_reactivo,team_growth,2026-08-07 21:13:50.000823,2026-08-09 03:14:17.830414,30.0,False,0,False,False,False,False
TCK-04771,retencion_clientes,team_beta,2026-01-04 11:55:15.134746,2026-01-04 23:29:16.959085,11.6,False,0,False,False,False,False
TCK-04772,mantenimiento_operativo,team_beta,2026-08-20 02:56:13.361268,2026-08-20 17:10:00.731514,14.2,False,0,False,True,False,False
TCK-04773,soporte_reactivo,team_gamma,2026-07-20 21:03:12.166732,2026-07-21 08:56:38.971765,11.9,False,0,False,False,False,False
TCK-04774,deuda_tecnica_critica,team_alpha,2026-03-27 09:42:15.205394,2026-03-28 13:34:09.778439,27.9,False,0,False,True,False,False
TCK-04775,soporte_reactivo,team_alpha,2026-01-28 14:09:25.739344,2026-01-30 04:40:49.808321,38.5,False,4,False,False,False,False
TCK-04776,cumplimiento_regulatorio,team_alpha,2026-05-11 15:16:19.811545,2026-05-12 03:13:56.631996,12.0,False,0,False,False,False,False
TCK-04777,soporte_reactivo,team_gamma,2026-02-12 18:52:02.436962,2026-02-13 01:06:45.945049,6.2,False,0,False,False,False,False
TCK-04778,soporte_reactivo,team_beta,2026-03-04 09:41:55.878616,2026-03-04 23:42:51.627882,14.0,False,0,False,False,False,False
TCK-04779,mantenimiento_operativo,team_alpha,2026-08-20 17:50:36.455301,2026-08-21 02:05:23.760979,8.2,False,0,True,True,False,False
TCK-04780,deuda_tecnica_critica,team_growth,2026-08-30 22:19:48.934106,,,False,0,False,True,False,False
TCK-04781,mantenimiento_operativo,team_beta,2026-04-27 08:24:04.226627,2026-04-27 15:04:25.716728,6.7,False,0,False,True,False,False
TCK-04782,cumplimiento_regulatorio,team_gamma,2026-07-17 18:46:03.876966,2026-07-18 08:31:33.343630,13.8,False,0,False,False,False,False
TCK-04783,soporte_reactivo,team_gamma,2026-05-11 21:57:38.430831,2026-05-12 09:03:59.284066,11.1,False,0,False,False,False,False
TCK-04784,mantenimiento_operativo,team_gamma,2026-08-09 10:42:06.234814,2026-08-10 02:52:50.548624,16.2,False,0,False,True,False,False
TCK-04785,deuda_tecnica_critica,team_growth,2026-01-06 16:26:02.349693,2026-01-07 14:20:16.924957,21.9,False,0,False,False,False,False
TCK-04786,retencion_clientes,team_growth,2026-03-30 20:41:46.101268,2026-03-31 21:41:10.165884,25.0,False,0,False,False,False,False
TCK-04787,cumplimiento_regulatorio,team_growth,2026-03-04 16:19:08.173030,2026-03-05 09:53:03.478399,17.6,False,0,False,False,False,False
TCK-04788,soporte_reactivo,team_gamma,2026-04-09 22:12:23.007653,2026-04-10 15:15:24.868961,17.1,False,0,False,False,False,False
TCK-04789,mantenimiento_operativo,team_gamma,2026-02-12 04:26:54.848891,2026-02-12 14:19:24.081529,9.9,False,0,True,True,False,False
TCK-04790,mantenimiento_operativo,team_beta,2026-04-05 10:24:05.231597,2026-04-05 17:27:32.861588,7.1,False,0,False,True,False,False
TCK-04791,deuda_tecnica_critica,team_beta,2026-02-07 05:30:13.036776,2026-02-07 19:01:31.637676,13.5,False,0,False,False,False,False
TCK-04792,deuda_tecnica_critica,team_beta,2025-12-28 05:11:10.274006,2026-01-06 10:30:51.900205,221.3,False,0,False,True,False,False
TCK-04793,retencion_clientes,team_gamma,2026-04-19 13:49:56.570474,2026-04-20 10:09:26.372752,20.3,False,0,False,False,False,False
TCK-04794,cumplimiento_regulatorio,team_alpha,2026-02-27 10:20:16.214282,2026-02-28 03:43:02.936003,17.4,False,0,False,False,False,False
TCK-04795,retencion_clientes,team_growth,2026-05-10 18:24:44.918041,2026-05-11 13:37:27.555136,19.2,False,0,False,False,False,False
TCK-04796,cumplimiento_regulatorio,team_growth,2026-05-29 07:02:09.008023,2026-05-30 05:48:11.363837,22.8,False,0,False,False,False,False
TCK-04797,cumplimiento_regulatorio,team_growth,2026-06-04 10:13:31.827571,2026-06-05 08:19:36.974367,22.1,False,0,False,False,False,False
TCK-04798,soporte_reactivo,team_beta,2026-03-26 16:40:49.111675,2026-03-28 11:23:21.586776,42.7,False,4,False,False,False,False
TCK-04799,retencion_clientes,team_growth,2026-02-16 16:56:51.700639,2026-02-18 07:58:19.101975,39.0,False,0,False,False,False,False
TCK-04800,deuda_tecnica_critica,team_alpha,2026-06-01 21:59:26.491229,2026-06-06 18:58:07.534291,117.0,False,0,False,False,False,False
TCK-04801,deuda_tecnica_critica,team_beta,2026-08-01 06:05:53.938123,2026-08-09 13:50:24.871984,199.7,False,0,False,False,False,False
TCK-04802,soporte_reactivo,team_gamma,2026-05-16 15:42:07.536035,2026-05-17 17:24:04.558215,25.7,False,0,False,False,False,False
TCK-04803,mantenimiento_operativo,team_gamma,2026-07-05 00:49:23.623028,2026-07-05 18:45:38.932832,17.9,False,0,False,True,False,False
TCK-04804,mantenimiento_operativo,team_gamma,2026-07-15 21:29:34.241300,2026-07-16 16:26:40.133589,19.0,False,0,False,True,False,False
TCK-04805,soporte_reactivo,team_alpha,2026-05-20 01:18:20.540852,2026-05-21 03:15:56.852833,26.0,False,0,False,False,False,False
TCK-04806,soporte_reactivo,team_beta,2026-01-12 11:56:44.735333,2026-01-13 02:07:56.825436,14.2,True,0,False,False,False,False
TCK-04807,retencion_clientes,team_gamma,2026-06-27 15:59:05.011929,2026-06-28 12:37:46.672173,20.6,True,0,False,False,False,False
TCK-04808,retencion_clientes,team_gamma,2026-01-08 13:36:13.963183,2026-01-09 18:53:22.340797,29.3,False,0,False,False,False,False
TCK-04809,mantenimiento_operativo,team_alpha,2026-05-20 14:07:49.143854,2026-05-21 07:15:35.890527,17.1,False,0,False,False,False,False
TCK-04810,soporte_reactivo,team_beta,2026-01-13 20:31:25.307874,2026-01-15 00:42:56.201412,28.2,False,4,False,False,False,False
TCK-04811,soporte_reactivo,team_gamma,2026-07-31 11:15:56.514274,2026-08-01 13:09:40.639148,25.9,False,0,False,False,False,False
TCK-04812,cumplimiento_regulatorio,team_alpha,2026-07-23 12:21:59.295367,2026-07-23 23:06:48.985490,10.7,False,0,False,False,False,False
TCK-04813,mantenimiento_operativo,team_beta,2026-08-06 16:00:51.207507,2026-08-07 17:46:41.756190,25.8,False,0,False,False,False,False
TCK-04814,cumplimiento_regulatorio,team_growth,2026-01-05 19:10:22.050799,2026-01-06 16:17:37.879678,21.1,False,0,False,False,False,False
TCK-04815,soporte_reactivo,team_growth,2026-05-04 20:08:32.441626,2026-05-05 14:03:35.072320,17.9,False,0,False,False,False,False
TCK-04816,soporte_reactivo,team_gamma,2026-01-01 03:26:51.294904,2026-01-01 18:22:00.261652,14.9,False,0,False,False,False,False
TCK-04817,deuda_tecnica_critica,team_growth,2026-02-03 21:25:50.336045,2026-02-04 14:23:07.705595,17.0,False,0,False,True,False,False
TCK-04818,retencion_clientes,team_alpha,2026-06-27 10:15:20.406423,2026-06-28 18:19:59.188923,32.1,False,0,False,False,False,False
TCK-04819,soporte_reactivo,team_alpha,2026-03-28 17:27:39.544610,2026-03-31 04:38:48.466822,59.2,False,4,False,False,False,False
TCK-04820,soporte_reactivo,team_beta,2026-07-12 09:03:13.879631,2026-07-15 03:46:21.035738,66.7,False,4,False,False,False,False
TCK-04821,soporte_reactivo,team_beta,2026-04-23 01:00:04.626172,2026-04-23 17:06:05.663626,16.1,False,0,False,False,False,False
TCK-04822,deuda_tecnica_critica,team_growth,2025-12-27 04:45:10.730897,2025-12-29 17:24:31.261558,60.7,True,0,False,False,False,False
TCK-04823,mantenimiento_operativo,team_growth,2026-05-28 18:42:42.564981,2026-05-29 19:24:07.705418,24.7,False,0,False,True,False,False
TCK-04824,mantenimiento_operativo,team_beta,2026-07-27 12:54:06.538134,2026-07-27 20:06:40.222078,7.2,False,0,True,False,False,False
TCK-04825,soporte_reactivo,team_gamma,2026-06-12 14:53:33.188785,2026-06-13 21:18:31.831093,30.4,False,4,False,False,False,False
TCK-04826,cumplimiento_regulatorio,team_gamma,2026-08-15 16:27:45.451284,2026-08-16 03:02:10.100563,10.6,False,0,False,False,False,False
TCK-04827,deuda_tecnica_critica,team_alpha,2026-04-15 10:49:56.346414,2026-04-16 00:42:50.241085,13.9,False,0,False,True,False,False
TCK-04828,cumplimiento_regulatorio,team_growth,2026-02-20 20:40:20.210203,2026-02-21 17:52:08.889351,21.2,False,0,False,False,False,False
TCK-04829,cumplimiento_regulatorio,team_growth,2026-02-04 16:36:41.545542,2026-02-05 09:18:59.229775,16.7,False,0,False,False,False,False
TCK-04830,retencion_clientes,team_alpha,2026-01-15 15:12:08.703345,2026-01-16 04:35:49.870593,13.4,False,0,False,False,False,False
TCK-04831,soporte_reactivo,team_beta,2026-05-13 17:18:35.730387,2026-05-14 09:24:06.234675,16.1,True,0,False,False,False,False
TCK-04832,deuda_tecnica_critica,team_gamma,2026-03-16 18:59:11.490043,2026-03-17 08:27:30.520370,13.5,False,0,False,False,False,False
TCK-04833,mantenimiento_operativo,team_alpha,2026-07-11 13:02:53.047433,2026-07-12 00:48:35.730828,11.8,False,0,True,False,False,False
TCK-04834,cumplimiento_regulatorio,team_gamma,2026-04-24 14:11:48.761787,2026-04-25 08:21:01.053320,18.2,False,0,False,False,False,False
TCK-04835,soporte_reactivo,team_beta,2026-02-26 18:47:08.316264,2026-02-27 21:29:04.559097,26.7,False,4,False,False,False,False
TCK-04836,mantenimiento_operativo,team_beta,2026-01-18 01:13:15.283267,2026-01-18 15:09:40.335321,13.9,False,0,False,False,False,False
TCK-04837,mantenimiento_operativo,team_alpha,2026-07-31 06:05:50.573514,2026-08-01 01:47:10.405848,19.7,False,0,False,True,False,False
TCK-04838,cumplimiento_regulatorio,team_growth,2026-03-21 14:37:47.013438,2026-03-23 05:13:39.973899,38.6,False,0,False,False,False,False
TCK-04839,cumplimiento_regulatorio,team_growth,2026-06-18 05:08:44.273107,2026-06-18 21:04:01.299747,15.9,False,0,False,False,False,False
TCK-04840,mantenimiento_operativo,team_beta,2026-03-31 13:11:56.763193,2026-04-01 19:24:17.353235,30.2,False,0,False,True,False,False
TCK-04841,retencion_clientes,team_beta,2026-08-17 05:38:57.859236,2026-08-17 22:37:05.689392,17.0,False,0,False,False,False,False
TCK-04842,cumplimiento_regulatorio,team_growth,2026-06-28 19:04:08.606851,2026-06-29 23:14:25.722545,28.2,False,0,False,False,False,False
TCK-04843,retencion_clientes,team_growth,2026-06-17 07:00:50.601144,2026-06-17 19:08:02.297448,12.1,False,0,False,False,False,False
TCK-04844,mantenimiento_operativo,team_alpha,2026-08-14 01:57:35.549270,2026-08-14 21:31:24.798069,19.6,False,0,False,True,False,False
TCK-04845,soporte_reactivo,team_beta,2026-09-02 21:40:16.811186,,,False,0,False,False,False,False
TCK-04846,deuda_tecnica_critica,team_beta,2026-06-27 04:36:06.188296,2026-07-05 14:39:49.200402,202.1,False,0,False,False,False,False
TCK-04847,cumplimiento_regulatorio,team_alpha,2026-01-05 00:53:21.932098,2026-01-05 18:29:36.056092,17.6,False,0,False,False,False,False
TCK-04848,deuda_tecnica_critica,team_growth,2026-03-14 13:46:27.650665,2026-03-16 01:18:07.948049,35.5,False,0,False,True,False,False
TCK-04849,deuda_tecnica_critica,team_growth,2026-05-04 22:36:27.622272,2026-05-06 10:15:14.694679,35.6,False,0,False,True,False,False
TCK-04850,deuda_tecnica_critica,team_beta,2026-07-29 00:43:51.143638,2026-08-06 20:05:57.122329,211.4,False,0,False,False,False,False
TCK-04851,soporte_reactivo,team_growth,2026-02-16 19:12:57.131034,2026-02-17 10:53:03.681961,15.7,False,0,False,False,False,False
TCK-04852,retencion_clientes,team_alpha,2026-07-03 15:50:57.800052,2026-07-04 09:09:42.199797,17.3,False,0,False,False,False,False
TCK-04853,mantenimiento_operativo,team_alpha,2026-01-11 06:30:07.342208,2026-01-11 14:24:33.840487,7.9,False,0,True,True,False,False
TCK-04854,cumplimiento_regulatorio,team_growth,2026-06-20 21:35:31.976595,2026-06-22 05:09:49.241867,31.6,False,0,False,False,False,False
TCK-04855,retencion_clientes,team_growth,2026-01-25 17:56:30.216370,2026-01-27 02:20:46.822641,32.4,False,0,False,False,False,False
TCK-04856,cumplimiento_regulatorio,team_gamma,2026-08-12 09:41:05.443830,2026-08-13 07:49:05.505433,22.1,False,0,False,False,False,False
TCK-04857,mantenimiento_operativo,team_beta,2026-01-11 09:15:46.862524,2026-01-11 13:26:49.245645,4.2,False,0,True,True,False,False
TCK-04858,retencion_clientes,team_growth,2026-05-11 16:12:46.358135,2026-05-13 18:52:33.648871,50.7,False,0,False,False,False,False
TCK-04859,deuda_tecnica_critica,team_growth,2026-07-22 20:51:46.677845,2026-08-07 14:35:05.361169,377.7,False,0,False,False,False,False
TCK-04860,soporte_reactivo,team_gamma,2026-05-27 15:40:18.731741,2026-05-28 03:22:31.969066,11.7,False,0,False,False,False,False
TCK-04861,soporte_reactivo,team_gamma,2026-01-11 09:49:29.322001,2026-01-12 14:02:15.945630,28.2,False,0,False,False,False,False
TCK-04862,soporte_reactivo,team_alpha,2026-03-05 02:39:40.302386,2026-03-06 01:39:42.111085,23.0,False,0,False,False,False,False
TCK-04863,deuda_tecnica_critica,team_beta,2026-01-24 20:57:45.833180,2026-01-25 02:24:15.132558,5.4,False,0,False,False,False,False
TCK-04864,cumplimiento_regulatorio,team_growth,2026-05-01 14:05:35.010989,2026-05-02 03:01:14.838445,12.9,False,0,False,False,False,False
TCK-04865,cumplimiento_regulatorio,team_beta,2026-03-12 03:12:20.828736,2026-03-12 13:45:32.002421,10.6,False,0,False,False,False,False
TCK-04866,mantenimiento_operativo,team_beta,2025-12-30 16:40:59.115036,2025-12-31 00:00:39.540970,7.3,False,0,True,False,False,False
TCK-04867,soporte_reactivo,team_growth,2026-08-19 10:04:39.659812,2026-08-20 02:32:27.670402,16.5,False,0,False,False,False,False
TCK-04868,retencion_clientes,team_growth,2026-07-11 09:25:11.082964,2026-07-12 08:14:30.918251,22.8,False,0,False,False,False,False
TCK-04869,retencion_clientes,team_alpha,2026-05-17 04:05:01.015114,2026-05-17 14:49:15.542978,10.7,False,0,False,False,False,False
TCK-04870,deuda_tecnica_critica,team_beta,2026-05-25 04:26:33.582823,2026-05-25 17:00:58.809622,12.6,False,0,False,True,False,False
TCK-04871,deuda_tecnica_critica,team_gamma,2026-03-31 10:00:13.122431,2026-04-09 00:35:41.949537,206.6,False,0,False,False,False,False
TCK-04872,soporte_reactivo,team_gamma,2026-04-25 07:47:27.717374,2026-04-25 20:17:46.687167,12.5,False,0,False,False,False,False
TCK-04873,mantenimiento_operativo,team_beta,2026-02-13 23:29:14.147062,2026-02-14 16:22:13.749995,16.9,True,0,False,True,False,False
TCK-04874,mantenimiento_operativo,team_gamma,2026-03-30 22:46:32.487887,2026-03-31 21:11:58.352629,22.4,False,0,False,True,False,False
TCK-04875,retencion_clientes,team_gamma,2026-04-05 10:01:54.258431,2026-04-07 02:04:36.598991,40.0,False,0,False,False,False,False
TCK-04876,mantenimiento_operativo,team_alpha,2026-06-03 08:20:28.746802,2026-06-04 10:46:31.735718,26.4,True,0,True,True,False,False
TCK-04877,soporte_reactivo,team_alpha,2026-02-11 20:28:24.075505,2026-02-12 09:43:30.570593,13.3,False,0,False,False,False,False
TCK-04878,deuda_tecnica_critica,team_alpha,2026-04-02 03:44:12.626787,2026-04-02 23:40:59.741833,19.9,False,0,False,False,False,False
TCK-04879,retencion_clientes,team_alpha,2026-02-14 00:59:44.081103,2026-02-14 15:40:54.327386,14.7,False,0,False,False,False,False
TCK-04880,cumplimiento_regulatorio,team_alpha,2025-12-30 19:23:59.136060,2025-12-31 05:02:50.608023,9.6,False,0,False,False,False,False
TCK-04881,mantenimiento_operativo,team_gamma,2026-02-19 08:36:26.675325,2026-02-20 00:24:18.445462,15.8,False,0,False,False,False,False
TCK-04882,cumplimiento_regulatorio,team_gamma,2026-06-10 21:43:52.737988,2026-06-11 10:49:12.007461,13.1,False,0,False,False,False,False
TCK-04883,soporte_reactivo,team_beta,2025-12-19 06:23:47.720496,2025-12-19 15:39:59.081010,9.3,False,0,False,False,False,False
TCK-04884,retencion_clientes,team_gamma,2026-03-22 16:40:06.690438,2026-03-23 03:48:08.284883,11.1,False,0,False,False,False,False
TCK-04885,mantenimiento_operativo,team_alpha,2026-07-14 01:54:11.815012,2026-07-14 12:48:32.302011,10.9,False,0,True,True,False,False
TCK-04886,soporte_reactivo,team_alpha,2025-12-30 12:21:30.755836,2025-12-31 02:26:14.209411,14.1,False,0,False,False,False,False
TCK-04887,deuda_tecnica_critica,team_gamma,2026-02-24 20:12:10.645543,2026-03-02 20:13:04.385141,144.0,False,0,False,False,False,False
TCK-04888,cumplimiento_regulatorio,team_gamma,2026-04-12 10:47:04.884307,2026-04-12 19:03:02.995217,8.3,False,0,False,False,False,False
TCK-04889,soporte_reactivo,team_gamma,2026-03-07 20:00:33.192789,2026-03-08 16:14:58.345356,20.2,False,0,False,False,False,False
TCK-04890,soporte_reactivo,team_beta,2026-07-13 18:15:47.261263,2026-07-14 00:10:48.719472,5.9,False,0,False,False,False,False
TCK-04891,deuda_tecnica_critica,team_gamma,2026-04-20 03:39:26.230526,2026-04-20 19:08:07.260206,15.5,False,0,False,False,False,False
TCK-04892,soporte_reactivo,team_beta,2026-08-31 04:05:27.660176,2026-08-31 19:27:13.277470,15.4,False,0,False,False,False,False
TCK-04893,deuda_tecnica_critica,team_gamma,2026-04-20 16:19:30.507610,2026-04-29 11:42:06.630559,211.4,False,0,False,True,False,False
TCK-04894,cumplimiento_regulatorio,team_alpha,2026-08-04 17:31:19.654578,2026-08-05 14:47:17.565602,21.3,False,0,False,False,False,False
TCK-04895,soporte_reactivo,team_gamma,2026-04-18 18:15:16.643687,2026-04-20 20:12:09.028984,49.9,False,4,False,False,False,False
TCK-04896,mantenimiento_operativo,team_beta,2026-08-14 09:55:14.726285,2026-08-14 19:41:56.725082,9.8,False,0,False,True,False,False
TCK-04897,soporte_reactivo,team_alpha,2025-12-20 04:59:18.677656,2025-12-21 01:08:59.414021,20.2,False,0,False,False,False,False
TCK-04898,mantenimiento_operativo,team_alpha,2026-07-15 19:12:08.652292,2026-07-16 17:38:08.326192,22.4,False,0,True,True,False,False
TCK-04899,retencion_clientes,team_gamma,2026-01-31 03:05:46.664472,2026-01-31 16:00:03.097451,12.9,False,0,False,False,False,False
TCK-04900,deuda_tecnica_critica,team_growth,2026-01-12 14:18:08.726118,2026-01-15 05:01:10.398614,62.7,False,0,False,True,False,False
TCK-04901,soporte_reactivo,team_gamma,2026-02-13 10:14:08.416390,2026-02-15 11:03:29.805848,48.8,False,4,False,False,False,False
TCK-04902,cumplimiento_regulatorio,team_gamma,2026-04-16 02:20:50.109970,2026-04-16 16:07:12.828006,13.8,False,0,False,False,False,False
TCK-04903,mantenimiento_operativo,team_gamma,2026-06-12 16:09:50.808907,2026-06-13 06:01:02.235005,13.9,False,0,False,True,False,False
TCK-04904,mantenimiento_operativo,team_growth,2026-08-22 00:34:21.068963,2026-08-24 00:01:58.568334,47.5,False,0,False,True,False,False
TCK-04905,soporte_reactivo,team_gamma,2026-03-01 02:49:53.192285,2026-03-03 19:49:54.250822,65.0,True,4,False,False,False,False
TCK-04906,mantenimiento_operativo,team_growth,2026-06-18 01:54:40.728308,2026-06-20 02:34:40.519493,48.7,False,0,False,True,True,False
TCK-04907,mantenimiento_operativo,team_alpha,2025-12-22 05:09:17.941596,2025-12-23 03:37:56.150708,22.5,False,0,False,True,False,False
TCK-04908,cumplimiento_regulatorio,team_growth,2026-04-10 06:31:25.956288,2026-04-11 20:32:58.096681,38.0,False,0,False,False,False,False
TCK-04909,deuda_tecnica_critica,team_alpha,2026-02-01 12:25:55.789028,2026-02-07 22:30:02.820209,154.1,False,0,False,True,False,False
TCK-04910,deuda_tecnica_critica,team_gamma,2026-03-02 19:32:30.738043,2026-03-03 05:31:03.650301,10.0,False,0,False,True,False,False
TCK-04911,mantenimiento_operativo,team_alpha,2026-09-03 04:21:03.531164,2026-09-03 11:10:11.915517,6.8,False,0,True,True,False,False
TCK-04912,mantenimiento_operativo,team_growth,2026-03-25 14:52:02.472838,2026-03-26 01:35:47.666660,10.7,False,0,True,True,False,False
TCK-04913,deuda_tecnica_critica,team_gamma,2026-06-16 06:15:26.979172,2026-06-16 20:16:57.156507,14.0,False,0,False,True,True,False
TCK-04914,mantenimiento_operativo,team_gamma,2025-12-28 09:58:36.544789,2025-12-28 13:37:36.139306,3.6,False,0,True,True,False,False
TCK-04915,mantenimiento_operativo,team_beta,2026-04-13 07:59:17.372575,2026-04-13 18:04:29.714548,10.1,False,0,False,False,False,False
TCK-04916,mantenimiento_operativo,team_alpha,2026-08-05 02:12:29.286848,2026-08-05 15:18:43.385742,13.1,False,0,False,True,False,False
TCK-04917,deuda_tecnica_critica,team_alpha,2026-07-31 08:04:56.054493,2026-08-08 19:29:08.109861,203.4,False,0,False,False,False,False
TCK-04918,mantenimiento_operativo,team_alpha,2026-02-11 01:20:54.972506,2026-02-11 13:58:47.787866,12.6,False,0,False,True,False,False
TCK-04919,deuda_tecnica_critica,team_alpha,2026-05-02 05:58:46.900573,2026-05-02 23:41:11.951925,17.7,False,0,False,True,False,False
TCK-04920,mantenimiento_operativo,team_alpha,2026-04-24 17:24:10.990196,2026-04-25 11:40:01.681563,18.3,False,0,False,False,False,False
TCK-04921,mantenimiento_operativo,team_beta,2026-05-28 13:24:04.728929,2026-05-29 09:57:28.772214,20.6,False,0,False,True,False,False
TCK-04922,deuda_tecnica_critica,team_beta,2026-05-18 14:58:05.893237,2026-05-19 02:44:51.202522,11.8,False,0,False,False,False,False
TCK-04923,retencion_clientes,team_gamma,2026-09-03 06:45:00.328228,2026-09-03 20:29:04.035325,13.7,False,0,False,False,False,False
TCK-04924,deuda_tecnica_critica,team_beta,2026-04-20 09:20:10.256532,2026-04-21 02:24:44.043199,17.1,False,0,False,False,False,False
TCK-04925,deuda_tecnica_critica,team_alpha,2026-02-11 09:56:45.891055,2026-02-11 16:21:20.510163,6.4,False,0,False,True,False,False
TCK-04926,deuda_tecnica_critica,team_beta,2026-08-20 11:16:53.698576,2026-08-21 05:03:47.482613,17.8,False,0,False,True,False,False
TCK-04927,deuda_tecnica_critica,team_growth,2026-01-11 00:45:04.772391,2026-01-11 21:36:12.637869,20.9,False,0,False,True,False,False
TCK-04928,cumplimiento_regulatorio,team_beta,2026-04-01 00:03:29.400386,2026-04-02 03:44:05.289568,27.7,False,0,False,False,False,False
TCK-04929,deuda_tecnica_critica,team_alpha,2026-06-19 23:30:20.068201,2026-06-25 00:19:03.232784,120.8,False,0,False,False,False,False
TCK-04930,soporte_reactivo,team_gamma,2026-01-03 23:23:23.557750,2026-01-05 14:34:28.393156,39.2,False,4,False,False,False,False
TCK-04931,deuda_tecnica_critica,team_growth,2026-01-28 13:36:23.544285,2026-02-09 15:15:57.968430,289.7,False,0,False,False,False,False
TCK-04932,deuda_tecnica_critica,team_alpha,2026-01-20 00:49:01.507298,2026-01-28 18:48:19.617521,210.0,False,0,False,True,False,False
TCK-04933,deuda_tecnica_critica,team_growth,2026-07-18 14:51:44.015797,2026-07-19 21:06:19.874174,30.2,False,0,False,False,False,False
TCK-04934,retencion_clientes,team_growth,2026-03-08 04:18:47.584456,2026-03-09 21:47:10.096159,41.5,False,0,False,False,False,False
TCK-04935,deuda_tecnica_critica,team_growth,2026-01-05 13:27:26.034392,2026-01-19 12:03:40.283356,334.6,False,0,False,False,False,False
TCK-04936,retencion_clientes,team_growth,2026-08-02 04:34:09.627749,2026-08-03 04:30:34.241760,23.9,False,0,False,False,False,False
TCK-04937,cumplimiento_regulatorio,team_beta,2026-03-03 17:59:29.465838,2026-03-04 04:20:18.336475,10.3,True,0,False,False,False,False
TCK-04938,retencion_clientes,team_gamma,2026-05-16 03:08:52.197109,2026-05-16 13:52:43.576264,10.7,False,0,False,False,False,False
TCK-04939,cumplimiento_regulatorio,team_alpha,2026-07-29 16:44:06.387853,2026-07-30 11:01:55.393381,18.3,False,0,False,False,False,False
TCK-04940,mantenimiento_operativo,team_gamma,2026-04-03 13:25:01.531210,2026-04-04 09:43:45.253972,20.3,True,0,False,False,False,False
TCK-04941,soporte_reactivo,team_beta,2026-08-20 21:22:26.935459,2026-08-22 19:11:44.206767,45.8,False,4,False,False,False,False
TCK-04942,soporte_reactivo,team_growth,2026-02-12 14:33:03.885954,2026-02-17 22:47:41.352263,128.2,False,4,False,False,False,False
TCK-04943,retencion_clientes,team_gamma,2026-03-02 09:41:11.190081,2026-03-03 14:45:15.925710,29.1,True,0,False,False,False,False
TCK-04944,mantenimiento_operativo,team_beta,2026-05-29 21:54:35.688767,2026-05-30 11:57:35.054191,14.0,False,0,True,True,False,False
TCK-04945,mantenimiento_operativo,team_gamma,2026-01-08 01:27:05.715392,2026-01-08 17:06:27.825514,15.7,False,0,True,True,False,False
TCK-04946,cumplimiento_regulatorio,team_beta,2026-01-09 13:16:27.968846,2026-01-10 07:32:10.022780,18.3,False,0,False,False,False,False
TCK-04947,deuda_tecnica_critica,team_beta,2026-02-26 13:22:30.852898,2026-02-27 00:07:39.022007,10.8,False,0,False,False,False,False
TCK-04948,deuda_tecnica_critica,team_beta,2026-01-24 22:22:39.346382,2026-01-28 16:57:15.744626,90.6,False,0,False,False,False,False
TCK-04949,mantenimiento_operativo,team_gamma,2026-05-17 07:32:26.301551,2026-05-17 18:33:35.942338,11.0,False,0,False,False,False,False
TCK-04950,cumplimiento_regulatorio,team_growth,2026-08-14 07:58:12.194360,2026-08-17 17:39:13.618517,81.7,False,0,False,False,False,False
TCK-04951,soporte_reactivo,team_alpha,2026-06-12 01:53:00.268161,2026-06-13 09:46:28.462136,31.9,False,4,False,False,False,False
TCK-04952,retencion_clientes,team_alpha,2026-08-02 10:29:11.135271,2026-08-03 10:15:47.496746,23.8,False,0,False,False,False,False
TCK-04953,retencion_clientes,team_growth,2026-03-25 17:17:50.890647,2026-03-26 22:10:54.339847,28.9,False,0,False,False,False,False
TCK-04954,soporte_reactivo,team_growth,2026-01-08 16:43:22.746764,2026-01-09 22:46:49.696218,30.1,False,0,False,False,False,False
TCK-04955,mantenimiento_operativo,team_beta,2026-02-21 23:44:09.816770,2026-02-22 16:56:02.761219,17.2,False,0,False,False,False,False
TCK-04956,mantenimiento_operativo,team_alpha,2026-08-26 06:42:58.277652,2026-08-26 13:41:12.930054,7.0,False,0,True,True,False,False
TCK-04957,mantenimiento_operativo,team_gamma,2026-02-28 22:35:38.225042,2026-03-01 07:12:30.928451,8.6,False,0,True,True,False,False
TCK-04958,mantenimiento_operativo,team_beta,2026-02-10 07:41:00.775872,2026-02-11 06:29:16.013590,22.8,False,0,False,True,False,False
TCK-04959,cumplimiento_regulatorio,team_growth,2026-03-23 18:25:46.473432,2026-03-24 14:42:30.292282,20.3,False,0,False,False,False,False
TCK-04960,retencion_clientes,team_growth,2026-08-09 16:59:13.847076,2026-08-11 10:22:11.967617,41.4,True,0,False,False,False,False
TCK-04961,soporte_reactivo,team_beta,2026-06-29 20:24:41.985525,2026-06-30 08:34:34.058424,12.2,False,0,False,False,False,False
TCK-04962,mantenimiento_operativo,team_beta,2026-04-02 09:20:50.115046,2026-04-03 04:34:06.558807,19.2,False,0,False,True,False,False
TCK-04963,mantenimiento_operativo,team_gamma,2026-01-16 15:04:24.481160,2026-01-17 07:29:54.199720,16.4,False,0,False,True,False,False
TCK-04964,mantenimiento_operativo,team_beta,2026-01-28 02:07:48.630117,2026-01-28 08:03:09.408368,5.9,False,0,False,True,False,False
TCK-04965,retencion_clientes,team_growth,2026-01-31 22:09:36.160905,2026-02-02 11:38:24.350229,37.5,False,0,False,False,False,False
TCK-04966,mantenimiento_operativo,team_alpha,2026-04-27 18:13:29.744611,2026-04-28 16:51:16.265387,22.6,False,0,False,False,False,False
TCK-04967,cumplimiento_regulatorio,team_growth,2026-02-11 10:10:13.738428,2026-02-12 05:17:59.578770,19.1,False,0,False,False,False,False
TCK-04968,deuda_tecnica_critica,team_beta,2026-02-06 09:41:04.822094,2026-02-17 20:23:56.771403,274.7,False,0,False,False,False,False
TCK-04969,cumplimiento_regulatorio,team_growth,2026-07-17 14:46:33.025900,2026-07-18 23:11:10.746457,32.4,False,0,False,False,False,False
TCK-04970,retencion_clientes,team_growth,2026-04-21 04:50:08.094398,2026-04-23 01:40:45.268359,44.8,False,0,False,False,False,False
TCK-04971,mantenimiento_operativo,team_gamma,2026-08-14 08:55:10.870157,2026-08-15 00:20:25.438299,15.4,False,0,False,True,False,False
TCK-04972,soporte_reactivo,team_gamma,2026-06-26 02:56:54.770660,2026-06-28 04:01:31.060913,49.1,True,4,False,False,False,False
TCK-04973,deuda_tecnica_critica,team_beta,2026-01-08 16:51:28.665531,2026-01-09 09:30:57.929649,16.7,False,0,False,True,False,False
TCK-04974,retencion_clientes,team_gamma,2026-08-15 21:16:45.374120,2026-08-16 21:05:04.889589,23.8,False,0,False,False,False,False
TCK-04975,deuda_tecnica_critica,team_beta,2026-08-03 03:23:52.800155,2026-08-03 23:09:21.170856,19.8,False,0,False,False,False,False
TCK-04976,retencion_clientes,team_gamma,2026-06-03 13:19:27.767243,2026-06-04 01:58:39.135889,12.7,False,0,False,False,False,False
TCK-04977,cumplimiento_regulatorio,team_beta,2026-04-19 17:44:35.446578,2026-04-20 12:35:07.259033,18.8,False,0,False,False,False,False
TCK-04978,mantenimiento_operativo,team_beta,2026-03-26 05:21:56.295998,2026-03-26 16:47:38.224690,11.4,False,0,False,False,False,False
TCK-04979,mantenimiento_operativo,team_growth,2026-01-07 08:38:42.597280,2026-01-07 21:48:52.042391,13.2,False,0,True,True,False,False
TCK-04980,soporte_reactivo,team_beta,2026-07-07 04:53:45.483325,2026-07-08 21:59:07.140128,41.1,False,4,False,False,False,False
TCK-04981,mantenimiento_operativo,team_gamma,2026-07-18 16:52:52.778850,2026-07-19 01:49:30.231439,8.9,False,0,False,True,False,False
TCK-04982,cumplimiento_regulatorio,team_beta,2026-08-03 11:34:10.934225,2026-08-04 03:51:00.100338,16.3,False,0,False,False,False,False
TCK-04983,mantenimiento_operativo,team_beta,2026-07-27 23:47:17.310721,2026-07-28 22:24:24.701383,22.6,False,0,False,True,False,False
TCK-04984,deuda_tecnica_critica,team_gamma,2026-03-20 17:33:35.375775,2026-03-29 09:16:22.611011,207.7,False,0,False,True,False,False
TCK-04985,retencion_clientes,team_gamma,2026-06-02 17:32:58.960346,2026-06-02 22:50:50.081822,5.3,False,0,False,False,False,False
TCK-04986,soporte_reactivo,team_alpha,2026-02-10 17:05:33.074996,2026-02-11 08:13:06.646317,15.1,False,0,False,False,False,False
TCK-04987,mantenimiento_operativo,team_growth,2026-03-14 18:31:03.312854,2026-03-16 09:28:14.186760,39.0,False,0,False,True,False,False
TCK-04988,soporte_reactivo,team_gamma,2026-04-29 16:29:08.295125,2026-05-01 19:20:36.178055,50.9,False,4,False,False,False,False
TCK-04989,cumplimiento_regulatorio,team_beta,2026-04-14 21:09:36.918333,2026-04-15 10:19:18.130340,13.2,False,0,False,False,False,False
TCK-04990,retencion_clientes,team_growth,2026-07-28 06:57:00.794616,2026-07-30 07:32:20.893715,48.6,False,0,False,False,False,False
TCK-04991,deuda_tecnica_critica,team_alpha,2026-04-20 15:38:48.039130,2026-04-27 01:12:43.409943,153.6,False,0,False,False,False,False
TCK-04992,soporte_reactivo,team_gamma,2026-08-06 12:48:04.100363,2026-08-07 00:08:45.555993,11.3,False,0,False,False,False,False
TCK-04993,soporte_reactivo,team_alpha,2026-08-10 05:32:53.532828,2026-08-12 02:18:09.976923,44.8,False,4,False,False,False,False
TCK-04994,deuda_tecnica_critica,team_alpha,2026-05-15 00:48:07.432334,2026-05-26 12:18:30.567662,275.5,False,0,False,True,False,False
TCK-04995,soporte_reactivo,team_alpha,2026-04-08 19:01:47.085614,2026-04-09 02:52:22.201865,7.8,False,0,False,False,False,False
TCK-04996,soporte_reactivo,team_gamma,2026-06-19 06:38:59.858408,2026-06-19 11:34:24.715956,4.9,False,0,False,False,False,False
TCK-04997,mantenimiento_operativo,team_beta,2026-01-12 04:59:30.543410,2026-01-12 20:49:04.022841,15.8,False,0,True,True,False,False
TCK-04998,soporte_reactivo,team_gamma,2026-08-06 04:09:30.685459,2026-08-06 13:47:27.345400,9.6,False,0,False,False,False,False
TCK-04999,mantenimiento_operativo,team_beta,2026-05-07 14:59:55.526869,2026-05-08 04:54:18.097246,13.9,False,0,True,False,False,False
TCK-05000,mantenimiento_operativo,team_gamma,2026-08-27 23:47:34.746434,2026-08-28 14:57:23.993997,15.2,False,0,True,True,False,False
TCK-05001,deuda_tecnica_critica,team_gamma,2026-07-21 08:02:03.823071,2026-07-21 20:25:19.851984,12.4,False,0,False,True,False,False
TCK-05002,soporte_reactivo,team_gamma,2026-06-06 21:28:49.770971,2026-06-07 14:34:18.832810,17.1,False,0,False,False,False,False
TCK-05003,retencion_clientes,team_gamma,2026-07-22 18:46:19.948977,2026-07-23 02:15:08.219277,7.5,False,0,False,False,False,False
TCK-05004,deuda_tecnica_critica,team_growth,2026-09-07 07:12:34.666442,2026-09-08 03:10:48.163801,20.0,False,0,False,False,False,False
TCK-05005,soporte_reactivo,team_alpha,2026-04-30 03:58:29.546350,2026-05-01 06:18:49.685462,26.3,False,0,False,False,False,False
TCK-05006,retencion_clientes,team_growth,2026-08-31 06:46:34.072963,2026-09-01 06:04:33.526663,23.3,False,0,False,False,False,False
TCK-05007,retencion_clientes,team_gamma,2026-06-14 08:31:07.698532,2026-06-14 16:05:51.550138,7.6,False,0,False,False,False,False
TCK-05008,retencion_clientes,team_growth,2026-07-29 15:02:42.263802,2026-07-30 22:18:16.574259,31.3,False,0,False,False,False,False
TCK-05009,mantenimiento_operativo,team_alpha,2026-08-10 23:05:40.563729,2026-08-11 16:26:50.216570,17.4,False,0,False,False,False,False
TCK-05010,mantenimiento_operativo,team_gamma,2026-03-20 10:53:17.439144,2026-03-21 10:51:31.532348,24.0,False,0,False,True,False,False
TCK-05011,deuda_tecnica_critica,team_alpha,2026-06-25 18:34:30.387358,2026-06-26 05:37:36.291408,11.1,False,0,False,False,False,False
TCK-05012,retencion_clientes,team_gamma,2026-02-05 13:44:29.966153,2026-02-06 15:14:01.471097,25.5,False,0,False,False,False,False
TCK-05013,retencion_clientes,team_gamma,2026-05-31 04:52:51.006426,2026-05-31 13:38:29.297201,8.8,False,0,False,False,False,False
TCK-05014,deuda_tecnica_critica,team_growth,2026-04-16 18:32:46.704270,2026-04-17 11:48:35.143636,17.3,False,0,False,False,False,False
TCK-05015,soporte_reactivo,team_alpha,2026-03-12 06:40:03.005769,2026-03-13 07:46:05.223999,25.1,False,4,False,False,False,False
TCK-05016,mantenimiento_operativo,team_gamma,2026-03-27 15:07:11.980262,2026-03-28 05:42:57.029545,14.6,False,0,False,False,False,False
TCK-05017,retencion_clientes,team_alpha,2026-04-02 04:25:03.352327,2026-04-02 14:33:38.286219,10.1,False,0,False,False,False,False
TCK-05018,mantenimiento_operativo,team_beta,2026-02-24 15:06:29.658117,2026-02-25 05:19:59.651577,14.2,True,0,True,True,False,False
TCK-05019,mantenimiento_operativo,team_growth,2026-08-21 18:59:28.648315,2026-08-22 17:51:29.611944,22.9,False,0,False,True,False,False
TCK-05020,cumplimiento_regulatorio,team_alpha,2026-01-18 21:23:18.543796,2026-01-19 12:32:19.888633,15.2,False,0,False,False,False,False
TCK-05021,retencion_clientes,team_gamma,2026-03-01 10:14:31.103638,2026-03-01 23:19:39.305360,13.1,False,0,False,False,False,False
TCK-05022,soporte_reactivo,team_beta,2026-06-26 10:33:29.650645,2026-06-27 19:51:07.300962,33.3,False,4,False,False,False,False
TCK-05023,mantenimiento_operativo,team_alpha,2025-12-22 01:36:07.113744,2025-12-23 11:41:45.124214,34.1,False,0,False,True,False,False
TCK-05024,retencion_clientes,team_alpha,2026-04-28 02:05:41.313196,2026-04-28 14:15:53.183987,12.2,False,0,False,False,False,False
TCK-05025,retencion_clientes,team_growth,2026-08-28 04:38:15.739233,2026-08-29 11:35:02.883476,30.9,False,0,False,False,False,False
TCK-05026,mantenimiento_operativo,team_beta,2026-03-09 21:03:56.183196,2026-03-10 12:27:42.723482,15.4,False,0,False,True,False,False
TCK-05027,mantenimiento_operativo,team_gamma,2026-06-23 00:42:38.565512,2026-06-24 02:43:01.208741,26.0,False,0,False,False,False,False
TCK-05028,soporte_reactivo,team_gamma,2026-01-09 22:49:51.312163,2026-01-10 23:13:14.809708,24.4,False,0,False,False,False,False
TCK-05029,retencion_clientes,team_growth,2026-09-06 21:19:32.465620,2026-09-08 02:57:28.120923,29.6,False,0,False,False,False,False
TCK-05030,retencion_clientes,team_beta,2026-05-12 04:02:16.348448,2026-05-12 10:50:11.666599,6.8,False,0,False,False,False,False
TCK-05031,deuda_tecnica_critica,team_beta,2026-08-06 04:42:44.112890,2026-08-07 15:45:02.000573,35.0,False,0,False,True,False,False
TCK-05032,soporte_reactivo,team_beta,2026-05-12 21:01:38.242132,2026-05-13 08:48:52.868458,11.8,False,0,False,False,False,False
TCK-05033,retencion_clientes,team_growth,2025-12-25 15:07:21.824977,2025-12-26 14:50:34.626436,23.7,False,0,False,False,False,False
TCK-05034,mantenimiento_operativo,team_beta,2026-05-08 23:53:16.944589,2026-05-09 10:17:09.001348,10.4,False,0,False,True,False,False
TCK-05035,retencion_clientes,team_growth,2026-08-27 23:04:08.601213,2026-08-28 20:28:08.353231,21.4,False,0,False,False,False,False
TCK-05036,soporte_reactivo,team_gamma,2026-06-09 10:36:59.964342,2026-06-10 06:29:01.093978,19.9,False,0,False,False,False,False
TCK-05037,soporte_reactivo,team_beta,2026-06-07 06:38:28.462328,2026-06-08 03:20:51.267340,20.7,False,0,False,False,False,False
TCK-05038,deuda_tecnica_critica,team_alpha,2026-01-27 16:49:02.347739,2026-02-02 14:07:37.874479,141.3,False,0,False,True,False,False
TCK-05039,retencion_clientes,team_gamma,2025-12-22 02:36:13.043201,2025-12-22 18:13:12.209115,15.6,False,0,False,False,False,False
TCK-05040,retencion_clientes,team_gamma,2026-02-26 13:59:28.476253,2026-02-27 10:48:30.715190,20.8,False,0,False,False,False,False
TCK-05041,deuda_tecnica_critica,team_beta,2026-08-21 01:06:00.930407,2026-08-31 10:05:12.836473,249.0,False,0,False,False,False,False
TCK-05042,cumplimiento_regulatorio,team_gamma,2026-01-30 04:16:51.577978,2026-01-30 14:58:10.288058,10.7,False,0,False,False,False,False
TCK-05043,deuda_tecnica_critica,team_gamma,2026-05-05 06:30:41.686997,2026-05-10 11:36:59.554152,125.1,False,0,False,False,False,False
TCK-05044,soporte_reactivo,team_beta,2026-01-18 04:39:42.268637,2026-01-18 23:35:15.849446,18.9,False,0,False,False,False,False
TCK-05045,soporte_reactivo,team_alpha,2026-08-23 20:48:35.616342,2026-08-24 04:15:12.451917,7.4,False,0,False,False,False,False
TCK-05046,deuda_tecnica_critica,team_alpha,2026-02-11 15:01:19.425101,2026-02-12 13:10:48.430608,22.2,False,0,False,False,False,False
TCK-05047,mantenimiento_operativo,team_beta,2026-06-06 09:42:10.151958,2026-06-06 20:27:49.498337,10.8,False,0,False,True,False,False
TCK-05048,mantenimiento_operativo,team_beta,2026-04-03 05:36:26.626788,2026-04-05 00:03:40.540507,42.5,False,0,False,True,False,False
TCK-05049,deuda_tecnica_critica,team_growth,2026-02-20 03:12:13.168760,2026-02-21 01:10:28.026867,22.0,False,0,False,True,False,False
TCK-05050,mantenimiento_operativo,team_alpha,2026-05-16 02:59:51.076381,2026-05-16 13:57:22.323694,11.0,False,0,True,False,False,False
TCK-05051,cumplimiento_regulatorio,team_growth,2025-12-23 20:41:59.449353,2025-12-25 23:35:03.156198,50.9,False,0,False,False,False,False
TCK-05052,deuda_tecnica_critica,team_gamma,2026-07-15 07:58:57.707419,2026-07-15 17:17:17.460495,9.3,False,0,False,True,False,False
TCK-05053,cumplimiento_regulatorio,team_beta,2026-02-04 18:50:43.004906,2026-02-05 19:01:50.895295,24.2,False,0,False,False,False,False
TCK-05054,deuda_tecnica_critica,team_growth,2026-06-25 06:52:38.213610,2026-07-05 16:01:18.223656,249.1,False,0,False,False,False,False
TCK-05055,retencion_clientes,team_beta,2026-01-31 01:11:38.659688,2026-01-31 13:52:09.179718,12.7,False,0,False,False,False,False
TCK-05056,mantenimiento_operativo,team_alpha,2026-03-21 14:33:03.366851,2026-03-22 00:21:46.263494,9.8,False,0,False,True,False,False
TCK-05057,deuda_tecnica_critica,team_gamma,2025-12-31 22:01:13.220888,2026-01-05 20:31:55.686699,118.5,True,0,False,True,False,False
TCK-05058,soporte_reactivo,team_beta,2026-02-11 02:28:46.896474,2026-02-11 09:00:03.477029,6.5,False,0,False,False,False,False
TCK-05059,soporte_reactivo,team_gamma,2026-08-08 18:23:00.877496,2026-08-10 11:12:31.104295,40.8,False,4,False,False,False,False
TCK-05060,mantenimiento_operativo,team_gamma,2026-07-02 14:04:13.448237,2026-07-03 14:41:19.899954,24.6,True,0,False,False,False,False
TCK-05061,deuda_tecnica_critica,team_alpha,2026-06-08 21:59:23.046619,2026-06-12 06:41:20.429484,80.7,False,0,False,False,False,False
TCK-05062,soporte_reactivo,team_gamma,2026-03-05 04:44:29.472985,2026-03-06 20:07:28.020656,39.4,False,0,False,False,False,False
TCK-05063,soporte_reactivo,team_beta,2026-07-20 11:16:26.303700,2026-07-21 15:01:38.266172,27.8,False,0,False,False,False,False
TCK-05064,retencion_clientes,team_growth,2026-04-28 03:16:34.101268,2026-04-29 02:37:08.939136,23.3,False,0,False,False,False,False
TCK-05065,mantenimiento_operativo,team_alpha,2026-08-29 16:26:53.577415,2026-08-30 10:44:08.458919,18.3,False,0,False,True,False,False
TCK-05066,mantenimiento_operativo,team_gamma,2026-05-01 16:12:57.337567,2026-05-02 07:36:37.713109,15.4,False,0,False,True,False,False
TCK-05067,deuda_tecnica_critica,team_growth,2026-01-31 05:09:42.642011,2026-02-02 07:03:42.288289,49.9,False,0,False,False,False,False
TCK-05068,retencion_clientes,team_growth,2026-05-11 01:15:07.248230,2026-05-11 21:54:52.029719,20.7,False,0,False,False,False,False
TCK-05069,retencion_clientes,team_alpha,2026-05-21 17:00:04.625876,2026-05-21 22:46:05.674870,5.8,False,0,False,False,False,False
TCK-05070,cumplimiento_regulatorio,team_beta,2026-02-24 02:35:57.070163,2026-02-24 17:54:34.854999,15.3,False,0,False,False,False,False
TCK-05071,mantenimiento_operativo,team_beta,2026-02-28 14:18:26.257721,2026-02-28 23:10:01.295773,8.9,False,0,True,False,False,False
TCK-05072,retencion_clientes,team_growth,2026-01-18 05:10:34.382842,2026-01-19 06:46:11.495730,25.6,False,0,False,False,False,False
TCK-05073,retencion_clientes,team_growth,2026-06-15 13:19:24.240136,2026-06-17 04:20:28.472288,39.0,False,0,False,False,False,False
TCK-05074,deuda_tecnica_critica,team_growth,2026-08-22 09:09:19.854290,2026-09-09 19:43:22.576426,442.6,False,0,False,True,False,False
TCK-05075,soporte_reactivo,team_alpha,2026-08-09 04:03:06.857285,2026-08-09 18:50:12.306845,14.8,False,0,False,False,False,False
TCK-05076,soporte_reactivo,team_gamma,2026-07-17 18:57:56.229144,2026-07-18 07:24:39.498144,12.4,False,0,False,False,False,False
TCK-05077,mantenimiento_operativo,team_alpha,2026-06-24 06:03:27.793973,2026-06-24 19:38:43.630463,13.6,False,0,False,True,True,False
TCK-05078,retencion_clientes,team_growth,2026-08-03 09:24:50.348751,2026-08-04 07:37:12.973140,22.2,False,0,False,False,False,False
TCK-05079,cumplimiento_regulatorio,team_beta,2026-04-27 20:11:48.808028,2026-04-28 14:16:04.728179,18.1,False,0,False,False,False,False
TCK-05080,mantenimiento_operativo,team_beta,2026-01-19 21:44:33.555131,2026-01-20 13:44:28.348540,16.0,False,0,False,False,False,False
TCK-05081,cumplimiento_regulatorio,team_gamma,2026-04-23 01:14:39.483096,2026-04-25 08:23:44.158753,55.2,False,0,False,False,False,False
TCK-05082,soporte_reactivo,team_gamma,2026-03-07 05:38:08.431914,2026-03-07 19:24:30.711379,13.8,False,0,False,False,False,False
TCK-05083,mantenimiento_operativo,team_gamma,2026-02-02 08:02:14.387226,2026-02-03 06:01:01.476704,22.0,False,0,False,True,False,False
TCK-05084,cumplimiento_regulatorio,team_gamma,2026-07-29 20:02:23.094076,2026-07-30 09:36:39.126198,13.6,False,0,False,False,False,False
TCK-05085,retencion_clientes,team_beta,2026-05-26 08:58:14.128006,2026-05-26 20:26:14.988764,11.5,False,0,False,False,False,False
TCK-05086,mantenimiento_operativo,team_gamma,2026-05-05 12:49:59.371272,2026-05-05 21:42:31.166188,8.9,False,0,True,True,False,False
TCK-05087,cumplimiento_regulatorio,team_gamma,2026-06-14 11:12:43.395322,2026-06-14 17:52:45.757050,6.7,False,0,False,False,False,False
TCK-05088,retencion_clientes,team_growth,2026-01-30 02:17:40.189570,2026-01-31 00:32:37.773947,22.2,False,0,False,False,False,False
TCK-05089,soporte_reactivo,team_gamma,2026-06-16 12:45:38.718684,2026-06-17 01:39:47.249012,12.9,False,0,False,False,False,False
TCK-05090,retencion_clientes,team_growth,2026-01-31 19:40:08.703318,2026-02-01 14:20:19.352947,18.7,False,0,False,False,False,False
TCK-05091,mantenimiento_operativo,team_alpha,2026-07-27 21:40:30.679244,2026-07-28 07:03:42.080742,9.4,False,0,True,True,False,False
TCK-05092,retencion_clientes,team_growth,2026-03-25 15:37:32.977430,2026-03-27 02:51:06.010713,35.2,False,0,False,False,False,False
TCK-05093,retencion_clientes,team_beta,2026-05-18 07:27:01.163885,2026-05-19 00:33:16.019758,17.1,False,0,False,False,False,False
TCK-05094,soporte_reactivo,team_alpha,2026-08-18 20:34:55.506649,2026-08-19 07:39:28.224931,11.1,False,0,False,False,False,False
TCK-05095,soporte_reactivo,team_beta,2026-06-23 09:08:11.925219,2026-06-24 07:38:28.587260,22.5,False,0,False,False,False,False
TCK-05096,soporte_reactivo,team_gamma,2026-01-22 23:48:39.010372,2026-01-23 11:40:30.181791,11.9,False,0,False,False,False,False
TCK-05097,deuda_tecnica_critica,team_gamma,2026-08-02 14:06:06.917656,2026-08-03 19:45:33.477973,29.7,False,0,False,False,False,False
TCK-05098,soporte_reactivo,team_alpha,2025-12-22 02:03:45.965666,2025-12-23 22:28:11.686991,44.4,False,4,False,False,False,False
TCK-05099,cumplimiento_regulatorio,team_alpha,2026-06-13 01:19:30.520214,2026-06-13 15:35:08.389166,14.3,False,0,False,False,False,False
TCK-05100,retencion_clientes,team_beta,2025-12-24 05:49:14.141593,2025-12-24 23:04:05.333431,17.2,False,0,False,False,False,False
TCK-05101,soporte_reactivo,team_growth,2026-06-06 03:02:37.194878,2026-06-06 16:35:43.550147,13.6,False,0,False,False,False,False
TCK-05102,mantenimiento_operativo,team_gamma,2026-04-04 13:26:13.652392,2026-04-05 05:13:12.704254,15.8,False,0,False,False,False,False
TCK-05103,cumplimiento_regulatorio,team_gamma,2026-06-21 05:28:45.689517,2026-06-21 22:43:22.595309,17.2,False,0,False,False,False,False
TCK-05104,soporte_reactivo,team_beta,2026-07-02 09:15:13.443282,2026-07-03 05:26:07.480069,20.2,False,0,False,False,False,False
TCK-05105,mantenimiento_operativo,team_growth,2026-07-23 15:38:27.084936,2026-07-24 15:12:10.410146,23.6,False,0,True,True,False,False
TCK-05106,mantenimiento_operativo,team_growth,2026-03-11 02:15:06.548533,2026-03-11 17:11:57.391593,14.9,False,0,False,True,False,False
TCK-05107,retencion_clientes,team_alpha,2026-04-03 08:31:21.632806,2026-04-04 06:26:36.488816,21.9,False,0,False,False,False,False
TCK-05108,mantenimiento_operativo,team_growth,2026-06-10 06:23:55.727299,2026-06-11 20:43:57.295274,38.3,False,0,True,True,False,False
TCK-05109,cumplimiento_regulatorio,team_gamma,2026-02-13 10:06:49.804661,2026-02-14 08:16:57.431672,22.2,False,0,False,False,False,False
TCK-05110,deuda_tecnica_critica,team_growth,2026-04-30 11:51:10.394649,2026-05-01 01:19:39.522133,13.5,False,0,False,False,False,False
TCK-05111,cumplimiento_regulatorio,team_alpha,2026-02-22 22:48:07.967433,2026-02-23 11:05:02.691148,12.3,False,0,False,False,False,False
TCK-05112,mantenimiento_operativo,team_gamma,2026-06-28 22:41:31.388255,2026-06-29 17:15:43.475456,18.6,False,0,False,True,False,False
TCK-05113,deuda_tecnica_critica,team_gamma,2026-03-04 23:44:29.626690,2026-03-10 03:45:10.508673,124.0,False,0,False,False,False,False
TCK-05114,soporte_reactivo,team_alpha,2026-01-04 13:11:44.924997,2026-01-06 07:57:16.788678,42.8,False,4,False,False,False,False
TCK-05115,retencion_clientes,team_growth,2026-07-30 04:42:40.715076,2026-07-30 17:27:28.731707,12.7,False,0,False,False,False,False
TCK-05116,retencion_clientes,team_growth,2026-08-06 23:55:07.090597,2026-08-08 09:51:46.700897,33.9,False,0,False,False,False,False
TCK-05117,retencion_clientes,team_gamma,2026-05-14 18:05:17.317860,2026-05-15 07:04:43.464572,13.0,False,0,False,False,False,False
TCK-05118,mantenimiento_operativo,team_gamma,2026-02-19 04:51:14.952387,2026-02-19 19:05:01.027096,14.2,False,0,False,True,False,False
TCK-05119,soporte_reactivo,team_beta,2026-08-21 02:39:57.189024,2026-08-21 12:59:25.066778,10.3,False,0,False,False,False,False
TCK-05120,soporte_reactivo,team_gamma,2026-06-10 22:41:50.518668,2026-06-13 02:48:19.748715,52.1,False,4,False,False,False,False
TCK-05121,mantenimiento_operativo,team_growth,2026-07-04 08:32:04.477089,2026-07-04 23:52:47.749919,15.3,False,0,False,False,False,False
TCK-05122,mantenimiento_operativo,team_growth,2026-04-01 21:41:48.011427,2026-04-03 01:34:05.846930,27.9,True,0,True,True,False,False
TCK-05123,cumplimiento_regulatorio,team_growth,2026-05-24 03:44:51.702801,2026-05-25 07:23:57.476998,27.7,False,0,False,False,False,False
TCK-05124,retencion_clientes,team_growth,2026-04-28 17:37:48.755570,2026-04-30 07:43:39.376634,38.1,False,0,False,False,False,False
TCK-05125,mantenimiento_operativo,team_gamma,2026-06-01 13:10:10.345955,2026-06-02 08:32:21.301605,19.4,False,0,False,True,False,False
TCK-05126,mantenimiento_operativo,team_growth,2026-04-22 00:13:34.063432,2026-04-22 15:45:44.150105,15.5,False,0,True,True,False,False
TCK-05127,mantenimiento_operativo,team_alpha,2026-08-17 08:07:00.597395,2026-08-17 18:38:42.027078,10.5,False,0,False,True,False,False
TCK-05128,deuda_tecnica_critica,team_growth,2026-06-11 12:38:05.552112,2026-06-12 08:07:55.441127,19.5,False,0,False,False,False,False
TCK-05129,retencion_clientes,team_beta,2026-08-06 22:45:09.223166,2026-08-07 10:12:23.733510,11.5,False,0,False,False,False,False
TCK-05130,soporte_reactivo,team_beta,2026-02-13 15:47:29.229962,2026-02-15 12:44:39.518454,45.0,False,4,False,False,False,False
TCK-05131,cumplimiento_regulatorio,team_growth,2026-04-17 03:39:19.600029,2026-04-19 12:50:36.441832,57.2,False,0,False,False,False,False
TCK-05132,soporte_reactivo,team_beta,2026-01-14 12:44:51.531001,2026-01-14 23:53:18.335206,11.1,False,0,False,False,False,False
TCK-05133,retencion_clientes,team_gamma,2026-05-22 23:01:32.175950,2026-05-23 15:48:33.044421,16.8,False,0,False,False,False,False
TCK-05134,mantenimiento_operativo,team_alpha,2026-08-16 17:19:53.291835,2026-08-16 22:17:57.790323,5.0,False,0,True,True,False,False
TCK-05135,mantenimiento_operativo,team_gamma,2026-04-06 01:45:31.998261,2026-04-06 16:42:44.878365,15.0,False,0,True,True,False,False
TCK-05136,deuda_tecnica_critica,team_growth,2026-04-02 01:30:54.438184,2026-04-11 18:02:25.535243,232.5,False,0,False,False,False,False
TCK-05137,mantenimiento_operativo,team_growth,2026-02-10 19:06:23.792453,2026-02-11 19:13:58.004307,24.1,False,0,False,False,False,False
TCK-05138,soporte_reactivo,team_alpha,2026-03-31 16:17:15.656211,2026-04-01 01:23:51.836932,9.1,False,0,False,False,False,False
TCK-05139,soporte_reactivo,team_alpha,2026-05-01 20:19:33.820864,2026-05-02 02:31:53.703554,6.2,False,0,False,False,False,False
TCK-05140,cumplimiento_regulatorio,team_gamma,2026-07-29 12:25:10.476248,2026-07-29 23:19:54.499014,10.9,False,0,False,False,False,False
TCK-05141,mantenimiento_operativo,team_beta,2026-06-16 19:31:56.977959,2026-06-18 05:43:09.985249,34.2,False,0,False,True,True,False
TCK-05142,retencion_clientes,team_beta,2026-08-28 04:21:12.783114,,,False,0,False,False,False,False
TCK-05143,retencion_clientes,team_growth,2026-07-24 07:46:51.944584,2026-07-24 23:24:46.859565,15.6,False,0,False,False,False,False
TCK-05144,mantenimiento_operativo,team_alpha,2026-05-28 23:02:28.068533,2026-05-29 04:22:26.905434,5.3,False,0,False,False,False,False
TCK-05145,mantenimiento_operativo,team_beta,2026-07-06 20:32:16.789940,2026-07-07 00:37:08.353160,4.1,False,0,True,False,False,False
TCK-05146,retencion_clientes,team_beta,2026-02-07 16:22:25.979457,2026-02-08 05:04:28.453550,12.7,False,0,False,False,False,False
TCK-05147,retencion_clientes,team_growth,2025-12-20 18:28:29.837903,2025-12-22 22:48:27.950683,52.3,False,0,False,False,False,False
TCK-05148,mantenimiento_operativo,team_beta,2026-04-14 20:18:44.022041,2026-04-16 00:26:54.935982,28.1,False,0,True,True,False,False
TCK-05149,deuda_tecnica_critica,team_beta,2026-06-13 10:10:49.733587,2026-06-15 10:28:25.732103,48.3,False,0,False,False,False,False
TCK-05150,deuda_tecnica_critica,team_growth,2026-04-10 22:58:36.497591,2026-04-19 17:52:53.412443,210.9,False,0,False,False,False,False
TCK-05151,soporte_reactivo,team_alpha,2026-08-22 12:51:24.323694,2026-08-24 08:05:06.959051,43.2,False,4,False,False,False,False
TCK-05152,cumplimiento_regulatorio,team_growth,2026-04-28 20:48:23.707356,2026-04-30 01:08:32.327751,28.3,False,0,False,False,False,False
TCK-05153,retencion_clientes,team_beta,2026-02-26 09:49:55.792043,2026-02-27 00:13:54.974408,14.4,False,0,False,False,False,False
TCK-05154,cumplimiento_regulatorio,team_gamma,2026-08-14 19:45:21.527036,2026-08-15 10:47:05.583350,15.0,False,0,False,False,False,False
TCK-05155,cumplimiento_regulatorio,team_gamma,2026-06-02 03:44:54.299144,2026-06-03 00:02:10.046715,20.3,False,0,False,False,False,False
TCK-05156,mantenimiento_operativo,team_gamma,2026-08-21 14:01:38.722186,2026-08-22 00:20:59.139692,10.3,False,0,True,True,False,False
TCK-05157,deuda_tecnica_critica,team_beta,2026-08-27 01:42:07.729250,2026-08-27 13:01:06.652814,11.3,False,0,False,True,False,False
TCK-05158,cumplimiento_regulatorio,team_growth,2026-08-11 19:04:50.916100,2026-08-13 14:18:31.012167,43.2,False,0,False,False,False,False
TCK-05159,retencion_clientes,team_growth,2026-01-11 04:57:12.125335,2026-01-12 20:54:39.814877,40.0,False,0,False,False,False,False
TCK-05160,retencion_clientes,team_gamma,2026-05-21 17:48:52.647790,2026-05-22 10:35:04.494497,16.8,False,0,False,False,False,False
TCK-05161,deuda_tecnica_critica,team_beta,2026-02-15 03:34:54.079198,2026-02-15 17:08:21.830915,13.6,False,0,False,False,False,False
TCK-05162,mantenimiento_operativo,team_beta,2026-05-21 17:16:37.833733,2026-05-22 04:21:14.909603,11.1,False,0,False,True,False,False
TCK-05163,cumplimiento_regulatorio,team_alpha,2026-02-11 21:44:26.871975,2026-02-12 04:15:42.782306,6.5,False,0,False,False,False,False
TCK-05164,mantenimiento_operativo,team_alpha,2026-06-07 03:14:11.316592,2026-06-07 09:19:31.965012,6.1,False,0,False,True,False,False
TCK-05165,mantenimiento_operativo,team_gamma,2026-03-02 10:20:38.251312,2026-03-02 17:03:01.594173,6.7,False,0,False,True,False,False
TCK-05166,mantenimiento_operativo,team_alpha,2026-03-29 10:03:39.227904,2026-03-29 17:27:22.284808,7.4,False,0,True,False,False,False
TCK-05167,mantenimiento_operativo,team_growth,2026-07-06 13:14:58.007054,2026-07-09 05:49:34.497696,64.6,False,0,False,False,False,False
TCK-05168,retencion_clientes,team_growth,2026-02-02 03:17:55.696797,2026-02-03 06:16:10.455995,27.0,False,0,False,False,False,False
TCK-05169,retencion_clientes,team_growth,2026-04-08 09:40:54.374635,2026-04-10 01:10:30.346084,39.5,False,0,False,False,False,False
TCK-05170,cumplimiento_regulatorio,team_growth,2026-04-23 05:39:30.880284,2026-04-23 21:49:53.712707,16.2,False,0,False,False,False,False
TCK-05171,cumplimiento_regulatorio,team_alpha,2026-05-01 05:44:49.309732,2026-05-01 18:29:18.066341,12.7,False,0,False,False,False,False
TCK-05172,mantenimiento_operativo,team_beta,2025-12-23 16:45:10.738514,2025-12-24 04:22:28.991611,11.6,False,0,False,True,False,False
TCK-05173,soporte_reactivo,team_growth,2026-01-19 12:46:46.399105,2026-01-19 21:34:40.804944,8.8,False,0,False,False,False,False
TCK-05174,mantenimiento_operativo,team_growth,2026-01-04 01:26:02.521208,2026-01-05 06:10:53.936765,28.7,False,0,True,True,False,False
TCK-05175,deuda_tecnica_critica,team_growth,2026-08-12 13:50:37.601576,2026-08-23 02:41:26.341937,252.8,False,0,False,False,False,False
TCK-05176,soporte_reactivo,team_gamma,2026-01-19 23:38:12.173937,2026-01-20 12:48:07.481698,13.2,False,0,False,False,False,False
TCK-05177,mantenimiento_operativo,team_beta,2026-03-07 07:15:56.064030,2026-03-08 05:52:35.070816,22.6,False,0,False,True,False,False
TCK-05178,mantenimiento_operativo,team_beta,2026-03-29 08:42:46.012548,2026-03-29 20:59:23.078070,12.3,False,0,False,True,False,False
TCK-05179,deuda_tecnica_critica,team_gamma,2026-02-10 16:43:45.060628,2026-02-15 16:39:57.249903,119.9,False,0,False,False,False,False
TCK-05180,cumplimiento_regulatorio,team_gamma,2026-05-03 07:03:45.854198,2026-05-03 17:18:15.542337,10.2,True,0,False,False,False,False
TCK-05181,soporte_reactivo,team_gamma,2026-04-19 06:44:04.534222,2026-04-20 12:03:08.896979,29.3,False,0,False,False,False,False
TCK-05182,mantenimiento_operativo,team_growth,2026-06-21 03:06:29.826352,2026-06-22 11:12:14.168161,32.1,False,0,False,True,True,False
TCK-05183,retencion_clientes,team_growth,2026-05-17 17:12:13.848501,2026-05-18 20:39:40.880397,27.5,False,0,False,False,False,False
TCK-05184,deuda_tecnica_critica,team_beta,2026-03-19 20:29:34.039729,2026-03-20 08:50:08.203305,12.3,False,0,False,False,False,False
TCK-05185,mantenimiento_operativo,team_alpha,2026-02-23 09:07:03.040330,2026-02-23 19:30:06.044430,10.4,False,0,True,True,False,False
TCK-05186,deuda_tecnica_critica,team_gamma,2026-08-06 09:20:56.234743,2026-08-07 14:20:07.164810,29.0,False,0,False,True,False,False
TCK-05187,soporte_reactivo,team_alpha,2026-07-27 16:05:22.317547,2026-07-30 04:32:27.712548,60.5,False,4,False,False,False,False
TCK-05188,deuda_tecnica_critica,team_growth,2026-02-08 19:14:58.269625,2026-02-22 22:43:29.906237,339.5,False,0,False,True,False,False
TCK-05189,cumplimiento_regulatorio,team_beta,2025-12-18 21:51:25.088082,2025-12-19 21:34:17.915236,23.7,False,0,False,False,False,False
TCK-05190,mantenimiento_operativo,team_alpha,2026-08-10 17:57:06.421913,2026-08-11 04:10:18.161840,10.2,False,0,False,False,False,False
TCK-05191,cumplimiento_regulatorio,team_alpha,2026-04-07 11:24:48.190016,2026-04-08 12:13:03.777601,24.8,False,0,False,False,False,False
TCK-05192,mantenimiento_operativo,team_beta,2026-08-29 01:15:31.714977,2026-08-29 07:18:01.599175,6.0,False,0,False,True,False,False
TCK-05193,retencion_clientes,team_alpha,2026-03-30 17:23:02.814124,2026-04-01 16:40:13.707848,47.3,False,0,False,False,False,False
TCK-05194,deuda_tecnica_critica,team_beta,2026-03-29 02:55:13.140010,2026-03-30 02:23:54.856588,23.5,False,0,False,False,False,False
TCK-05195,retencion_clientes,team_growth,2026-06-21 03:51:51.107917,2026-06-22 02:04:49.306482,22.2,False,0,False,False,False,False
TCK-05196,deuda_tecnica_critica,team_growth,2026-03-13 18:32:13.808480,2026-03-14 18:00:08.567448,23.5,False,0,False,False,False,False
TCK-05197,mantenimiento_operativo,team_gamma,2026-08-16 18:43:14.072699,2026-08-17 05:36:53.944497,10.9,False,0,False,True,False,False
TCK-05198,soporte_reactivo,team_beta,2026-01-17 07:01:42.670787,2026-01-17 17:11:29.873429,10.2,False,0,False,False,False,False
TCK-05199,retencion_clientes,team_growth,2026-07-10 03:39:07.511972,2026-07-11 13:53:43.232685,34.2,False,0,False,False,False,False
TCK-05200,retencion_clientes,team_gamma,2026-04-24 05:48:31.086149,2026-04-24 21:27:12.900580,15.6,False,0,False,False,False,False
TCK-05201,retencion_clientes,team_alpha,2026-07-15 11:02:14.357118,2026-07-16 09:42:42.624809,22.7,False,0,False,False,False,False
TCK-05202,mantenimiento_operativo,team_alpha,2026-05-01 15:23:02.635649,2026-05-02 08:53:35.394469,17.5,False,0,False,True,False,False
TCK-05203,mantenimiento_operativo,team_gamma,2026-05-26 03:02:50.246493,2026-05-26 12:18:59.007395,9.3,False,0,False,True,False,False
TCK-05204,soporte_reactivo,team_gamma,2026-01-24 09:23:20.284185,2026-01-25 03:05:07.587083,17.7,False,0,False,False,False,False
TCK-05205,deuda_tecnica_critica,team_gamma,2026-03-03 06:03:34.340929,2026-03-09 05:11:52.397839,143.1,False,0,False,False,False,False
TCK-05206,soporte_reactivo,team_gamma,2026-03-09 01:10:46.138326,2026-03-09 17:52:41.869216,16.7,False,0,False,False,False,False
TCK-05207,cumplimiento_regulatorio,team_growth,2026-06-10 04:51:58.642548,2026-06-11 04:51:28.981736,24.0,False,0,False,False,False,False
TCK-05208,mantenimiento_operativo,team_beta,2026-02-13 08:54:03.700415,2026-02-13 21:44:08.565628,12.8,False,0,False,True,False,False
TCK-05209,soporte_reactivo,team_beta,2026-08-13 23:01:11.306911,2026-08-14 10:33:43.598883,11.5,False,0,False,False,False,False
TCK-05210,retencion_clientes,team_gamma,2026-04-03 19:08:50.259477,2026-04-04 05:24:40.298369,10.3,False,0,False,False,False,False
TCK-05211,deuda_tecnica_critica,team_growth,2026-03-22 07:16:50.326869,2026-03-30 03:11:09.920627,187.9,False,0,False,True,False,False
TCK-05212,soporte_reactivo,team_gamma,2026-05-28 09:40:06.796882,2026-05-28 20:32:45.091416,10.9,False,0,False,False,False,False
TCK-05213,retencion_clientes,team_gamma,2026-03-03 08:17:29.173798,2026-03-04 09:31:28.645655,25.2,False,0,False,False,False,False
TCK-05214,mantenimiento_operativo,team_growth,2026-08-29 13:45:04.043968,2026-08-30 02:54:48.302350,13.2,False,0,True,True,False,False
TCK-05215,cumplimiento_regulatorio,team_growth,2026-08-19 05:08:45.517983,2026-08-20 08:19:43.296784,27.2,False,0,False,False,False,False
TCK-05216,retencion_clientes,team_gamma,2026-03-18 08:06:55.202285,2026-03-19 02:01:18.546701,17.9,False,0,False,False,False,False
TCK-05217,cumplimiento_regulatorio,team_beta,2025-12-26 04:24:48.536366,2025-12-26 17:00:27.080866,12.6,False,0,False,False,False,False
TCK-05218,mantenimiento_operativo,team_alpha,2026-04-24 17:23:47.623500,2026-04-26 09:29:35.870716,40.1,True,0,False,True,False,False
TCK-05219,mantenimiento_operativo,team_beta,2026-02-07 16:55:42.205137,2026-02-07 23:34:24.137016,6.6,False,0,True,False,False,False
TCK-05220,soporte_reactivo,team_beta,2026-04-09 13:04:49.746327,2026-04-10 15:25:47.464687,26.3,False,4,False,False,False,False
TCK-05221,retencion_clientes,team_gamma,2026-01-24 17:28:23.463511,2026-01-25 09:30:51.885297,16.0,False,0,False,False,False,False
TCK-05222,retencion_clientes,team_alpha,2026-08-16 11:15:59.222140,2026-08-17 19:04:59.788650,31.8,False,0,False,False,False,False
TCK-05223,retencion_clientes,team_gamma,2026-07-02 03:59:11.442145,2026-07-02 13:06:03.607168,9.1,False,0,False,False,False,False
TCK-05224,mantenimiento_operativo,team_gamma,2026-08-13 23:19:17.246067,2026-08-14 15:14:53.917450,15.9,False,0,False,True,False,False
TCK-05225,mantenimiento_operativo,team_gamma,2026-04-30 16:43:25.382348,2026-05-01 03:04:53.078680,10.4,False,0,True,True,False,False
TCK-05226,soporte_reactivo,team_gamma,2026-01-05 11:09:34.786289,2026-01-05 23:36:46.715501,12.5,False,0,False,False,False,False
TCK-05227,soporte_reactivo,team_alpha,2026-05-21 11:12:26.807368,2026-05-22 06:57:33.870096,19.8,False,0,False,False,False,False
TCK-05228,soporte_reactivo,team_growth,2026-05-24 11:01:18.549270,2026-05-27 12:57:03.909453,73.9,False,4,False,False,False,False
TCK-05229,mantenimiento_operativo,team_gamma,2026-02-17 19:43:17.320909,2026-02-18 15:04:17.262089,19.3,False,0,True,False,False,False
TCK-05230,soporte_reactivo,team_alpha,2026-06-15 07:33:50.752237,2026-06-16 01:24:08.731300,17.8,False,0,False,False,False,False
TCK-05231,retencion_clientes,team_gamma,2026-02-05 02:36:00.028709,2026-02-05 14:08:44.460762,11.5,False,0,False,False,False,False
TCK-05232,mantenimiento_operativo,team_alpha,2026-04-14 16:18:45.962323,2026-04-15 04:35:30.678922,12.3,False,0,False,True,False,False
TCK-05233,deuda_tecnica_critica,team_growth,2026-03-29 17:01:55.241049,2026-04-14 23:33:36.283433,390.5,False,0,False,False,False,False
TCK-05234,deuda_tecnica_critica,team_growth,2026-01-02 17:33:40.129300,2026-01-03 23:23:09.090549,29.8,False,0,False,False,False,False
TCK-05235,cumplimiento_regulatorio,team_alpha,2026-05-25 16:24:14.487605,2026-05-26 04:40:27.933147,12.3,False,0,False,False,False,False
TCK-05236,deuda_tecnica_critica,team_growth,2026-01-11 17:32:29.165266,2026-01-22 07:53:40.512621,254.4,False,0,False,False,False,False
TCK-05237,soporte_reactivo,team_gamma,2026-08-28 23:14:16.148197,2026-08-29 21:25:14.326708,22.2,False,4,False,False,False,False
TCK-05238,cumplimiento_regulatorio,team_growth,2026-05-06 17:22:02.461840,2026-05-08 05:20:41.742176,36.0,False,0,False,False,False,False
TCK-05239,mantenimiento_operativo,team_alpha,2026-04-28 06:54:14.947475,2026-04-28 18:58:23.509367,12.1,False,0,True,True,False,False
TCK-05240,soporte_reactivo,team_growth,2026-07-21 10:57:00.732746,2026-07-22 21:39:53.166202,34.7,False,0,False,False,False,False
TCK-05241,cumplimiento_regulatorio,team_alpha,2026-04-03 13:48:40.450181,2026-04-04 02:23:33.859905,12.6,False,0,False,False,False,False
TCK-05242,cumplimiento_regulatorio,team_beta,2026-06-30 17:31:22.191222,2026-07-01 13:53:19.097013,20.4,False,0,False,False,False,False
TCK-05243,soporte_reactivo,team_alpha,2026-02-24 02:14:33.127576,2026-02-24 12:30:49.591300,10.3,False,0,False,False,False,False
TCK-05244,soporte_reactivo,team_alpha,2026-02-04 22:44:52.041653,2026-02-05 16:55:11.038885,18.2,False,0,False,False,False,False
TCK-05245,cumplimiento_regulatorio,team_beta,2026-01-16 02:05:04.299788,2026-01-16 10:22:16.058782,8.3,False,0,False,False,False,False
TCK-05246,mantenimiento_operativo,team_gamma,2026-06-30 16:49:45.015685,2026-07-01 03:26:25.288065,10.6,False,0,True,False,False,False
TCK-05247,deuda_tecnica_critica,team_gamma,2026-03-21 06:55:19.143354,2026-03-28 00:44:03.813958,161.8,False,0,False,False,False,False
TCK-05248,mantenimiento_operativo,team_beta,2026-01-23 17:30:51.871581,2026-01-24 08:54:03.784231,15.4,False,0,False,False,False,False
TCK-05249,mantenimiento_operativo,team_alpha,2026-06-15 23:11:53.232014,2026-06-16 11:34:09.543431,12.4,False,0,False,True,True,False
TCK-05250,retencion_clientes,team_growth,2026-07-18 05:27:10.196120,2026-07-19 10:17:07.071598,28.8,False,0,False,False,False,False
TCK-05251,mantenimiento_operativo,team_gamma,2026-01-24 14:20:32.683401,2026-01-25 08:00:04.730927,17.7,False,0,False,False,False,False
TCK-05252,soporte_reactivo,team_beta,2026-02-14 19:46:56.521667,2026-02-15 16:19:26.983965,20.5,False,0,False,False,False,False
TCK-05253,mantenimiento_operativo,team_growth,2026-04-29 18:08:56.030236,2026-04-30 16:12:42.122931,22.1,False,0,False,True,False,False
TCK-05254,deuda_tecnica_critica,team_beta,2026-03-16 19:42:57.797631,2026-03-30 10:11:33.784266,326.5,False,0,False,False,False,False
TCK-05255,retencion_clientes,team_growth,2026-07-12 03:57:37.421875,2026-07-13 01:52:08.531149,21.9,False,0,False,False,False,False
TCK-05256,retencion_clientes,team_gamma,2026-07-29 20:19:20.757637,2026-07-30 14:20:26.139320,18.0,False,0,False,False,False,False
TCK-05257,cumplimiento_regulatorio,team_gamma,2026-03-26 12:29:58.895482,2026-03-27 03:42:59.024132,15.2,False,0,False,False,False,False
TCK-05258,soporte_reactivo,team_alpha,2026-01-28 04:16:15.334130,2026-01-28 14:07:40.191529,9.9,False,0,False,False,False,False
TCK-05259,mantenimiento_operativo,team_beta,2026-01-13 08:16:21.182400,2026-01-13 19:36:44.046823,11.3,False,0,True,True,False,False
TCK-05260,deuda_tecnica_critica,team_alpha,2026-02-12 10:27:21.800240,2026-02-18 01:29:41.900614,135.0,False,0,False,False,False,False
TCK-05261,soporte_reactivo,team_beta,2026-02-06 15:55:55.641762,2026-02-07 11:58:27.545257,20.0,False,0,False,False,False,False
TCK-05262,retencion_clientes,team_growth,2026-04-02 00:37:11.994318,2026-04-02 14:41:00.591195,14.1,False,0,False,False,False,False
TCK-05263,soporte_reactivo,team_gamma,2026-06-23 13:17:56.684993,2026-06-26 23:01:21.130738,81.7,False,4,False,False,False,False
TCK-05264,retencion_clientes,team_gamma,2026-06-27 11:55:18.197713,2026-06-28 03:00:19.075516,15.1,False,0,False,False,False,False
TCK-05265,soporte_reactivo,team_beta,2026-02-20 02:30:23.142414,2026-02-20 13:33:19.624929,11.0,False,0,False,False,False,False
TCK-05266,soporte_reactivo,team_alpha,2026-05-18 05:11:02.953169,2026-05-18 15:02:29.506624,9.9,False,0,False,False,False,False
TCK-05267,mantenimiento_operativo,team_alpha,2025-12-23 17:15:08.475080,2025-12-24 02:34:47.454971,9.3,False,0,False,False,False,False
TCK-05268,mantenimiento_operativo,team_beta,2026-04-22 22:01:44.029137,2026-04-23 09:09:37.595141,11.1,False,0,False,True,False,False
TCK-05269,mantenimiento_operativo,team_gamma,2026-07-05 20:26:44.193035,2026-07-06 13:48:48.820282,17.4,False,0,True,True,False,False
TCK-05270,soporte_reactivo,team_alpha,2026-04-24 04:13:57.955500,2026-04-25 02:42:41.015243,22.5,False,0,False,False,False,False
TCK-05271,mantenimiento_operativo,team_beta,2025-12-27 00:06:35.037436,2025-12-27 10:40:36.317290,10.6,False,0,False,False,False,False
TCK-05272,soporte_reactivo,team_alpha,2026-03-27 20:02:42.014369,2026-03-29 16:55:33.190768,44.9,False,4,False,False,False,False
TCK-05273,mantenimiento_operativo,team_beta,2026-05-11 09:14:55.859513,2026-05-11 15:56:50.328322,6.7,False,0,False,False,False,False
TCK-05274,mantenimiento_operativo,team_gamma,2026-02-27 10:11:42.236408,2026-02-27 15:38:40.866294,5.4,False,0,True,True,False,False
TCK-05275,deuda_tecnica_critica,team_growth,2026-07-14 15:39:52.734271,2026-07-15 13:58:01.159945,22.3,False,0,False,True,False,False
TCK-05276,deuda_tecnica_critica,team_growth,2026-03-24 23:33:41.464658,2026-04-04 15:25:47.581227,255.9,False,0,False,False,False,False
TCK-05277,deuda_tecnica_critica,team_gamma,2026-05-28 07:12:44.080051,2026-05-29 12:45:59.904331,29.6,False,0,False,False,False,False
TCK-05278,mantenimiento_operativo,team_gamma,2026-03-03 23:49:32.733813,2026-03-04 12:07:58.849832,12.3,False,0,False,True,False,False
TCK-05279,mantenimiento_operativo,team_alpha,2026-02-17 21:41:39.236201,2026-02-18 18:21:16.021391,20.7,False,0,False,False,False,False
TCK-05280,mantenimiento_operativo,team_beta,2026-01-18 04:14:09.882889,2026-01-18 21:16:01.274638,17.0,False,0,True,False,False,False
TCK-05281,soporte_reactivo,team_gamma,2026-08-27 13:00:59.616458,2026-08-28 08:13:58.157843,19.2,False,0,False,False,False,False
TCK-05282,mantenimiento_operativo,team_beta,2026-02-26 20:04:06.989725,2026-02-27 11:23:36.082853,15.3,False,0,False,True,False,False
TCK-05283,retencion_clientes,team_beta,2026-02-12 11:40:23.876501,2026-02-12 19:29:15.571604,7.8,False,0,False,False,False,False
TCK-05284,retencion_clientes,team_growth,2026-04-27 14:00:27.219936,2026-04-28 09:24:43.909475,19.4,False,0,False,False,False,False
TCK-05285,deuda_tecnica_critica,team_growth,2026-07-19 18:03:08.957563,2026-07-22 14:24:49.199358,68.4,False,0,False,False,False,False
TCK-05286,mantenimiento_operativo,team_beta,2026-07-19 16:28:03.462407,2026-07-20 05:42:24.322514,13.2,False,0,True,True,False,False
TCK-05287,retencion_clientes,team_alpha,2026-05-21 08:58:57.166703,2026-05-21 23:36:29.173333,14.6,False,0,False,False,False,False
TCK-05288,cumplimiento_regulatorio,team_growth,2026-07-24 10:20:46.204728,2026-07-25 19:32:09.031657,33.2,False,0,False,False,False,False
TCK-05289,soporte_reactivo,team_gamma,2026-09-06 06:13:26.174261,,,False,0,False,False,False,False
TCK-05290,deuda_tecnica_critica,team_beta,2026-02-21 14:44:38.061403,2026-02-22 21:54:41.113185,31.2,False,0,False,True,False,False
TCK-05291,retencion_clientes,team_growth,2026-02-15 19:38:17.019436,2026-02-16 10:48:23.756911,15.2,False,0,False,False,False,False
TCK-05292,cumplimiento_regulatorio,team_growth,2026-06-18 11:13:56.616876,2026-06-18 23:11:25.858096,12.0,False,0,False,False,False,False
TCK-05293,deuda_tecnica_critica,team_growth,2026-06-05 11:12:43.476430,2026-06-14 16:10:30.982678,221.0,False,0,False,False,False,False
TCK-05294,mantenimiento_operativo,team_gamma,2026-01-17 19:25:26.815429,2026-01-18 07:05:15.607076,11.7,False,0,True,True,False,False
TCK-05295,mantenimiento_operativo,team_beta,2026-07-22 03:32:28.940319,2026-07-22 09:19:21.101639,5.8,False,0,True,False,False,False
TCK-05296,retencion_clientes,team_beta,2026-07-09 15:50:02.360712,2026-07-10 10:38:08.522382,18.8,False,0,False,False,False,False
TCK-05297,cumplimiento_regulatorio,team_alpha,2026-07-18 03:27:42.623185,2026-07-19 02:42:48.275605,23.3,False,0,False,False,False,False
TCK-05298,deuda_tecnica_critica,team_alpha,2026-05-16 05:45:32.412495,2026-05-16 14:40:14.924452,8.9,False,0,False,False,False,False
TCK-05299,mantenimiento_operativo,team_beta,2026-02-04 17:38:22.665982,2026-02-05 05:00:50.956689,11.4,False,0,False,True,False,False
TCK-05300,deuda_tecnica_critica,team_growth,2026-06-09 09:11:01.447719,2026-06-18 04:46:00.087064,211.6,False,0,False,False,False,False
TCK-05301,deuda_tecnica_critica,team_alpha,2026-05-13 06:26:43.146870,2026-05-15 03:04:07.507087,44.6,False,0,False,True,False,False
TCK-05302,deuda_tecnica_critica,team_gamma,2026-07-15 13:50:15.878373,2026-07-22 00:40:53.745136,154.8,False,0,False,True,False,False
TCK-05303,soporte_reactivo,team_alpha,2026-02-07 03:20:04.028161,2026-02-07 20:01:55.537781,16.7,False,0,False,False,False,False
TCK-05304,mantenimiento_operativo,team_alpha,2026-05-29 13:51:22.368918,2026-05-30 08:39:58.926308,18.8,False,0,True,True,False,False
TCK-05305,soporte_reactivo,team_gamma,2026-08-05 20:04:45.565840,2026-08-06 11:29:43.852497,15.4,False,0,False,False,False,False
TCK-05306,deuda_tecnica_critica,team_growth,2026-05-30 16:18:04.253977,2026-06-12 23:48:17.593566,319.5,False,0,False,False,False,False
TCK-05307,mantenimiento_operativo,team_growth,2026-07-18 10:54:05.908975,2026-07-19 13:46:34.643615,26.9,False,0,False,True,False,False
TCK-05308,mantenimiento_operativo,team_growth,2026-07-27 23:55:12.788083,2026-07-28 19:17:30.237556,19.4,False,0,True,True,False,False
TCK-05309,soporte_reactivo,team_gamma,2026-08-15 19:10:00.962383,2026-08-16 08:36:11.250483,13.4,False,4,False,False,False,False
TCK-05310,deuda_tecnica_critica,team_beta,2026-04-16 20:03:07.177112,2026-04-21 08:21:59.620492,108.3,False,0,False,False,False,False
TCK-05311,retencion_clientes,team_gamma,2026-08-05 18:30:41.477976,2026-08-07 08:04:44.983237,37.6,False,0,False,False,False,False
TCK-05312,retencion_clientes,team_growth,2026-08-18 21:32:43.189995,2026-08-20 06:36:05.101420,33.1,False,0,False,False,False,False
TCK-05313,mantenimiento_operativo,team_beta,2026-05-24 07:12:42.385846,2026-05-24 19:33:13.556074,12.3,False,0,False,True,False,False
TCK-05314,soporte_reactivo,team_beta,2026-06-12 13:47:40.408522,2026-06-14 19:03:55.003782,53.3,True,4,False,False,False,False
TCK-05315,retencion_clientes,team_gamma,2026-08-25 22:16:11.892035,2026-08-26 07:06:20.281880,8.8,False,0,False,False,False,False
TCK-05316,deuda_tecnica_critica,team_growth,2026-07-07 01:56:27.421213,2026-07-17 17:02:50.638756,255.1,False,0,False,True,False,False
TCK-05317,retencion_clientes,team_beta,2026-05-15 15:48:10.734719,2026-05-16 09:06:11.552004,17.3,False,0,False,False,False,False
TCK-05318,retencion_clientes,team_alpha,2026-07-23 05:56:11.024592,2026-07-24 06:31:58.483782,24.6,False,0,False,False,False,False
TCK-05319,mantenimiento_operativo,team_alpha,2026-06-10 04:31:23.188223,2026-06-10 16:18:51.587523,11.8,False,0,True,False,False,False
TCK-05320,cumplimiento_regulatorio,team_growth,2026-05-14 17:29:11.423756,2026-05-16 23:23:22.496164,53.9,False,0,False,False,False,False
TCK-05321,cumplimiento_regulatorio,team_growth,2026-05-28 05:20:41.009251,2026-05-28 22:46:18.078855,17.4,False,0,False,False,False,False
TCK-05322,mantenimiento_operativo,team_beta,2026-07-19 09:30:27.356704,2026-07-20 08:35:25.698773,23.1,False,0,False,True,False,False
TCK-05323,deuda_tecnica_critica,team_beta,2026-06-30 18:33:34.719377,2026-07-01 07:12:38.775505,12.7,False,0,False,True,False,False
TCK-05324,retencion_clientes,team_growth,2026-08-26 09:28:29.771804,2026-08-28 01:22:17.280816,39.9,False,0,False,False,False,False
TCK-05325,cumplimiento_regulatorio,team_growth,2026-04-15 19:56:59.329406,2026-04-17 15:03:17.122518,43.1,True,0,False,False,False,False
TCK-05326,soporte_reactivo,team_beta,2026-08-17 06:53:12.714011,2026-08-18 20:02:40.500800,37.2,False,4,False,False,False,False
TCK-05327,mantenimiento_operativo,team_gamma,2025-12-18 23:20:56.915634,2025-12-19 07:46:36.949170,8.4,False,0,True,True,False,False
TCK-05328,mantenimiento_operativo,team_alpha,2026-08-09 20:56:46.640549,2026-08-10 15:18:47.916763,18.4,False,0,False,True,False,False
TCK-05329,soporte_reactivo,team_gamma,2026-03-18 14:40:04.563878,2026-03-19 14:27:16.900867,23.8,False,0,False,False,False,False
TCK-05330,retencion_clientes,team_alpha,2026-03-22 15:43:19.320138,2026-03-23 05:50:46.256181,14.1,False,0,False,False,False,False
TCK-05331,cumplimiento_regulatorio,team_alpha,2026-02-26 05:07:26.450742,2026-02-26 15:36:44.682579,10.5,False,0,False,False,False,False
TCK-05332,mantenimiento_operativo,team_beta,2026-06-07 22:16:35.556191,2026-06-08 09:40:50.063182,11.4,False,0,False,True,False,False
TCK-05333,mantenimiento_operativo,team_beta,2026-04-04 18:57:01.004092,2026-04-05 07:51:07.844424,12.9,False,0,False,True,False,False
TCK-05334,mantenimiento_operativo,team_alpha,2026-07-25 12:17:51.471069,2026-07-25 21:42:07.325583,9.4,False,0,False,True,False,False
TCK-05335,soporte_reactivo,team_alpha,2026-06-30 07:49:48.092321,2026-07-02 11:37:30.669674,51.8,False,4,False,False,False,False
TCK-05336,mantenimiento_operativo,team_beta,2026-01-31 04:21:33.328319,2026-01-31 13:33:30.758371,9.2,False,0,False,True,False,False
TCK-05337,soporte_reactivo,team_alpha,2026-04-10 08:22:29.639543,2026-04-12 23:50:56.484307,63.5,False,4,False,False,False,False
TCK-05338,mantenimiento_operativo,team_beta,2026-07-14 17:46:39.365759,2026-07-15 07:34:13.450380,13.8,False,0,False,True,False,False
TCK-05339,cumplimiento_regulatorio,team_gamma,2026-07-12 00:59:51.540743,2026-07-12 21:35:05.405558,20.6,False,0,False,False,False,False
TCK-05340,cumplimiento_regulatorio,team_growth,2026-09-01 02:42:07.064303,2026-09-02 05:57:13.380490,27.3,False,0,False,False,False,False
TCK-05341,deuda_tecnica_critica,team_growth,2026-02-21 05:35:51.929869,2026-02-23 05:41:05.647727,48.1,False,0,False,False,False,False
TCK-05342,mantenimiento_operativo,team_alpha,2026-07-31 03:44:21.738899,2026-07-31 19:02:56.615640,15.3,False,0,False,True,False,False
TCK-05343,cumplimiento_regulatorio,team_growth,2026-07-20 13:42:02.712813,2026-07-23 13:19:43.851870,71.6,False,0,False,False,False,False
TCK-05344,deuda_tecnica_critica,team_growth,2026-04-13 06:38:59.134433,2026-04-28 12:19:05.600738,365.7,False,0,False,False,False,False
TCK-05345,cumplimiento_regulatorio,team_growth,2026-09-06 17:40:48.668798,2026-09-08 02:52:30.165225,33.2,False,0,False,False,False,False
TCK-05346,soporte_reactivo,team_alpha,2026-07-12 20:39:52.468534,2026-07-14 16:58:14.854171,44.3,True,4,False,False,False,False
TCK-05347,soporte_reactivo,team_gamma,2026-03-26 01:24:21.997549,2026-03-26 08:23:35.804129,7.0,False,0,False,False,False,False
TCK-05348,retencion_clientes,team_beta,2026-04-13 17:24:02.438563,2026-04-14 13:31:25.914988,20.1,False,0,False,False,False,False
TCK-05349,soporte_reactivo,team_gamma,2026-09-06 21:09:47.027795,2026-09-07 15:04:22.808903,17.9,False,0,False,False,False,False
TCK-05350,soporte_reactivo,team_alpha,2026-06-25 01:40:51.063778,2026-06-26 03:40:12.198581,26.0,False,0,False,False,False,False
TCK-05351,soporte_reactivo,team_beta,2026-08-18 06:38:35.519328,2026-08-18 21:15:03.652903,14.6,False,0,False,False,False,False
TCK-05352,mantenimiento_operativo,team_gamma,2026-08-09 15:51:59.016990,2026-08-10 07:37:32.454418,15.8,False,0,False,True,False,False
TCK-05353,mantenimiento_operativo,team_beta,2026-08-04 11:09:45.579849,2026-08-05 04:37:23.516132,17.5,False,0,False,False,False,False
TCK-05354,mantenimiento_operativo,team_beta,2026-06-18 21:01:12.826668,2026-06-19 12:54:57.326850,15.9,False,0,True,True,True,False
TCK-05355,soporte_reactivo,team_growth,2026-04-12 11:07:03.105047,2026-04-13 13:42:33.728550,26.6,False,0,False,False,False,False
TCK-05356,cumplimiento_regulatorio,team_growth,2026-06-03 04:27:13.076515,2026-06-04 13:58:59.368133,33.5,True,0,False,False,False,False
TCK-05357,soporte_reactivo,team_alpha,2026-01-08 15:26:34.567697,2026-01-10 04:30:48.124938,37.1,False,0,False,False,False,False
TCK-05358,retencion_clientes,team_gamma,2026-06-04 07:08:19.455232,2026-06-05 00:06:57.198062,17.0,False,0,False,False,False,False
TCK-05359,retencion_clientes,team_gamma,2026-06-10 07:28:10.445862,2026-06-10 13:21:13.794787,5.9,False,0,False,False,False,False
TCK-05360,cumplimiento_regulatorio,team_growth,2026-01-07 06:24:14.408006,2026-01-08 00:04:44.364599,17.7,False,0,False,False,False,False
TCK-05361,soporte_reactivo,team_gamma,2026-02-10 00:52:24.261335,2026-02-10 16:10:53.289034,15.3,False,0,False,False,False,False
TCK-05362,retencion_clientes,team_beta,2026-01-15 23:44:19.970091,2026-01-16 10:46:20.598455,11.0,False,0,False,False,False,False
TCK-05363,retencion_clientes,team_gamma,2026-01-26 22:04:56.448977,2026-01-27 13:39:26.503074,15.6,False,0,False,False,False,False
TCK-05364,mantenimiento_operativo,team_alpha,2026-04-18 04:01:40.825710,2026-04-18 11:58:58.582318,8.0,False,0,False,True,False,False
TCK-05365,deuda_tecnica_critica,team_growth,2026-08-11 17:36:16.072524,2026-08-18 20:28:52.678126,170.9,False,0,False,True,False,False
TCK-05366,soporte_reactivo,team_growth,2026-04-18 07:47:20.493867,2026-04-19 17:47:24.071232,34.0,False,0,False,False,False,False
TCK-05367,soporte_reactivo,team_alpha,2026-03-17 14:37:15.258129,2026-03-18 10:02:27.411531,19.4,False,0,False,False,False,False
TCK-05368,soporte_reactivo,team_alpha,2026-09-03 01:19:50.371296,2026-09-04 12:06:04.363191,34.8,False,0,False,False,False,False
TCK-05369,deuda_tecnica_critica,team_gamma,2025-12-23 08:00:36.492934,2025-12-26 05:25:17.133950,69.4,False,0,False,False,False,False
TCK-05370,mantenimiento_operativo,team_beta,2026-05-26 10:35:01.847903,2026-05-27 04:47:51.921333,18.2,False,0,False,True,False,False
TCK-05371,cumplimiento_regulatorio,team_alpha,2026-01-31 05:14:56.585780,2026-02-01 04:12:46.601157,23.0,False,0,False,False,False,False
TCK-05372,mantenimiento_operativo,team_gamma,2026-07-03 20:31:53.787226,2026-07-04 21:50:47.604049,25.3,False,0,False,False,False,False
TCK-05373,soporte_reactivo,team_beta,2026-04-08 11:16:24.218255,2026-04-09 07:30:44.766709,20.2,False,0,False,False,False,False
TCK-05374,deuda_tecnica_critica,team_gamma,2026-04-14 03:40:49.948742,2026-04-14 21:29:34.840860,17.8,False,0,False,False,False,False
TCK-05375,mantenimiento_operativo,team_beta,2026-04-13 03:52:16.154055,2026-04-13 10:44:48.481106,6.9,False,0,False,True,False,False
TCK-05376,soporte_reactivo,team_gamma,2026-05-26 18:06:46.561384,2026-05-27 16:21:06.242707,22.2,False,4,False,False,False,False
TCK-05377,soporte_reactivo,team_gamma,2026-07-29 00:45:49.412637,2026-07-31 21:20:56.050598,68.6,False,4,False,False,False,False
TCK-05378,cumplimiento_regulatorio,team_alpha,2026-09-02 19:43:46.864058,2026-09-03 03:02:00.546341,7.3,False,0,False,False,False,False
TCK-05379,retencion_clientes,team_beta,2026-05-21 13:22:45.828381,2026-05-22 04:17:38.071875,14.9,False,0,False,False,False,False
TCK-05380,retencion_clientes,team_gamma,2026-08-13 19:57:22.602952,2026-08-14 09:37:30.100666,13.7,False,0,False,False,False,False
TCK-05381,mantenimiento_operativo,team_alpha,2026-08-08 07:13:16.871127,2026-08-09 06:22:11.416294,23.1,False,0,False,True,False,False
TCK-05382,cumplimiento_regulatorio,team_beta,2026-06-25 13:45:44.808663,2026-06-26 07:53:06.729901,18.1,False,0,False,False,False,False
TCK-05383,retencion_clientes,team_gamma,2026-03-29 12:44:10.428175,2026-03-30 05:25:49.409602,16.7,False,0,False,False,False,False
TCK-05384,soporte_reactivo,team_beta,2026-05-20 15:28:45.395556,2026-05-21 05:26:26.620655,14.0,False,0,False,False,False,False
TCK-05385,deuda_tecnica_critica,team_gamma,2026-03-30 15:47:20.396909,2026-03-31 22:31:23.536676,30.7,False,0,False,True,False,False
TCK-05386,mantenimiento_operativo,team_gamma,2026-06-27 15:36:34.521595,2026-06-27 22:57:55.886238,7.4,False,0,True,True,True,False
TCK-05387,mantenimiento_operativo,team_gamma,2026-08-25 22:31:41.278045,2026-08-27 03:00:13.540755,28.5,False,0,False,False,False,False
TCK-05388,retencion_clientes,team_growth,2026-08-06 03:42:28.334873,2026-08-08 23:25:59.775487,67.7,True,0,False,False,False,False
TCK-05389,mantenimiento_operativo,team_gamma,2026-08-18 00:40:47.990536,2026-08-19 00:48:13.892070,24.1,False,0,True,True,False,False
TCK-05390,cumplimiento_regulatorio,team_growth,2026-08-19 10:51:57.853603,2026-08-21 12:17:58.554205,49.4,False,0,False,False,False,False
TCK-05391,soporte_reactivo,team_alpha,2026-04-26 03:02:03.814550,2026-04-27 09:11:08.816856,30.2,False,4,False,False,False,False
TCK-05392,deuda_tecnica_critica,team_alpha,2026-06-29 12:07:58.698793,2026-07-08 06:45:41.069108,210.6,False,0,False,False,False,False
TCK-05393,deuda_tecnica_critica,team_alpha,2026-06-20 23:12:50.715361,2026-06-27 00:57:18.372905,145.7,False,0,False,False,False,False
TCK-05394,cumplimiento_regulatorio,team_growth,2026-01-02 08:45:34.700421,2026-01-03 17:35:54.078203,32.8,True,0,False,False,False,False
TCK-05395,deuda_tecnica_critica,team_beta,2026-09-04 14:24:17.487984,2026-09-06 06:11:11.667331,39.8,False,0,False,False,False,False
TCK-05396,soporte_reactivo,team_growth,2026-05-26 03:50:06.887792,2026-05-27 04:46:25.540478,24.9,False,0,False,False,False,False
TCK-05397,mantenimiento_operativo,team_beta,2026-02-22 23:40:25.568583,2026-02-23 11:04:51.203414,11.4,False,0,True,True,False,False
TCK-05398,mantenimiento_operativo,team_alpha,2026-01-13 10:19:59.394326,2026-01-13 23:34:01.544943,13.2,False,0,False,True,False,False
TCK-05399,deuda_tecnica_critica,team_growth,2026-06-17 08:38:16.831535,2026-07-16 10:57:43.422477,698.3,False,0,False,False,False,False
TCK-05400,retencion_clientes,team_beta,2026-05-14 16:05:41.500233,2026-05-15 11:52:42.845828,19.8,False,0,False,False,False,False
TCK-05401,onboarding_cliente,team_gamma,2026-03-06 23:24:42.702136,2026-03-10 23:05:00.839886,95.7,False,0,False,False,False,True
TCK-05402,onboarding_cliente,team_gamma,2026-08-22 09:25:45.923253,2026-08-26 02:23:08.119670,89.0,False,0,False,False,False,True
TCK-05403,onboarding_cliente,team_gamma,2026-06-06 12:39:39.242409,2026-06-10 11:19:31.735238,94.7,False,0,False,False,False,True
TCK-05404,onboarding_cliente,team_gamma,2026-03-06 19:02:10.805686,2026-03-10 15:58:57.226568,92.9,False,0,False,False,False,True
TCK-05405,onboarding_cliente,team_gamma,2026-05-16 08:16:13.140162,2026-05-20 08:19:35.979963,96.1,False,0,False,False,False,True
TCK-05406,onboarding_cliente,team_gamma,2026-04-16 10:57:06.249851,2026-04-19 23:57:39.499654,85.0,False,0,False,False,False,True
TCK-05407,onboarding_cliente,team_gamma,2026-02-06 13:25:17.465304,2026-02-10 01:12:58.474868,83.8,False,0,False,False,False,True
TCK-05408,onboarding_cliente,team_gamma,2026-03-31 14:11:45.546367,2026-04-05 02:03:27.433362,107.9,False,0,False,False,False,True
TCK-05409,onboarding_cliente,team_gamma,2026-03-11 00:45:41.133989,2026-03-15 02:53:22.933864,98.1,False,0,False,False,False,True
TCK-05410,onboarding_cliente,team_gamma,2026-03-28 12:25:42.391177,2026-04-01 22:26:21.310297,106.0,False,0,False,False,False,True
TCK-05411,onboarding_cliente,team_gamma,2026-01-25 08:56:50.596616,2026-01-30 09:48:05.516189,120.9,False,0,False,False,False,True
TCK-05412,onboarding_cliente,team_gamma,2026-03-18 07:42:06.792115,2026-03-22 21:00:30.846653,109.3,False,0,False,False,False,True
TCK-05413,onboarding_cliente,team_gamma,2026-04-24 23:46:44.590093,2026-04-28 07:13:15.067386,79.4,False,0,False,False,False,True
TCK-05414,onboarding_cliente,team_gamma,2026-06-16 04:54:50.579534,2026-06-20 19:10:55.514085,110.3,False,0,False,False,False,True
TCK-05415,onboarding_cliente,team_gamma,2026-03-11 19:07:57.606006,2026-03-16 04:28:59.135173,105.4,False,0,False,False,False,True
TCK-05416,onboarding_cliente,team_gamma,2025-12-17 06:36:11.503683,2025-12-20 03:24:04.794857,68.8,False,0,False,False,False,True
TCK-05417,onboarding_cliente,team_gamma,2026-06-18 01:56:47.678475,2026-06-21 11:19:55.170231,81.4,False,0,False,False,False,True
TCK-05418,onboarding_cliente,team_gamma,2026-08-10 01:56:43.215204,2026-08-13 20:19:35.374801,90.4,False,0,False,False,False,True
TCK-05419,onboarding_cliente,team_gamma,2026-01-12 06:37:30.067083,2026-01-15 23:17:40.104718,88.7,False,0,False,False,False,True
TCK-05420,onboarding_cliente,team_gamma,2026-06-30 12:53:20.042114,2026-07-04 09:30:59.400071,92.6,False,0,False,False,False,True
TCK-05421,onboarding_cliente,team_gamma,2026-08-10 22:32:06.880035,2026-08-14 19:32:02.210823,93.0,False,0,False,False,False,True
TCK-05422,onboarding_cliente,team_gamma,2026-02-06 07:01:02.355608,2026-02-10 09:07:31.020116,98.1,False,0,False,False,False,True
TCK-05423,onboarding_cliente,team_gamma,2026-03-18 17:07:11.699486,2026-03-23 14:54:11.811130,117.8,False,0,False,False,False,True
TCK-05424,onboarding_cliente,team_gamma,2026-08-26 21:29:04.387215,,,False,0,False,False,False,True
TCK-05425,onboarding_cliente,team_gamma,2026-06-29 05:53:54.716071,2026-07-02 17:52:13.854561,84.0,False,0,False,False,False,True
TCK-05426,onboarding_cliente,team_gamma,2026-04-02 11:13:57.038806,2026-04-07 08:52:29.901790,117.6,False,0,False,False,False,True
TCK-05427,onboarding_cliente,team_gamma,2026-01-30 05:54:58.926349,2026-02-04 02:28:38.100527,116.6,False,0,False,False,False,True
TCK-05428,onboarding_cliente,team_gamma,2026-03-13 18:33:17.239945,2026-03-17 21:33:06.571327,99.0,False,0,False,False,False,True
TCK-05429,onboarding_cliente,team_gamma,2026-05-24 09:00:16.393968,2026-05-28 20:40:52.498863,107.7,False,0,False,False,False,True
TCK-05430,onboarding_cliente,team_gamma,2026-08-15 11:04:39.425912,2026-08-19 01:05:25.075551,86.0,False,0,False,False,False,True
TCK-05431,onboarding_cliente,team_gamma,2026-08-25 00:14:28.515557,2026-08-29 07:06:38.462069,102.9,False,0,False,False,False,True
TCK-05432,onboarding_cliente,team_gamma,2026-06-14 20:06:49.363866,2026-06-18 03:13:19.029940,79.1,False,0,False,False,False,True
TCK-05433,onboarding_cliente,team_gamma,2026-03-20 22:40:42.635055,2026-03-24 21:25:24.431077,94.7,False,0,False,False,False,True
TCK-05434,onboarding_cliente,team_gamma,2026-03-17 02:01:32.668777,2026-03-20 12:08:30.226066,82.1,False,0,False,False,False,True
TCK-05435,onboarding_cliente,team_gamma,2026-05-23 06:07:28.796865,2026-05-26 08:12:05.422473,74.1,False,0,False,False,False,True
TCK-05436,onboarding_cliente,team_gamma,2026-07-26 15:04:18.729179,2026-07-29 18:54:46.449233,75.8,False,0,False,False,False,True
TCK-05437,onboarding_cliente,team_gamma,2026-04-28 04:08:10.475455,2026-05-02 19:55:39.719953,111.8,False,0,False,False,False,True
TCK-05438,onboarding_cliente,team_gamma,2026-01-02 06:32:49.476257,2026-01-06 06:09:55.210794,95.6,False,0,False,False,False,True
TCK-05439,onboarding_cliente,team_gamma,2026-01-17 18:30:54.604404,2026-01-21 11:13:09.554361,88.7,False,0,False,False,False,True
TCK-05440,onboarding_cliente,team_gamma,2026-02-25 18:40:22.168869,2026-03-01 06:32:51.340932,83.9,False,0,False,False,False,True
TCK-05441,onboarding_cliente,team_gamma,2026-06-28 02:58:07.928327,2026-07-01 23:48:17.306675,92.8,False,0,False,False,False,True
TCK-05442,onboarding_cliente,team_gamma,2026-05-27 13:45:34.667229,2026-06-01 09:30:33.089571,115.7,False,0,False,False,False,True
TCK-05443,onboarding_cliente,team_gamma,2026-07-17 21:00:06.134697,2026-07-22 08:38:14.916315,107.6,False,0,False,False,False,True
TCK-05444,onboarding_cliente,team_gamma,2026-01-10 20:24:46.034585,2026-01-14 05:31:22.804553,81.1,False,0,False,False,False,True
TCK-05445,onboarding_cliente,team_gamma,2026-05-02 16:08:51.057336,2026-05-06 02:15:29.858627,82.1,False,0,False,False,False,True
TCK-05446,onboarding_cliente,team_gamma,2026-08-16 01:01:55.623180,2026-08-20 09:08:30.613849,104.1,False,0,False,False,False,True
TCK-05447,onboarding_cliente,team_gamma,2026-03-18 20:50:17.821159,2026-03-23 08:05:21.138722,107.3,False,0,False,False,False,True
TCK-05448,onboarding_cliente,team_gamma,2026-08-08 12:17:54.328984,2026-08-11 04:29:43.346794,64.2,False,0,False,False,False,True
TCK-05449,onboarding_cliente,team_gamma,2026-04-27 16:34:42.317201,2026-04-30 20:29:23.177910,75.9,False,0,False,False,False,True
TCK-05450,onboarding_cliente,team_gamma,2026-03-15 22:35:06.129341,2026-03-20 02:23:23.086388,99.8,False,0,False,False,False,True
TCK-05451,onboarding_cliente,team_gamma,2026-03-30 14:34:30.139254,2026-04-02 20:13:33.734573,77.7,False,0,False,False,False,True
TCK-05452,onboarding_cliente,team_gamma,2026-08-09 04:16:26.736578,2026-08-12 10:52:12.121307,78.6,False,0,False,False,False,True
TCK-05453,onboarding_cliente,team_gamma,2026-01-16 08:04:01.060949,2026-01-19 12:28:12.653631,76.4,False,0,False,False,False,True
TCK-05454,onboarding_cliente,team_gamma,2026-04-29 16:53:30.231390,2026-05-03 21:33:02.070816,100.7,False,0,False,False,False,True
TCK-05455,onboarding_cliente,team_gamma,2026-05-04 02:51:20.990515,2026-05-08 11:53:05.664570,105.0,False,0,False,False,False,True
TCK-05456,onboarding_cliente,team_gamma,2026-02-07 18:30:58.184084,2026-02-12 05:50:08.572390,107.3,False,0,False,False,False,True
TCK-05457,onboarding_cliente,team_gamma,2026-02-14 05:19:01.238869,2026-02-17 11:13:52.340468,77.9,False,0,False,False,False,True
TCK-05458,onboarding_cliente,team_gamma,2025-12-19 14:56:20.131389,2025-12-22 23:58:38.628953,81.0,False,0,False,False,False,True
TCK-05459,onboarding_cliente,team_gamma,2026-07-10 07:50:20.068096,2026-07-14 17:26:25.295064,105.6,False,0,False,False,False,True
TCK-05460,onboarding_cliente,team_gamma,2026-03-07 22:55:44.317311,2026-03-11 09:19:42.889655,82.4,False,0,False,False,False,True
TCK-05461,onboarding_cliente,team_gamma,2026-02-14 18:44:27.622433,2026-02-18 18:48:07.300099,96.1,False,0,False,False,False,True
TCK-05462,onboarding_cliente,team_gamma,2026-05-21 07:01:51.637812,2026-05-25 11:31:19.274502,100.5,False,0,False,False,False,True
TCK-05463,onboarding_cliente,team_gamma,2026-06-08 06:48:29.362627,2026-06-12 07:34:12.680638,96.8,False,0,False,False,False,True
TCK-05464,onboarding_cliente,team_gamma,2026-06-20 14:09:29.204254,2026-06-24 13:08:32.712027,95.0,False,0,False,False,False,True
TCK-05465,onboarding_cliente,team_gamma,2026-06-16 04:31:30.514316,2026-06-19 21:25:28.686425,88.9,False,0,False,False,False,True
TCK-05466,onboarding_cliente,team_gamma,2026-04-12 10:00:42.379115,2026-04-15 23:42:45.986325,85.7,False,0,False,False,False,True
TCK-05467,onboarding_cliente,team_gamma,2026-04-17 03:04:24.424718,2026-04-20 10:08:13.338263,79.1,False,0,False,False,False,True
TCK-05468,onboarding_cliente,team_gamma,2026-07-24 22:54:44.237585,2026-07-28 18:23:47.660559,91.5,False,0,False,False,False,True
TCK-05469,onboarding_cliente,team_gamma,2025-12-22 16:51:11.020193,2025-12-27 10:54:38.880527,114.1,False,0,False,False,False,True
TCK-05470,onboarding_cliente,team_gamma,2026-04-15 11:14:54.597850,2026-04-19 08:20:31.051428,93.1,False,0,False,False,False,True
TCK-05471,onboarding_cliente,team_gamma,2026-07-10 22:59:59.708940,2026-07-14 18:15:17.576359,91.3,False,0,False,False,False,True
TCK-05472,onboarding_cliente,team_gamma,2026-03-29 11:00:28.210650,2026-04-02 11:35:38.566402,96.6,False,0,False,False,False,True
TCK-05473,onboarding_cliente,team_gamma,2026-06-14 17:33:00.341295,2026-06-19 10:16:26.758170,112.7,False,0,False,False,False,True
TCK-05474,onboarding_cliente,team_gamma,2026-02-14 09:38:00.631970,2026-02-17 22:20:11.173068,84.7,False,0,False,False,False,True
TCK-05475,onboarding_cliente,team_gamma,2026-07-03 02:02:11.675216,2026-07-07 09:35:28.753212,103.6,False,0,False,False,False,True
TCK-05476,onboarding_cliente,team_gamma,2026-01-23 13:16:52.851148,2026-01-27 19:26:32.599598,102.2,False,0,False,False,False,True
TCK-05477,onboarding_cliente,team_gamma,2026-01-31 23:30:57.013423,2026-02-05 09:14:25.465936,105.7,False,0,False,False,False,True
TCK-05478,onboarding_cliente,team_gamma,2026-07-02 16:01:59.330592,2026-07-06 18:22:44.229527,98.3,False,0,False,False,False,True
TCK-05479,onboarding_cliente,team_gamma,2026-07-28 00:53:29.237872,2026-08-01 09:32:08.867214,104.6,False,0,False,False,False,True
TCK-05480,onboarding_cliente,team_gamma,2026-05-31 12:24:36.966253,2026-06-04 19:31:16.422057,103.1,False,0,False,False,False,True
TCK-05481,onboarding_cliente,team_gamma,2026-01-11 11:18:48.657817,2026-01-15 21:44:06.550873,106.4,False,0,False,False,False,True
TCK-05482,onboarding_cliente,team_gamma,2025-12-30 18:04:21.879252,2026-01-04 07:47:32.038247,109.7,False,0,False,False,False,True
TCK-05483,onboarding_cliente,team_gamma,2026-04-11 00:28:32.661171,2026-04-15 21:02:04.919466,116.6,False,0,False,False,False,True
TCK-05484,onboarding_cliente,team_gamma,2026-07-21 19:24:47.540673,2026-07-25 10:08:38.904661,86.7,False,0,False,False,False,True
TCK-05485,onboarding_cliente,team_gamma,2026-07-23 03:49:33.787103,2026-07-26 04:52:32.888457,73.0,False,0,False,False,False,True
TCK-05486,onboarding_cliente,team_gamma,2026-03-27 11:45:47.239281,2026-03-30 21:55:51.415693,82.2,False,0,False,False,False,True
TCK-05487,onboarding_cliente,team_gamma,2026-07-17 04:37:45.923823,2026-07-21 16:27:24.269515,107.8,False,0,False,False,False,True
TCK-05488,onboarding_cliente,team_gamma,2026-02-03 08:44:22.333824,2026-02-07 06:19:13.688373,93.6,False,0,False,False,False,True
TCK-05489,onboarding_cliente,team_gamma,2026-04-09 01:01:15.692333,2026-04-12 21:40:05.279005,92.6,False,0,False,False,False,True
TCK-05490,onboarding_cliente,team_gamma,2026-05-22 05:04:57.181619,2026-05-25 01:16:51.670758,68.2,False,0,False,False,False,True
TCK-05491,onboarding_cliente,team_gamma,2026-04-30 15:14:55.718858,2026-05-04 04:39:59.597946,85.4,False,0,False,False,False,True
TCK-05492,onboarding_cliente,team_gamma,2026-07-04 09:05:35.486662,2026-07-08 07:08:44.207479,94.1,False,0,False,False,False,True
TCK-05493,onboarding_cliente,team_gamma,2026-04-09 13:33:49.012931,2026-04-14 00:51:12.600929,107.3,False,0,False,False,False,True
TCK-05494,onboarding_cliente,team_gamma,2026-01-04 06:39:48.157671,2026-01-08 04:01:50.379905,93.4,False,0,False,False,False,True
TCK-05495,onboarding_cliente,team_gamma,2026-08-08 23:58:20.363324,2026-08-13 13:36:45.675118,109.6,False,0,False,False,False,True
TCK-05496,onboarding_cliente,team_gamma,2026-04-22 02:00:24.600768,2026-04-25 17:09:47.291616,87.2,False,0,False,False,False,True
TCK-05497,onboarding_cliente,team_gamma,2026-04-15 01:33:57.807355,2026-04-19 11:05:23.445474,105.5,False,0,False,False,False,True
TCK-05498,onboarding_cliente,team_gamma,2026-07-26 19:01:00.434110,2026-07-29 17:04:05.311963,70.1,False,0,False,False,False,True
TCK-05499,onboarding_cliente,team_gamma,2026-01-11 19:44:37.955601,2026-01-15 02:19:15.131607,78.6,False,0,False,False,False,True
TCK-05500,onboarding_cliente,team_gamma,2026-05-26 01:52:41.929101,2026-05-30 01:18:54.707127,95.4,False,0,False,False,False,True
TCK-05501,onboarding_cliente,team_gamma,2026-01-13 11:28:11.599689,2026-01-18 04:58:49.832143,113.5,False,0,False,False,False,True
TCK-05502,onboarding_cliente,team_gamma,2026-01-20 00:55:57.342831,2026-01-23 23:43:30.595951,94.8,False,0,False,False,False,True
TCK-05503,onboarding_cliente,team_gamma,2026-05-22 07:11:44.916789,2026-05-26 11:35:40.431346,100.4,False,0,False,False,False,True
TCK-05504,onboarding_cliente,team_gamma,2026-01-14 23:21:33.152005,2026-01-19 18:10:27.557255,114.8,False,0,False,False,False,True
TCK-05505,onboarding_cliente,team_gamma,2026-05-12 23:19:55.011945,2026-05-15 21:02:47.963110,69.7,False,0,False,False,False,True
TCK-05506,onboarding_cliente,team_gamma,2026-03-15 01:26:03.581251,2026-03-18 11:17:56.562922,81.9,False,0,False,False,False,True
TCK-05507,onboarding_cliente,team_gamma,2026-08-12 13:10:31.591202,2026-08-16 17:12:40.598763,100.0,False,0,False,False,False,True
TCK-05508,onboarding_cliente,team_gamma,2026-01-02 14:04:05.960354,2026-01-05 22:57:42.701518,80.9,False,0,False,False,False,True
TCK-05509,onboarding_cliente,team_gamma,2026-03-04 02:50:39.716089,2026-03-07 21:51:19.122251,91.0,False,0,False,False,False,True
TCK-05510,onboarding_cliente,team_gamma,2026-03-04 16:22:02.805620,2026-03-09 18:55:49.067202,122.6,False,0,False,False,False,True
TCK-05511,onboarding_cliente,team_gamma,2026-07-12 02:54:47.704418,2026-07-15 16:50:56.142513,85.9,False,0,False,False,False,True
TCK-05512,onboarding_cliente,team_gamma,2026-02-12 22:57:06.216120,2026-02-17 07:07:55.745102,104.2,False,0,False,False,False,True
TCK-05513,onboarding_cliente,team_gamma,2026-02-27 14:55:25.672368,2026-03-03 11:58:50.768948,93.1,False,0,False,False,False,True
TCK-05514,onboarding_cliente,team_gamma,2026-04-08 03:30:37.838247,2026-04-12 15:48:02.095223,108.3,False,0,False,False,False,True
TCK-05515,onboarding_cliente,team_gamma,2025-12-29 21:27:33.878225,2026-01-03 05:56:55.025081,104.5,False,0,False,False,False,True
TCK-05516,onboarding_cliente,team_gamma,2025-12-18 20:45:41.950642,2025-12-21 21:08:03.462130,72.4,False,0,False,False,False,True
TCK-05517,onboarding_cliente,team_gamma,2026-02-13 18:09:42.542224,2026-02-17 13:07:37.824177,91.0,False,0,False,False,False,True
TCK-05518,onboarding_cliente,team_gamma,2025-12-24 00:50:59.258867,2025-12-27 08:56:36.153279,80.1,False,0,False,False,False,True
TCK-05519,onboarding_cliente,team_gamma,2026-02-28 13:09:34.410035,2026-03-03 23:29:09.255305,82.3,False,0,False,False,False,True
TCK-05520,onboarding_cliente,team_gamma,2026-03-24 18:32:19.418196,2026-03-28 16:59:45.230386,94.5,False,0,False,False,False,True
TCK-05521,onboarding_cliente,team_gamma,2026-06-07 15:56:12.010535,2026-06-12 14:14:45.984381,118.3,False,0,False,False,False,True
TCK-05522,onboarding_cliente,team_gamma,2026-02-19 07:36:36.386102,2026-02-23 04:46:57.683160,93.2,False,0,False,False,False,True
TCK-05523,onboarding_cliente,team_gamma,2026-03-25 16:34:19.255938,2026-03-28 20:35:01.780090,76.0,False,0,False,False,False,True
TCK-05524,onboarding_cliente,team_gamma,2026-03-08 22:04:08.402926,2026-03-12 15:33:53.228640,89.5,False,0,False,False,False,True
TCK-05525,onboarding_cliente,team_gamma,2026-04-11 10:29:18.011418,2026-04-15 01:03:38.483224,86.6,False,0,False,False,False,True
TCK-05526,onboarding_cliente,team_gamma,2026-04-04 09:14:01.882230,2026-04-08 10:20:32.586519,97.1,False,0,False,False,False,True
TCK-05527,onboarding_cliente,team_gamma,2026-06-25 11:05:01.208782,2026-06-28 19:20:44.908168,80.3,False,0,False,False,False,True
TCK-05528,onboarding_cliente,team_gamma,2026-04-05 21:47:19.161418,2026-04-10 07:53:52.404979,106.1,False,0,False,False,False,True
TCK-05529,onboarding_cliente,team_gamma,2026-03-07 04:25:29.102621,2026-03-11 07:14:51.608070,98.8,False,0,False,False,False,True
TCK-05530,onboarding_cliente,team_gamma,2026-03-07 18:59:05.767837,2026-03-12 00:21:14.272483,101.4,False,0,False,False,False,True
TCK-05531,onboarding_cliente,team_gamma,2026-01-01 05:13:34.823492,2026-01-05 04:54:06.292959,95.7,False,0,False,False,False,True
TCK-05532,onboarding_cliente,team_gamma,2026-02-06 09:53:05.762848,2026-02-09 12:33:13.829811,74.7,False,0,False,False,False,True
TCK-05533,onboarding_cliente,team_gamma,2026-06-28 17:59:01.606714,2026-07-02 04:37:17.236806,82.6,False,0,False,False,False,True
TCK-05534,onboarding_cliente,team_gamma,2026-03-05 23:43:32.702020,2026-03-10 10:22:40.678894,106.7,False,0,False,False,False,True
TCK-05535,onboarding_cliente,team_gamma,2026-03-26 07:21:02.661064,2026-03-30 09:50:53.509094,98.5,False,0,False,False,False,True
TCK-05536,onboarding_cliente,team_gamma,2026-08-01 02:47:02.233983,2026-08-05 20:39:05.624515,113.9,False,0,False,False,False,True
TCK-05537,onboarding_cliente,team_gamma,2026-06-18 15:50:59.545007,2026-06-22 19:32:35.157862,99.7,False,0,False,False,False,True
TCK-05538,onboarding_cliente,team_gamma,2026-05-20 11:37:38.306981,2026-05-24 01:09:38.717675,85.5,False,0,False,False,False,True
TCK-05539,onboarding_cliente,team_gamma,2026-02-05 23:14:23.081827,2026-02-10 06:19:57.599873,103.1,False,0,False,False,False,True
TCK-05540,onboarding_cliente,team_gamma,2026-03-03 22:10:45.621907,2026-03-08 05:27:17.231714,103.3,False,0,False,False,False,True
TCK-05541,onboarding_cliente,team_gamma,2025-12-17 14:23:53.880203,2025-12-22 00:39:54.581278,106.3,False,0,False,False,False,True
TCK-05542,onboarding_cliente,team_gamma,2026-05-02 18:59:42.742639,2026-05-07 07:17:44.082397,108.3,False,0,False,False,False,True
TCK-05543,onboarding_cliente,team_gamma,2026-05-02 17:54:16.989457,2026-05-06 18:31:16.491214,96.6,False,0,False,False,False,True
TCK-05544,onboarding_cliente,team_gamma,2026-08-18 23:01:00.792268,2026-08-21 19:11:03.532646,68.2,False,0,False,False,False,True
TCK-05545,onboarding_cliente,team_gamma,2026-05-23 01:23:54.623590,2026-05-26 16:53:36.147679,87.5,False,0,False,False,False,True
TCK-05546,onboarding_cliente,team_gamma,2026-04-04 20:47:57.521982,2026-04-09 12:13:05.873238,111.4,False,0,False,False,False,True
TCK-05547,onboarding_cliente,team_gamma,2026-01-06 19:53:03.302396,2026-01-11 00:50:30.634110,101.0,False,0,False,False,False,True
TCK-05548,onboarding_cliente,team_gamma,2026-06-05 01:06:06.039269,2026-06-08 03:51:59.963294,74.8,False,0,False,False,False,True
TCK-05549,onboarding_cliente,team_gamma,2026-06-08 02:01:35.518209,2026-06-12 12:42:44.633936,106.7,False,0,False,False,False,True
TCK-05550,onboarding_cliente,team_gamma,2026-01-12 01:10:51.253967,2026-01-16 10:04:26.886505,104.9,False,0,False,False,False,True
TCK-05551,onboarding_cliente,team_gamma,2025-12-26 08:31:05.169751,2025-12-30 04:09:29.687253,91.6,False,0,False,False,False,True
TCK-05552,onboarding_cliente,team_gamma,2026-08-13 03:35:56.825148,2026-08-16 11:57:33.903639,80.4,False,0,False,False,False,True
TCK-05553,onboarding_cliente,team_gamma,2026-08-27 20:18:31.374087,2026-09-01 05:47:05.757124,105.5,False,0,False,False,False,True
TCK-05554,onboarding_cliente,team_gamma,2026-06-14 18:58:31.423227,2026-06-18 22:15:36.335614,99.3,False,0,False,False,False,True
TCK-05555,onboarding_cliente,team_gamma,2026-02-05 05:34:52.620053,2026-02-09 19:33:33.759606,110.0,False,0,False,False,False,True
TCK-05556,onboarding_cliente,team_gamma,2026-04-10 05:47:11.725353,2026-04-14 11:11:20.307649,101.4,False,0,False,False,False,True
TCK-05557,onboarding_cliente,team_gamma,2026-08-12 20:59:07.162855,2026-08-15 18:20:48.823820,69.4,False,0,False,False,False,True
TCK-05558,onboarding_cliente,team_gamma,2026-03-15 21:10:09.656294,2026-03-19 12:29:06.028268,87.3,False,0,False,False,False,True
TCK-05559,onboarding_cliente,team_gamma,2026-05-15 08:53:00.657730,2026-05-19 05:57:16.542942,93.1,False,0,False,False,False,True
TCK-05560,onboarding_cliente,team_gamma,2026-02-06 07:42:43.147972,2026-02-11 10:02:18.167034,122.3,False,0,False,False,False,True
TCK-05561,onboarding_cliente,team_gamma,2026-04-27 17:49:59.764399,2026-05-01 02:05:21.725931,80.3,False,0,False,False,False,True
TCK-05562,onboarding_cliente,team_gamma,2026-05-24 10:34:09.762623,2026-05-28 09:54:57.714553,95.3,False,0,False,False,False,True
TCK-05563,onboarding_cliente,team_gamma,2026-06-26 17:32:08.349955,2026-06-30 02:21:21.035425,80.8,False,0,False,False,False,True
TCK-05564,onboarding_cliente,team_gamma,2026-06-27 04:34:46.335271,2026-07-01 06:21:38.781823,97.8,False,0,False,False,False,True
TCK-05565,onboarding_cliente,team_gamma,2026-04-12 06:06:03.455354,2026-04-16 04:59:44.358364,94.9,False,0,False,False,False,True
TCK-05566,onboarding_cliente,team_gamma,2026-08-06 13:22:38.599533,2026-08-10 06:48:45.046060,89.4,False,0,False,False,False,True
TCK-05567,onboarding_cliente,team_gamma,2026-08-13 01:24:37.009734,2026-08-17 01:40:31.530387,96.3,False,0,False,False,False,True
TCK-05568,onboarding_cliente,team_gamma,2026-06-18 18:48:29.254525,2026-06-22 11:34:13.244164,88.8,False,0,False,False,False,True
TCK-05569,onboarding_cliente,team_gamma,2026-04-29 04:41:37.158159,2026-05-03 06:19:44.273704,97.6,False,0,False,False,False,True
TCK-05570,onboarding_cliente,team_gamma,2026-07-03 02:37:59.196483,2026-07-07 00:04:57.035416,93.4,False,0,False,False,False,True
TCK-05571,onboarding_cliente,team_gamma,2026-01-20 02:37:26.776904,2026-01-22 22:30:53.945791,67.9,False,0,False,False,False,True
TCK-05572,onboarding_cliente,team_gamma,2026-07-13 17:55:03.073266,2026-07-17 02:30:41.652804,80.6,False,0,False,False,False,True
TCK-05573,onboarding_cliente,team_gamma,2026-06-17 08:32:54.982213,2026-06-21 03:27:16.492259,90.9,False,0,False,False,False,True
TCK-05574,onboarding_cliente,team_gamma,2026-06-11 22:28:45.893371,2026-06-15 13:55:12.243595,87.4,False,0,False,False,False,True
TCK-05575,onboarding_cliente,team_gamma,2026-05-17 20:23:10.432496,2026-05-21 23:50:44.459244,99.5,False,0,False,False,False,True
TCK-05576,onboarding_cliente,team_gamma,2026-07-15 05:52:51.530323,2026-07-18 13:29:08.689342,79.6,False,0,False,False,False,True
TCK-05577,onboarding_cliente,team_gamma,2026-06-14 19:44:51.291709,2026-06-19 00:35:35.616982,100.8,False,0,False,False,False,True
TCK-05578,onboarding_cliente,team_gamma,2026-05-12 22:28:48.975562,2026-05-16 10:37:35.560475,84.1,False,0,False,False,False,True
TCK-05579,onboarding_cliente,team_gamma,2026-08-16 23:18:17.736950,2026-08-20 15:35:24.954678,88.3,False,0,False,False,False,True
TCK-05580,onboarding_cliente,team_gamma,2026-01-19 19:13:32.206878,2026-01-24 03:03:32.828844,103.8,False,0,False,False,False,True
TCK-05581,onboarding_cliente,team_gamma,2026-04-23 03:53:17.792193,2026-04-27 12:07:54.441334,104.2,False,0,False,False,False,True
TCK-05582,onboarding_cliente,team_gamma,2026-02-21 13:47:47.301537,2026-02-24 21:57:03.114431,80.2,False,0,False,False,False,True
TCK-05583,onboarding_cliente,team_gamma,2026-04-29 03:46:37.278979,2026-05-02 10:45:29.186660,79.0,False,0,False,False,False,True
TCK-05584,onboarding_cliente,team_gamma,2026-03-24 07:02:56.687551,2026-03-28 03:27:21.211455,92.4,False,0,False,False,False,True
TCK-05585,onboarding_cliente,team_gamma,2026-06-14 00:47:57.257265,2026-06-18 04:55:03.207501,100.1,False,0,False,False,False,True
TCK-05586,onboarding_cliente,team_gamma,2026-06-29 11:13:14.991791,2026-07-03 15:04:33.602738,99.9,False,0,False,False,False,True
TCK-05587,onboarding_cliente,team_gamma,2025-12-31 18:48:12.995370,2026-01-03 15:05:54.510400,68.3,False,0,False,False,False,True
TCK-05588,onboarding_cliente,team_gamma,2026-01-18 16:25:46.473021,2026-01-22 16:40:45.047256,96.2,False,0,False,False,False,True
TCK-05589,onboarding_cliente,team_gamma,2026-05-29 17:45:24.131665,2026-06-02 06:13:01.943743,84.5,False,0,False,False,False,True
TCK-05590,onboarding_cliente,team_gamma,2026-05-04 14:03:09.208176,2026-05-08 22:30:26.758561,104.5,False,0,False,False,False,True
TCK-05591,onboarding_cliente,team_gamma,2025-12-30 03:15:22.033708,2026-01-02 12:01:45.075741,80.8,False,0,False,False,False,True
TCK-05592,onboarding_cliente,team_gamma,2025-12-16 13:38:32.298450,2025-12-20 12:51:53.095473,95.2,False,0,False,False,False,True
TCK-05593,onboarding_cliente,team_gamma,2026-05-12 20:17:57.087835,2026-05-16 09:50:30.389241,85.5,False,0,False,False,False,True
TCK-05594,onboarding_cliente,team_gamma,2026-05-26 03:48:47.301991,2026-05-30 10:22:55.625314,102.6,False,0,False,False,False,True
TCK-05595,onboarding_cliente,team_gamma,2026-07-20 00:05:25.230908,2026-07-23 11:28:27.044545,83.4,False,0,False,False,False,True
TCK-05596,onboarding_cliente,team_gamma,2026-05-25 17:30:50.116924,2026-05-28 23:06:02.598046,77.6,False,0,False,False,False,True
TCK-05597,onboarding_cliente,team_gamma,2026-04-11 03:41:01.398649,2026-04-14 17:10:45.308613,85.5,False,0,False,False,False,True
TCK-05598,onboarding_cliente,team_gamma,2026-01-17 08:28:14.182693,2026-01-21 13:05:45.058673,100.6,False,0,False,False,False,True
TCK-05599,onboarding_cliente,team_gamma,2026-06-19 04:48:30.844952,2026-06-23 11:19:58.218212,102.5,False,0,False,False,False,True
TCK-05600,onboarding_cliente,team_gamma,2026-01-07 17:37:24.140165,2026-01-11 13:22:25.213796,91.8,False,0,False,False,False,True
TCK-05601,onboarding_cliente,team_gamma,2026-01-28 00:57:58.407991,2026-02-01 04:47:06.348261,99.8,False,0,False,False,False,True
TCK-05602,onboarding_cliente,team_gamma,2026-05-24 10:01:19.521658,2026-05-29 17:25:17.268436,127.4,False,0,False,False,False,True
TCK-05603,onboarding_cliente,team_gamma,2026-03-13 18:50:15.481773,2026-03-17 21:16:08.572775,98.4,False,0,False,False,False,True
TCK-05604,onboarding_cliente,team_gamma,2026-08-01 02:16:08.092324,2026-08-04 19:05:24.676616,88.8,False,0,False,False,False,True
TCK-05605,onboarding_cliente,team_gamma,2026-06-19 07:47:53.539819,2026-06-23 08:34:15.577773,96.8,False,0,False,False,False,True
TCK-05606,onboarding_cliente,team_gamma,2026-04-13 18:25:30.866876,2026-04-18 04:10:30.119430,105.7,False,0,False,False,False,True
TCK-05607,onboarding_cliente,team_gamma,2026-04-13 15:24:07.045430,2026-04-17 19:31:05.839859,100.1,False,0,False,False,False,True
TCK-05608,onboarding_cliente,team_gamma,2026-07-29 23:33:22.677048,2026-08-02 20:07:36.183391,92.6,False,0,False,False,False,True
TCK-05609,onboarding_cliente,team_gamma,2026-05-26 00:40:34.462054,2026-05-30 20:46:03.002821,116.1,False,0,False,False,False,True
TCK-05610,onboarding_cliente,team_gamma,2026-06-04 09:31:50.717961,2026-06-09 09:29:52.065366,120.0,False,0,False,False,False,True
TCK-05611,onboarding_cliente,team_gamma,2026-07-21 06:01:35.821602,2026-07-24 10:42:59.744854,76.7,False,0,False,False,False,True
TCK-05612,onboarding_cliente,team_gamma,2026-06-18 01:54:07.254401,2026-06-21 20:17:04.469696,90.4,False,0,False,False,False,True
TCK-05613,onboarding_cliente,team_gamma,2026-04-22 17:51:33.867120,2026-04-27 02:51:58.611255,105.0,False,0,False,False,False,True
TCK-05614,onboarding_cliente,team_gamma,2026-03-09 15:59:51.888635,2026-03-12 13:14:47.699693,69.2,False,0,False,False,False,True
TCK-05615,onboarding_cliente,team_gamma,2026-06-25 12:43:54.552347,2026-06-29 11:10:12.926748,94.4,False,0,False,False,False,True
TCK-05616,onboarding_cliente,team_gamma,2026-01-29 00:15:52.949813,2026-02-01 12:23:04.001426,84.1,False,0,False,False,False,True
TCK-05617,onboarding_cliente,team_gamma,2026-04-20 15:54:47.614204,2026-04-24 22:56:04.128439,103.0,False,0,False,False,False,True
TCK-05618,onboarding_cliente,team_gamma,2026-04-08 19:42:55.261549,2026-04-12 23:48:50.056278,100.1,False,0,False,False,False,True
TCK-05619,onboarding_cliente,team_gamma,2026-03-02 03:41:41.145876,2026-03-06 21:40:46.355699,114.0,False,0,False,False,False,True
TCK-05620,onboarding_cliente,team_gamma,2026-02-10 15:38:16.717890,2026-02-15 11:04:26.793043,115.4,False,0,False,False,False,True
TCK-05621,onboarding_cliente,team_gamma,2026-07-30 17:56:54.795137,2026-08-04 06:47:11.258479,108.8,False,0,False,False,False,True
TCK-05622,onboarding_cliente,team_gamma,2025-12-23 00:26:22.076417,2025-12-26 23:56:39.574097,95.5,False,0,False,False,False,True
TCK-05623,onboarding_cliente,team_gamma,2026-03-31 15:43:01.449850,2026-04-05 04:30:47.847964,108.8,False,0,False,False,False,True
TCK-05624,onboarding_cliente,team_gamma,2026-01-22 08:48:51.514617,2026-01-26 01:04:41.820359,88.3,False,0,False,False,False,True
TCK-05625,onboarding_cliente,team_gamma,2026-03-10 17:47:38.812773,2026-03-14 01:47:58.084571,80.0,False,0,False,False,False,True
TCK-05626,onboarding_cliente,team_gamma,2026-02-08 09:49:19.381652,2026-02-11 18:33:50.332492,80.7,False,0,False,False,False,True
TCK-05627,onboarding_cliente,team_gamma,2026-04-19 19:40:45.772384,2026-04-24 15:13:46.820486,115.6,False,0,False,False,False,True
TCK-05628,onboarding_cliente,team_gamma,2026-02-24 07:30:07.953479,2026-02-28 15:33:02.193005,104.0,False,0,False,False,False,True
TCK-05629,onboarding_cliente,team_gamma,2026-02-15 19:40:14.136041,2026-02-19 02:57:18.275717,79.3,False,0,False,False,False,True
TCK-05630,onboarding_cliente,team_gamma,2026-01-24 03:04:11.076418,2026-01-28 23:53:12.375719,116.8,False,0,False,False,False,True
TCK-05631,onboarding_cliente,team_gamma,2026-01-16 05:56:30.797366,2026-01-19 18:19:24.359943,84.4,False,0,False,False,False,True
TCK-05632,onboarding_cliente,team_gamma,2025-12-27 21:38:41.679703,2025-12-31 21:30:29.229303,95.9,False,0,False,False,False,True
TCK-05633,onboarding_cliente,team_gamma,2026-06-01 20:37:56.973529,2026-06-05 23:10:17.298409,98.5,False,0,False,False,False,True
TCK-05634,onboarding_cliente,team_gamma,2026-03-22 17:35:11.325170,2026-03-26 16:36:30.637956,95.0,False,0,False,False,False,True
TCK-05635,onboarding_cliente,team_gamma,2026-04-24 17:23:13.380597,2026-04-28 04:34:35.018967,83.2,False,0,False,False,False,True
TCK-05636,onboarding_cliente,team_gamma,2026-05-03 16:20:35.762500,2026-05-08 01:36:28.373804,105.3,False,0,False,False,False,True
TCK-05637,onboarding_cliente,team_gamma,2026-02-18 00:55:20.908369,2026-02-22 04:26:04.793834,99.5,False,0,False,False,False,True
TCK-05638,onboarding_cliente,team_gamma,2026-06-17 19:51:12.040287,2026-06-21 20:23:24.596285,96.5,False,0,False,False,False,True
TCK-05639,onboarding_cliente,team_gamma,2026-04-18 03:24:42.259706,2026-04-22 01:18:19.050756,93.9,False,0,False,False,False,True
TCK-05640,onboarding_cliente,team_gamma,2026-03-24 15:40:01.476836,2026-03-28 18:13:46.355323,98.6,False,0,False,False,False,True
TCK-05641,onboarding_cliente,team_gamma,2025-12-23 17:45:12.803885,2025-12-28 02:08:00.564114,104.4,False,0,False,False,False,True
TCK-05642,onboarding_cliente,team_gamma,2026-06-02 18:24:05.745334,2026-06-06 09:58:11.805961,87.6,False,0,False,False,False,True
TCK-05643,onboarding_cliente,team_gamma,2026-08-09 09:38:22.765937,2026-08-13 04:44:21.317383,91.1,False,0,False,False,False,True
TCK-05644,onboarding_cliente,team_gamma,2026-02-26 10:59:16.880506,2026-03-03 00:14:30.145015,109.3,False,0,False,False,False,True
TCK-05645,onboarding_cliente,team_gamma,2026-01-12 14:45:37.326030,2026-01-16 14:11:39.756800,95.4,False,0,False,False,False,True
TCK-05646,onboarding_cliente,team_gamma,2026-01-26 20:08:31.493008,2026-01-30 13:37:08.219367,89.5,False,0,False,False,False,True
TCK-05647,onboarding_cliente,team_gamma,2026-03-15 23:16:38.262424,2026-03-19 17:50:50.211259,90.6,False,0,False,False,False,True
TCK-05648,onboarding_cliente,team_gamma,2026-05-27 10:30:00.505610,2026-05-30 23:21:00.785642,84.9,False,0,False,False,False,True
TCK-05649,onboarding_cliente,team_gamma,2026-04-15 05:59:05.206941,2026-04-19 05:00:24.151184,95.0,False,0,False,False,False,True
TCK-05650,onboarding_cliente,team_gamma,2026-07-28 17:31:31.266413,2026-07-31 17:27:20.621294,71.9,False,0,False,False,False,True
TCK-05651,onboarding_cliente,team_gamma,2026-06-16 23:24:24.109354,2026-06-21 08:24:37.853836,105.0,False,0,False,False,False,True
TCK-05652,onboarding_cliente,team_gamma,2026-05-14 18:31:53.026961,2026-05-17 22:34:06.792150,76.0,False,0,False,False,False,True
TCK-05653,onboarding_cliente,team_gamma,2026-08-10 16:21:36.646913,2026-08-13 20:35:00.539831,76.2,False,0,False,False,False,True
TCK-05654,onboarding_cliente,team_gamma,2025-12-27 19:12:38.037771,2025-12-31 12:44:13.340472,89.5,False,0,False,False,False,True
TCK-05655,onboarding_cliente,team_gamma,2026-04-24 10:00:27.482054,2026-04-28 23:25:22.575689,109.4,False,0,False,False,False,True
TCK-05656,onboarding_cliente,team_gamma,2026-01-15 05:04:26.704700,2026-01-20 04:34:38.947782,119.5,False,0,False,False,False,True
TCK-05657,onboarding_cliente,team_gamma,2026-04-02 20:34:00.114199,2026-04-06 04:31:48.129437,80.0,False,0,False,False,False,True
TCK-05658,onboarding_cliente,team_gamma,2026-04-13 23:19:09.546156,2026-04-17 23:59:57.328153,96.7,False,0,False,False,False,True
TCK-05659,onboarding_cliente,team_gamma,2026-06-19 22:14:24.411931,2026-06-23 16:42:46.284961,90.5,False,0,False,False,False,True
TCK-05660,onboarding_cliente,team_gamma,2026-04-24 22:43:28.280248,2026-04-29 20:59:09.040269,118.3,False,0,False,False,False,True
TCK-05661,onboarding_cliente,team_gamma,2026-02-09 21:12:01.901289,2026-02-13 15:22:23.361314,90.2,False,0,False,False,False,True
TCK-05662,onboarding_cliente,team_gamma,2026-05-03 12:58:19.208898,2026-05-07 16:02:52.544945,99.1,False,0,False,False,False,True
TCK-05663,onboarding_cliente,team_gamma,2026-08-22 03:23:36.525360,2026-08-27 00:04:57.195663,116.7,False,0,False,False,False,True
TCK-05664,onboarding_cliente,team_gamma,2025-12-29 13:40:53.871081,2026-01-02 19:44:06.097666,102.1,False,0,False,False,False,True
TCK-05665,onboarding_cliente,team_gamma,2026-02-01 21:48:12.966006,2026-02-05 21:34:25.403600,95.8,False,0,False,False,False,True
TCK-05666,onboarding_cliente,team_gamma,2026-06-22 14:54:05.568073,2026-06-26 00:33:13.283367,81.7,False,0,False,False,False,True
TCK-05667,onboarding_cliente,team_gamma,2026-05-28 10:14:25.115708,2026-06-01 00:16:01.230221,86.0,False,0,False,False,False,True
TCK-05668,onboarding_cliente,team_gamma,2026-07-15 04:31:19.319850,2026-07-18 23:35:25.606629,91.1,False,0,False,False,False,True
TCK-05669,onboarding_cliente,team_gamma,2026-06-06 21:53:46.974302,2026-06-10 22:48:22.134596,96.9,False,0,False,False,False,True
TCK-05670,onboarding_cliente,team_gamma,2026-05-18 08:40:18.272615,2026-05-23 01:23:01.674852,112.7,False,0,False,False,False,True
TCK-05671,onboarding_cliente,team_gamma,2026-04-21 11:16:05.468099,2026-04-25 18:02:34.293153,102.8,False,0,False,False,False,True
TCK-05672,onboarding_cliente,team_gamma,2026-02-08 09:09:57.564197,2026-02-13 05:48:08.330428,116.6,False,0,False,False,False,True
TCK-05673,onboarding_cliente,team_gamma,2026-02-25 05:22:41.428970,2026-02-28 17:37:18.202289,84.2,False,0,False,False,False,True
TCK-05674,onboarding_cliente,team_gamma,2026-07-29 15:14:17.464893,2026-08-03 06:36:30.933136,111.4,False,0,False,False,False,True
TCK-05675,onboarding_cliente,team_gamma,2025-12-23 22:58:31.496520,2025-12-28 11:37:49.369517,108.7,False,0,False,False,False,True
TCK-05676,onboarding_cliente,team_gamma,2026-01-04 17:59:06.704926,2026-01-09 18:28:16.613605,120.5,False,0,False,False,False,True
TCK-05677,onboarding_cliente,team_gamma,2026-04-19 00:00:08.887063,2026-04-22 22:13:06.819692,94.2,False,0,False,False,False,True
TCK-05678,onboarding_cliente,team_gamma,2026-01-20 21:04:29.503721,2026-01-25 10:48:45.045195,109.7,False,0,False,False,False,True
TCK-05679,onboarding_cliente,team_gamma,2026-07-14 20:27:52.362262,2026-07-17 22:53:27.165956,74.4,False,0,False,False,False,True
TCK-05680,onboarding_cliente,team_gamma,2026-05-08 19:54:29.333933,2026-05-12 10:24:19.853122,86.5,False,0,False,False,False,True
TCK-05681,onboarding_cliente,team_gamma,2025-12-31 20:43:41.717100,2026-01-04 22:43:53.123472,98.0,False,0,False,False,False,True
TCK-05682,onboarding_cliente,team_gamma,2026-05-07 01:49:12.040371,2026-05-11 04:42:19.547983,98.9,False,0,False,False,False,True
TCK-05683,onboarding_cliente,team_gamma,2026-03-31 15:45:24.888634,2026-04-05 00:40:51.241874,104.9,False,0,False,False,False,True
TCK-05684,onboarding_cliente,team_gamma,2026-06-29 02:31:35.024218,2026-07-03 04:00:56.470879,97.5,False,0,False,False,False,True
TCK-05685,onboarding_cliente,team_gamma,2026-05-10 00:49:48.084851,2026-05-14 10:04:11.210685,105.2,False,0,False,False,False,True
TCK-05686,onboarding_cliente,team_gamma,2026-03-29 04:26:38.479513,2026-04-01 01:51:25.843293,69.4,False,0,False,False,False,True
TCK-05687,onboarding_cliente,team_gamma,2026-04-13 03:39:00.823277,2026-04-16 15:37:02.624290,84.0,False,0,False,False,False,True
TCK-05688,onboarding_cliente,team_gamma,2026-08-01 17:26:44.799292,2026-08-06 07:32:13.313510,110.1,False,0,False,False,False,True
TCK-05689,onboarding_cliente,team_gamma,2026-01-14 11:43:10.346687,2026-01-18 08:53:09.159462,93.2,False,0,False,False,False,True
TCK-05690,onboarding_cliente,team_gamma,2026-06-26 06:17:58.322470,2026-06-29 11:34:13.109810,77.3,False,0,False,False,False,True
TCK-05691,onboarding_cliente,team_gamma,2025-12-29 07:52:47.338107,2026-01-01 11:28:17.675114,75.6,False,0,False,False,False,True
TCK-05692,onboarding_cliente,team_gamma,2026-06-08 16:56:31.972151,2026-06-13 06:26:13.766370,109.5,False,0,False,False,False,True
TCK-05693,onboarding_cliente,team_gamma,2026-02-24 08:57:59.178414,2026-02-27 21:05:52.395597,84.1,False,0,False,False,False,True
TCK-05694,onboarding_cliente,team_gamma,2026-06-13 10:13:57.366795,2026-06-17 22:23:27.645677,108.2,False,0,False,False,False,True
TCK-05695,onboarding_cliente,team_gamma,2026-04-21 22:34:34.797001,2026-04-25 17:55:16.448520,91.3,False,0,False,False,False,True
TCK-05696,onboarding_cliente,team_gamma,2026-07-19 16:15:32.385804,2026-07-24 16:06:09.698709,119.8,False,0,False,False,False,True
TCK-05697,onboarding_cliente,team_gamma,2026-02-24 10:00:48.608365,2026-02-27 03:39:43.804320,65.6,False,0,False,False,False,True
TCK-05698,onboarding_cliente,team_gamma,2026-08-21 06:35:59.072745,2026-08-24 19:44:57.814718,85.1,False,0,False,False,False,True
TCK-05699,onboarding_cliente,team_gamma,2026-03-29 17:57:27.918465,2026-04-02 12:11:38.789766,90.2,False,0,False,False,False,True
TCK-05700,onboarding_cliente,team_gamma,2026-01-10 13:54:18.329188,2026-01-13 18:26:54.534233,76.5,False,0,False,False,False,True
TCK-05701,onboarding_cliente,team_gamma,2026-06-27 06:45:23.952124,2026-07-01 08:48:42.315527,98.1,False,0,False,False,False,True
TCK-05702,onboarding_cliente,team_gamma,2026-08-17 02:42:49.295601,2026-08-20 21:22:13.801136,90.7,False,0,False,False,False,True
TCK-05703,onboarding_cliente,team_gamma,2026-01-24 09:46:05.320404,2026-01-28 11:52:30.412738,98.1,False,0,False,False,False,True
TCK-05704,onboarding_cliente,team_gamma,2026-03-26 10:02:45.625751,2026-03-29 07:36:01.619513,69.6,False,0,False,False,False,True
TCK-05705,onboarding_cliente,team_gamma,2026-06-20 01:39:27.253703,2026-06-23 20:03:24.486238,90.4,False,0,False,False,False,True
TCK-05706,onboarding_cliente,team_gamma,2026-01-13 21:40:16.418430,2026-01-19 02:52:09.813008,125.2,False,0,False,False,False,True
TCK-05707,onboarding_cliente,team_gamma,2026-05-26 10:10:05.020073,2026-05-29 18:48:22.796755,80.6,False,0,False,False,False,True
TCK-05708,onboarding_cliente,team_gamma,2026-03-10 11:58:09.730660,2026-03-14 15:13:13.550665,99.3,False,0,False,False,False,True
TCK-05709,onboarding_cliente,team_gamma,2026-08-16 04:45:45.415859,2026-08-21 01:18:20.487817,116.5,False,0,False,False,False,True
TCK-05710,onboarding_cliente,team_gamma,2026-08-20 22:40:15.585009,2026-08-23 18:21:47.267195,67.7,False,0,False,False,False,True
TCK-05711,onboarding_cliente,team_gamma,2026-04-16 18:43:52.511207,2026-04-20 05:16:24.913908,82.5,False,0,False,False,False,True
TCK-05712,onboarding_cliente,team_gamma,2026-01-02 20:45:25.930832,2026-01-06 07:30:52.152741,82.8,False,0,False,False,False,True
TCK-05713,onboarding_cliente,team_gamma,2026-07-02 18:11:42.412820,2026-07-06 11:04:37.214943,88.9,False,0,False,False,False,True
TCK-05714,onboarding_cliente,team_gamma,2026-02-27 22:03:47.394710,2026-03-03 13:20:12.926310,87.3,False,0,False,False,False,True
TCK-05715,onboarding_cliente,team_gamma,2026-02-01 11:13:55.002908,2026-02-05 14:58:33.692780,99.7,False,0,False,False,False,True
TCK-05716,onboarding_cliente,team_gamma,2026-07-27 07:29:21.387864,2026-07-31 19:49:56.402433,108.3,False,0,False,False,False,True
TCK-05717,onboarding_cliente,team_gamma,2025-12-16 11:37:42.822272,2025-12-19 18:19:18.506602,78.7,False,0,False,False,False,True
TCK-05718,onboarding_cliente,team_gamma,2026-02-28 22:38:20.014385,2026-03-04 17:38:58.068588,91.0,False,0,False,False,False,True
TCK-05719,onboarding_cliente,team_gamma,2026-03-19 08:49:29.931734,2026-03-23 15:41:49.437018,102.9,False,0,False,False,False,True
TCK-05720,onboarding_cliente,team_gamma,2026-03-22 02:37:06.155927,2026-03-26 12:49:05.570913,106.2,False,0,False,False,False,True
TCK-05721,onboarding_cliente,team_gamma,2026-05-10 07:43:08.801298,2026-05-13 21:51:29.851207,86.1,False,0,False,False,False,True
TCK-05722,onboarding_cliente,team_gamma,2025-12-31 05:37:25.595190,2026-01-04 04:31:40.646024,94.9,False,0,False,False,False,True
TCK-05723,onboarding_cliente,team_gamma,2026-02-23 04:01:22.420331,2026-02-26 02:47:18.006208,70.8,False,0,False,False,False,True
TCK-05724,onboarding_cliente,team_gamma,2026-03-18 23:05:23.098263,2026-03-23 11:17:53.901158,108.2,False,0,False,False,False,True
TCK-05725,onboarding_cliente,team_gamma,2026-07-13 20:28:04.412796,2026-07-17 12:13:21.345832,87.8,False,0,False,False,False,True
TCK-05726,onboarding_cliente,team_gamma,2026-02-13 04:38:34.595934,2026-02-17 04:35:05.755776,95.9,False,0,False,False,False,True
TCK-05727,onboarding_cliente,team_gamma,2026-04-27 12:53:21.928738,2026-04-30 08:26:00.837553,67.5,False,0,False,False,False,True
TCK-05728,onboarding_cliente,team_gamma,2026-02-18 02:08:47.518164,2026-02-22 08:05:25.543942,101.9,False,0,False,False,False,True
TCK-05729,onboarding_cliente,team_gamma,2026-04-11 15:34:03.305508,2026-04-14 20:56:25.781130,77.4,False,0,False,False,False,True
TCK-05730,onboarding_cliente,team_gamma,2026-01-06 12:15:20.011033,2026-01-10 07:23:04.314444,91.1,False,0,False,False,False,True
TCK-05731,onboarding_cliente,team_gamma,2026-05-14 06:05:12.823552,2026-05-17 00:21:50.025146,66.3,False,0,False,False,False,True
TCK-05732,onboarding_cliente,team_gamma,2026-02-02 02:20:36.215313,2026-02-06 01:12:10.773214,94.9,False,0,False,False,False,True
TCK-05733,onboarding_cliente,team_gamma,2026-05-31 01:17:56.424462,2026-06-04 04:36:16.069350,99.3,False,0,False,False,False,True
TCK-05734,onboarding_cliente,team_gamma,2026-04-21 07:07:24.051179,2026-04-25 11:37:17.664269,100.5,False,0,False,False,False,True
TCK-05735,onboarding_cliente,team_gamma,2026-07-28 10:14:33.327200,2026-08-02 04:43:26.791295,114.5,False,0,False,False,False,True
TCK-05736,onboarding_cliente,team_gamma,2026-02-01 14:16:19.580244,2026-02-05 20:12:24.734846,101.9,False,0,False,False,False,True
TCK-05737,onboarding_cliente,team_gamma,2026-01-04 02:17:30.670176,2026-01-08 22:11:00.433168,115.9,False,0,False,False,False,True
TCK-05738,onboarding_cliente,team_gamma,2026-04-13 21:44:21.659093,2026-04-19 08:09:49.857037,130.4,False,0,False,False,False,True
TCK-05739,onboarding_cliente,team_gamma,2026-04-14 18:07:08.928459,2026-04-18 19:50:09.115340,97.7,False,0,False,False,False,True
TCK-05740,onboarding_cliente,team_gamma,2026-01-28 15:00:00.598038,2026-02-02 03:41:54.314056,108.7,False,0,False,False,False,True
TCK-05741,onboarding_cliente,team_gamma,2026-08-05 07:38:34.704868,2026-08-09 09:24:39.940093,97.8,False,0,False,False,False,True
TCK-05742,onboarding_cliente,team_gamma,2026-02-07 08:54:03.250919,2026-02-11 04:27:36.426137,91.6,False,0,False,False,False,True
TCK-05743,onboarding_cliente,team_gamma,2026-08-22 11:47:00.712981,2026-08-26 02:14:47.718362,86.5,False,0,False,False,False,True
TCK-05744,onboarding_cliente,team_gamma,2026-08-03 09:50:53.976654,2026-08-07 15:31:05.045402,101.7,False,0,False,False,False,True
TCK-05745,onboarding_cliente,team_gamma,2026-03-01 00:13:54.695239,2026-03-04 17:59:28.338579,89.8,False,0,False,False,False,True
TCK-05746,onboarding_cliente,team_gamma,2026-03-24 20:25:33.858766,2026-03-28 16:51:09.376038,92.4,False,0,False,False,False,True
TCK-05747,onboarding_cliente,team_gamma,2026-07-18 03:29:22.037884,2026-07-21 09:06:29.818856,77.6,False,0,False,False,False,True
TCK-05748,onboarding_cliente,team_gamma,2026-05-02 03:28:27.661012,2026-05-06 14:18:14.890344,106.8,False,0,False,False,False,True
TCK-05749,onboarding_cliente,team_gamma,2026-01-01 21:37:47.500193,2026-01-05 07:12:13.793639,81.6,False,0,False,False,False,True
TCK-05750,onboarding_cliente,team_gamma,2026-07-16 02:50:54.368047,2026-07-20 17:30:57.992598,110.7,False,0,False,False,False,True
TCK-05751,onboarding_cliente,team_gamma,2026-07-31 13:48:49.858969,2026-08-03 14:38:52.703405,72.8,False,0,False,False,False,True
TCK-05752,onboarding_cliente,team_gamma,2026-01-31 04:10:15.866466,2026-02-04 06:41:38.529316,98.5,False,0,False,False,False,True
TCK-05753,onboarding_cliente,team_gamma,2026-05-12 18:17:07.624870,2026-05-16 06:52:29.049005,84.6,False,0,False,False,False,True
TCK-05754,onboarding_cliente,team_gamma,2026-07-29 20:42:39.603584,2026-08-02 21:51:17.065304,97.1,False,0,False,False,False,True
TCK-05755,onboarding_cliente,team_gamma,2026-07-16 00:35:19.421434,2026-07-19 17:48:46.851683,89.2,False,0,False,False,False,True
TCK-05756,onboarding_cliente,team_gamma,2026-02-22 21:11:52.784682,2026-02-26 21:22:04.739864,96.2,False,0,False,False,False,True
TCK-05757,onboarding_cliente,team_gamma,2026-02-28 01:44:23.078554,2026-03-03 22:37:46.418279,92.9,False,0,False,False,False,True
TCK-05758,onboarding_cliente,team_gamma,2026-08-09 01:26:00.740869,2026-08-12 00:34:35.051912,71.1,False,0,False,False,False,True
TCK-05759,onboarding_cliente,team_gamma,2026-08-22 11:05:37.584198,2026-08-26 11:41:52.175429,96.6,False,0,False,False,False,True
TCK-05760,onboarding_cliente,team_gamma,2026-01-29 14:37:22.053378,2026-02-03 13:52:34.365564,119.3,False,0,False,False,False,True
TCK-05761,onboarding_cliente,team_gamma,2025-12-17 11:30:16.035818,2025-12-21 14:48:19.457122,99.3,False,0,False,False,False,True
TCK-05762,onboarding_cliente,team_gamma,2026-06-14 02:15:51.695087,2026-06-18 11:37:21.969902,105.4,False,0,False,False,False,True
TCK-05763,onboarding_cliente,team_gamma,2026-04-04 10:11:57.554526,2026-04-08 13:39:18.632891,99.5,False,0,False,False,False,True
TCK-05764,onboarding_cliente,team_gamma,2026-01-05 02:56:05.393907,2026-01-09 02:46:34.089201,95.8,False,0,False,False,False,True
TCK-05765,onboarding_cliente,team_gamma,2026-02-24 12:42:38.532612,2026-03-01 03:49:46.854654,111.1,False,0,False,False,False,True
TCK-05766,onboarding_cliente,team_gamma,2026-05-15 14:17:22.174495,2026-05-20 07:15:47.831078,113.0,False,0,False,False,False,True
TCK-05767,onboarding_cliente,team_gamma,2026-02-01 11:41:33.330750,2026-02-05 14:26:01.450407,98.7,False,0,False,False,False,True
TCK-05768,onboarding_cliente,team_gamma,2026-08-02 04:51:50.227902,2026-08-05 00:23:53.065661,67.5,False,0,False,False,False,True
TCK-05769,onboarding_cliente,team_gamma,2026-06-10 12:05:18.863151,2026-06-13 21:37:20.595945,81.5,False,0,False,False,False,True
TCK-05770,onboarding_cliente,team_gamma,2026-08-23 12:54:11.187000,2026-08-27 15:04:25.981545,98.2,False,0,False,False,False,True
TCK-05771,onboarding_cliente,team_gamma,2026-06-02 18:01:36.727941,2026-06-06 00:17:09.340847,78.3,False,0,False,False,False,True
TCK-05772,onboarding_cliente,team_gamma,2026-02-18 11:35:40.663211,2026-02-22 12:29:48.371728,96.9,False,0,False,False,False,True
TCK-05773,onboarding_cliente,team_gamma,2025-12-18 14:18:34.034575,2025-12-22 15:13:44.935070,96.9,False,0,False,False,False,True
TCK-05774,onboarding_cliente,team_gamma,2026-08-12 18:00:04.658520,2026-08-17 01:03:59.544295,103.1,False,0,False,False,False,True
TCK-05775,onboarding_cliente,team_gamma,2025-12-26 00:28:34.245097,2025-12-29 04:32:40.726070,76.1,False,0,False,False,False,True
TCK-05776,onboarding_cliente,team_gamma,2026-04-10 12:00:45.269435,2026-04-13 16:23:18.750975,76.4,False,0,False,False,False,True
TCK-05777,onboarding_cliente,team_gamma,2026-06-04 23:51:24.785400,2026-06-08 20:32:42.070343,92.7,False,0,False,False,False,True
TCK-05778,onboarding_cliente,team_gamma,2026-07-01 12:42:22.391043,2026-07-04 04:54:21.636311,64.2,False,0,False,False,False,True
TCK-05779,onboarding_cliente,team_gamma,2026-03-19 10:28:20.289693,2026-03-23 11:14:56.248061,96.8,False,0,False,False,False,True
TCK-05780,onboarding_cliente,team_gamma,2026-04-02 17:58:24.576837,2026-04-07 00:53:46.697195,102.9,False,0,False,False,False,True
TCK-05781,onboarding_cliente,team_gamma,2026-05-02 14:10:41.193184,2026-05-06 01:44:10.081524,83.6,False,0,False,False,False,True
TCK-05782,onboarding_cliente,team_gamma,2026-03-14 04:09:29.978980,2026-03-18 08:10:00.013321,100.0,False,0,False,False,False,True
TCK-05783,onboarding_cliente,team_gamma,2026-03-17 06:56:35.344299,2026-03-21 15:51:46.372807,104.9,False,0,False,False,False,True
TCK-05784,onboarding_cliente,team_gamma,2026-04-22 13:50:20.241324,2026-04-26 02:24:04.894878,84.6,False,0,False,False,False,True
TCK-05785,onboarding_cliente,team_gamma,2026-07-12 14:11:17.441123,2026-07-17 01:34:47.679530,107.4,False,0,False,False,False,True
TCK-05786,onboarding_cliente,team_gamma,2026-03-17 17:28:28.212697,2026-03-21 23:26:12.739601,102.0,False,0,False,False,False,True
TCK-05787,onboarding_cliente,team_gamma,2026-08-24 18:13:06.241402,,,False,0,False,False,False,True
TCK-05788,onboarding_cliente,team_gamma,2026-06-05 03:10:09.854020,2026-06-08 17:44:19.347239,86.6,False,0,False,False,False,True
TCK-05789,onboarding_cliente,team_gamma,2025-12-28 20:53:26.198519,2026-01-01 04:54:56.035330,80.0,False,0,False,False,False,True
TCK-05790,onboarding_cliente,team_gamma,2026-06-24 15:43:43.312466,2026-06-28 13:46:17.025603,94.0,False,0,False,False,False,True
TCK-05791,onboarding_cliente,team_gamma,2026-03-31 18:13:28.943912,2026-04-04 13:12:53.880062,91.0,False,0,False,False,False,True
TCK-05792,onboarding_cliente,team_gamma,2026-01-15 17:13:59.262019,2026-01-19 03:16:24.500986,82.0,False,0,False,False,False,True
TCK-05793,onboarding_cliente,team_gamma,2026-05-25 08:18:13.971394,2026-05-29 12:34:48.096826,100.3,False,0,False,False,False,True
TCK-05794,onboarding_cliente,team_gamma,2026-05-02 09:59:25.170743,2026-05-05 23:25:16.611749,85.4,False,0,False,False,False,True
TCK-05795,onboarding_cliente,team_gamma,2026-06-19 06:35:52.123529,2026-06-22 21:37:00.836046,87.0,False,0,False,False,False,True
TCK-05796,onboarding_cliente,team_gamma,2026-01-18 11:45:16.677531,2026-01-21 14:44:01.106936,75.0,False,0,False,False,False,True
TCK-05797,onboarding_cliente,team_gamma,2026-01-14 20:18:01.176464,2026-01-19 08:14:43.135897,107.9,False,0,False,False,False,True
TCK-05798,onboarding_cliente,team_gamma,2026-07-18 07:12:19.655859,2026-07-22 07:34:07.036288,96.4,False,0,False,False,False,True
TCK-05799,onboarding_cliente,team_gamma,2026-05-10 01:05:30.811808,2026-05-13 19:23:37.510476,90.3,False,0,False,False,False,True
TCK-05800,onboarding_cliente,team_gamma,2026-06-18 01:58:48.619553,2026-06-21 15:12:13.793393,85.2,False,0,False,False,False,True
TCK-05801,onboarding_cliente,team_gamma,2026-01-28 21:18:32.126581,2026-02-02 07:24:28.968499,106.1,False,0,False,False,False,True
TCK-05802,onboarding_cliente,team_gamma,2025-12-16 14:16:54.855893,2025-12-20 15:10:47.262289,96.9,False,0,False,False,False,True
TCK-05803,onboarding_cliente,team_gamma,2026-02-18 16:11:49.771660,2026-02-22 04:56:26.850189,84.7,False,0,False,False,False,True
TCK-05804,onboarding_cliente,team_gamma,2026-08-10 02:26:35.447293,2026-08-14 10:13:32.868584,103.8,False,0,False,False,False,True
TCK-05805,onboarding_cliente,team_gamma,2026-07-27 03:23:07.947490,2026-07-30 23:43:59.133010,92.3,False,0,False,False,False,True
TCK-05806,onboarding_cliente,team_gamma,2026-07-05 19:08:17.882269,2026-07-09 17:36:16.655168,94.5,False,0,False,False,False,True
TCK-05807,onboarding_cliente,team_gamma,2026-02-20 18:12:04.063901,2026-02-23 18:10:13.597196,72.0,False,0,False,False,False,True
TCK-05808,onboarding_cliente,team_gamma,2026-07-06 11:21:43.438542,2026-07-10 14:01:12.529055,98.7,False,0,False,False,False,True
TCK-05809,onboarding_cliente,team_gamma,2026-03-21 02:47:11.430556,2026-03-25 23:31:41.566244,116.7,False,0,False,False,False,True
TCK-05810,onboarding_cliente,team_gamma,2026-08-12 09:24:31.204881,2026-08-16 21:14:27.855105,107.8,False,0,False,False,False,True
TCK-05811,onboarding_cliente,team_gamma,2026-03-09 18:16:25.459624,2026-03-13 13:47:49.820291,91.5,False,0,False,False,False,True
TCK-05812,onboarding_cliente,team_gamma,2026-03-27 05:15:10.846292,2026-03-30 02:36:06.564773,69.3,False,0,False,False,False,True
TCK-05813,onboarding_cliente,team_gamma,2026-05-03 22:09:19.820352,2026-05-07 10:20:12.555182,84.2,False,0,False,False,False,True
TCK-05814,onboarding_cliente,team_gamma,2025-12-22 18:17:00.802646,2025-12-26 11:35:02.186203,89.3,False,0,False,False,False,True
TCK-05815,onboarding_cliente,team_gamma,2026-01-19 05:42:59.461223,2026-01-23 01:14:52.724625,91.5,False,0,False,False,False,True
TCK-05816,onboarding_cliente,team_gamma,2026-06-30 09:01:14.922723,2026-07-03 22:47:16.631298,85.8,False,0,False,False,False,True
TCK-05817,onboarding_cliente,team_gamma,2026-06-04 04:56:47.557438,2026-06-08 15:25:38.342244,106.5,False,0,False,False,False,True
TCK-05818,onboarding_cliente,team_gamma,2026-08-16 00:24:53.705965,2026-08-19 19:51:50.675228,91.4,False,0,False,False,False,True
TCK-05819,onboarding_cliente,team_gamma,2026-08-20 20:59:18.792596,2026-08-24 15:32:12.357720,90.5,False,0,False,False,False,True
TCK-05820,onboarding_cliente,team_gamma,2026-06-13 11:34:39.752947,2026-06-17 01:24:17.200274,85.8,False,0,False,False,False,True
TCK-05821,onboarding_cliente,team_gamma,2026-05-17 14:47:27.027635,2026-05-20 23:51:01.613202,81.1,False,0,False,False,False,True
TCK-05822,onboarding_cliente,team_gamma,2026-04-03 13:15:29.930271,2026-04-07 16:04:07.447177,98.8,False,0,False,False,False,True
TCK-05823,onboarding_cliente,team_gamma,2026-06-17 14:05:31.680354,2026-06-21 04:37:52.862741,86.5,False,0,False,False,False,True
TCK-05824,onboarding_cliente,team_gamma,2026-05-03 21:38:41.003205,2026-05-07 15:11:26.403396,89.5,False,0,False,False,False,True
TCK-05825,onboarding_cliente,team_gamma,2026-02-04 15:04:55.665786,2026-02-08 23:02:57.401133,104.0,False,0,False,False,False,True
TCK-05826,onboarding_cliente,team_gamma,2026-08-18 10:16:49.475176,2026-08-21 10:32:02.015042,72.3,False,0,False,False,False,True
TCK-05827,onboarding_cliente,team_gamma,2026-05-18 16:05:53.906462,2026-05-22 20:02:54.880542,100.0,False,0,False,False,False,True
TCK-05828,onboarding_cliente,team_gamma,2026-04-20 20:56:14.421122,2026-04-24 00:00:17.750734,75.1,False,0,False,False,False,True
TCK-05829,onboarding_cliente,team_gamma,2026-02-28 01:29:58.074614,2026-03-04 10:22:10.014661,104.9,False,0,False,False,False,True
TCK-05830,onboarding_cliente,team_gamma,2026-03-11 02:17:53.477396,2026-03-15 15:35:18.146592,109.3,False,0,False,False,False,True
TCK-05831,onboarding_cliente,team_gamma,2026-02-07 16:59:47.410754,2026-02-12 01:53:09.818358,104.9,False,0,False,False,False,True
TCK-05832,onboarding_cliente,team_gamma,2025-12-22 16:05:05.180433,2025-12-27 04:53:48.337141,108.8,False,0,False,False,False,True
TCK-05833,onboarding_cliente,team_gamma,2026-03-21 05:40:34.925822,2026-03-25 12:53:33.236971,103.2,False,0,False,False,False,True
TCK-05834,onboarding_cliente,team_gamma,2026-05-15 16:32:17.126387,2026-05-18 08:19:15.030852,63.8,False,0,False,False,False,True
TCK-05835,onboarding_cliente,team_gamma,2026-03-17 01:08:48.941378,2026-03-21 22:42:57.855952,117.6,False,0,False,False,False,True
TCK-05836,onboarding_cliente,team_gamma,2026-01-23 08:09:16.581495,2026-01-26 16:14:27.677093,80.1,False,0,False,False,False,True
TCK-05837,onboarding_cliente,team_gamma,2026-05-18 18:33:34.580986,2026-05-22 19:43:36.783626,97.2,False,0,False,False,False,True
TCK-05838,onboarding_cliente,team_gamma,2026-06-21 11:50:40.708649,2026-06-25 11:31:36.988386,95.7,False,0,False,False,False,True
TCK-05839,onboarding_cliente,team_gamma,2026-01-16 10:10:38.864584,2026-01-20 07:51:38.908613,93.7,False,0,False,False,False,True
TCK-05840,onboarding_cliente,team_gamma,2026-02-21 12:25:22.227351,2026-02-26 02:55:14.920767,110.5,False,0,False,False,False,True
TCK-05841,onboarding_cliente,team_gamma,2026-03-09 18:46:49.948137,2026-03-12 23:57:43.844457,77.2,False,0,False,False,False,True
TCK-05842,onboarding_cliente,team_gamma,2026-04-14 06:37:22.800344,2026-04-18 20:52:51.562049,110.3,False,0,False,False,False,True
TCK-05843,onboarding_cliente,team_gamma,2026-08-27 15:12:18.155772,,,False,0,False,False,False,True
TCK-05844,onboarding_cliente,team_gamma,2026-08-13 22:54:28.944986,2026-08-17 21:53:17.089977,95.0,False,0,False,False,False,True
TCK-05845,onboarding_cliente,team_gamma,2026-03-26 17:28:33.485151,2026-03-30 20:04:07.912260,98.6,False,0,False,False,False,True
TCK-05846,onboarding_cliente,team_gamma,2026-03-25 04:55:01.496128,2026-03-29 16:49:28.063307,107.9,False,0,False,False,False,True
TCK-05847,onboarding_cliente,team_gamma,2026-08-02 22:18:57.234131,2026-08-06 02:33:37.368515,76.2,False,0,False,False,False,True
TCK-05848,onboarding_cliente,team_gamma,2026-03-24 02:55:34.364983,2026-03-27 11:32:28.915061,80.6,False,0,False,False,False,True
TCK-05849,onboarding_cliente,team_gamma,2026-07-01 19:44:04.777713,2026-07-05 10:41:25.640586,87.0,False,0,False,False,False,True
TCK-05850,onboarding_cliente,team_gamma,2026-03-14 00:06:45.752007,2026-03-18 15:42:43.545056,111.6,False,0,False,False,False,True
TCK-05851,onboarding_cliente,team_gamma,2026-04-03 10:03:12.182075,2026-04-07 16:48:49.941103,102.8,False,0,False,False,False,True
TCK-05852,onboarding_cliente,team_gamma,2026-06-20 04:36:01.915370,2026-06-23 20:12:34.078993,87.6,False,0,False,False,False,True
TCK-05853,onboarding_cliente,team_gamma,2026-04-11 11:08:52.895840,2026-04-15 05:36:27.638386,90.5,False,0,False,False,False,True
TCK-05854,onboarding_cliente,team_gamma,2026-02-07 23:08:33.945846,2026-02-11 13:04:17.519840,85.9,False,0,False,False,False,True
TCK-05855,onboarding_cliente,team_gamma,2025-12-19 21:01:55.973366,2025-12-23 20:06:24.048774,95.1,False,0,False,False,False,True
TCK-05856,onboarding_cliente,team_gamma,2026-07-12 21:13:36.418120,2026-07-16 23:57:32.968115,98.7,False,0,False,False,False,True
TCK-05857,onboarding_cliente,team_gamma,2026-02-12 17:15:19.470470,2026-02-16 03:53:59.530344,82.6,False,0,False,False,False,True
TCK-05858,onboarding_cliente,team_gamma,2026-04-09 11:21:24.443688,2026-04-13 18:09:08.303288,102.8,False,0,False,False,False,True
TCK-05859,onboarding_cliente,team_gamma,2026-02-08 13:50:37.500996,2026-02-12 22:06:44.216188,104.3,False,0,False,False,False,True
TCK-05860,onboarding_cliente,team_gamma,2026-03-04 14:36:13.030739,2026-03-09 02:02:11.080883,107.4,False,0,False,False,False,True
TCK-05861,onboarding_cliente,team_gamma,2026-04-23 13:03:47.064859,2026-04-27 18:47:10.217677,101.7,False,0,False,False,False,True
TCK-05862,onboarding_cliente,team_gamma,2026-03-11 09:02:53.263446,2026-03-15 06:49:22.633060,93.8,False,0,False,False,False,True
TCK-05863,onboarding_cliente,team_gamma,2026-05-27 08:36:17.152314,2026-05-31 16:51:09.895130,104.2,False,0,False,False,False,True
TCK-05864,onboarding_cliente,team_gamma,2026-03-03 14:05:04.713473,2026-03-07 06:28:38.961395,88.4,False,0,False,False,False,True
TCK-05865,onboarding_cliente,team_gamma,2026-04-21 12:39:11.436840,2026-04-25 10:50:01.207406,94.2,False,0,False,False,False,True
TCK-05866,onboarding_cliente,team_gamma,2026-02-04 18:56:52.760527,2026-02-08 04:32:08.763832,81.6,False,0,False,False,False,True
TCK-05867,onboarding_cliente,team_gamma,2026-01-17 21:05:47.094916,2026-01-22 05:57:41.009601,104.9,False,0,False,False,False,True
TCK-05868,onboarding_cliente,team_gamma,2026-08-16 00:55:05.198763,2026-08-20 18:37:57.399341,113.7,False,0,False,False,False,True
TCK-05869,onboarding_cliente,team_gamma,2026-01-06 16:51:26.485371,2026-01-11 02:46:56.274312,105.9,False,0,False,False,False,True
TCK-05870,onboarding_cliente,team_gamma,2026-06-08 01:05:12.060691,2026-06-12 00:44:15.066835,95.7,False,0,False,False,False,True
TCK-05871,onboarding_cliente,team_gamma,2026-08-10 05:30:16.705245,2026-08-14 08:40:15.025271,99.2,False,0,False,False,False,True
TCK-05872,onboarding_cliente,team_gamma,2026-05-14 03:45:32.761740,2026-05-17 16:36:02.481506,84.8,False,0,False,False,False,True
TCK-05873,onboarding_cliente,team_gamma,2026-07-31 15:04:12.756360,2026-08-03 16:45:34.283037,73.7,False,0,False,False,False,True
TCK-05874,onboarding_cliente,team_gamma,2026-08-14 17:11:40.427305,2026-08-19 22:06:04.388243,124.9,False,0,False,False,False,True
TCK-05875,onboarding_cliente,team_gamma,2026-08-24 00:23:05.319173,2026-08-27 07:08:26.489257,78.8,False,0,False,False,False,True
TCK-05876,onboarding_cliente,team_gamma,2026-05-27 15:37:02.026757,2026-05-31 07:55:54.765932,88.3,False,0,False,False,False,True
TCK-05877,onboarding_cliente,team_gamma,2026-04-03 03:51:44.270447,2026-04-06 18:29:11.771566,86.6,False,0,False,False,False,True
TCK-05878,onboarding_cliente,team_gamma,2026-05-02 00:29:17.875135,2026-05-05 20:52:03.812952,92.4,False,0,False,False,False,True
TCK-05879,onboarding_cliente,team_gamma,2026-06-03 16:57:44.852930,2026-06-07 13:59:33.786669,93.0,False,0,False,False,False,True
TCK-05880,onboarding_cliente,team_gamma,2026-04-25 08:20:55.295420,2026-04-29 10:35:50.931415,98.2,False,0,False,False,False,True
TCK-05881,onboarding_cliente,team_gamma,2026-08-23 09:51:07.256144,2026-08-26 08:19:44.498378,70.5,False,0,False,False,False,True
TCK-05882,onboarding_cliente,team_gamma,2026-01-10 11:38:56.058992,2026-01-14 02:22:04.132087,86.7,False,0,False,False,False,True
TCK-05883,onboarding_cliente,team_gamma,2026-04-17 08:43:31.259888,2026-04-21 07:13:03.661430,94.5,False,0,False,False,False,True
TCK-05884,onboarding_cliente,team_gamma,2026-08-03 12:45:25.488845,2026-08-07 21:11:03.278346,104.4,False,0,False,False,False,True
TCK-05885,onboarding_cliente,team_gamma,2026-06-06 03:11:23.633536,2026-06-10 01:09:53.084329,94.0,False,0,False,False,False,True
TCK-05886,onboarding_cliente,team_gamma,2026-03-14 07:33:22.735205,2026-03-18 21:18:13.136481,109.7,False,0,False,False,False,True
TCK-05887,onboarding_cliente,team_gamma,2026-05-10 20:08:13.425584,2026-05-14 18:57:54.108980,94.8,False,0,False,False,False,True
TCK-05888,onboarding_cliente,team_gamma,2026-02-21 10:41:53.570245,2026-02-25 06:27:24.409160,91.8,False,0,False,False,False,True
TCK-05889,onboarding_cliente,team_gamma,2026-04-12 08:44:25.820733,2026-04-15 23:25:09.185992,86.7,False,0,False,False,False,True
TCK-05890,onboarding_cliente,team_gamma,2026-07-22 18:22:45.520323,2026-07-26 12:41:42.511786,90.3,False,0,False,False,False,True
TCK-05891,onboarding_cliente,team_gamma,2026-07-20 03:10:33.385297,2026-07-22 18:18:53.595268,63.1,False,0,False,False,False,True
TCK-05892,onboarding_cliente,team_gamma,2026-04-08 19:06:11.963457,2026-04-13 04:16:05.326884,105.2,False,0,False,False,False,True
TCK-05893,onboarding_cliente,team_gamma,2026-03-12 01:03:40.414626,2026-03-16 04:09:34.467909,99.1,False,0,False,False,False,True
TCK-05894,onboarding_cliente,team_gamma,2026-05-04 15:40:34.047788,2026-05-09 03:33:06.136499,107.9,False,0,False,False,False,True
TCK-05895,onboarding_cliente,team_gamma,2026-05-27 20:02:50.196499,2026-05-30 21:23:29.372682,73.3,False,0,False,False,False,True
TCK-05896,onboarding_cliente,team_gamma,2025-12-31 07:40:10.954562,2026-01-04 05:16:31.634824,93.6,False,0,False,False,False,True
TCK-05897,onboarding_cliente,team_gamma,2026-06-27 23:53:56.623935,2026-07-01 10:02:55.627115,82.1,False,0,False,False,False,True
TCK-05898,onboarding_cliente,team_gamma,2026-05-08 22:28:27.540404,2026-05-12 04:24:38.838834,77.9,False,0,False,False,False,True
TCK-05899,onboarding_cliente,team_gamma,2026-04-19 04:34:12.600629,2026-04-22 15:22:07.730508,82.8,False,0,False,False,False,True
TCK-05900,onboarding_cliente,team_gamma,2026-04-30 15:56:57.288592,2026-05-04 20:38:33.578939,100.7,False,0,False,False,False,True
TCK-05901,onboarding_cliente,team_gamma,2026-01-29 11:48:28.685516,2026-02-01 17:27:13.830554,77.6,False,0,False,False,False,True
TCK-05902,onboarding_cliente,team_gamma,2026-02-24 10:03:30.612754,2026-03-01 04:03:08.506290,114.0,False,0,False,False,False,True
TCK-05903,onboarding_cliente,team_gamma,2026-06-29 04:55:48.731816,2026-07-02 22:22:37.798381,89.4,False,0,False,False,False,True
TCK-05904,onboarding_cliente,team_gamma,2026-05-26 16:41:54.693020,2026-05-31 06:13:58.776068,109.5,False,0,False,False,False,True
TCK-05905,onboarding_cliente,team_gamma,2025-12-25 19:05:17.986978,2025-12-29 15:12:49.445071,92.1,False,0,False,False,False,True
TCK-05906,onboarding_cliente,team_gamma,2026-05-27 03:50:16.321127,2026-05-30 10:24:12.590144,78.6,False,0,False,False,False,True
TCK-05907,onboarding_cliente,team_gamma,2026-04-14 11:07:30.087702,2026-04-18 12:29:15.961645,97.4,False,0,False,False,False,True
TCK-05908,onboarding_cliente,team_gamma,2026-01-07 18:15:28.497056,2026-01-11 12:15:01.116831,90.0,False,0,False,False,False,True
TCK-05909,onboarding_cliente,team_gamma,2026-06-28 15:40:09.470976,2026-07-03 03:33:45.195432,107.9,False,0,False,False,False,True
TCK-05910,onboarding_cliente,team_gamma,2026-04-12 22:22:56.839003,2026-04-16 11:40:44.499996,85.3,False,0,False,False,False,True
TCK-05911,onboarding_cliente,team_gamma,2026-02-28 16:24:38.302686,2026-03-04 21:28:42.096482,101.1,False,0,False,False,False,True
TCK-05912,onboarding_cliente,team_gamma,2026-08-10 20:53:52.131865,2026-08-14 13:58:38.209368,89.1,False,0,False,False,False,True
TCK-05913,onboarding_cliente,team_gamma,2026-01-20 13:15:42.396457,2026-01-24 04:12:32.002487,86.9,False,0,False,False,False,True
TCK-05914,onboarding_cliente,team_gamma,2026-01-29 23:20:02.089832,2026-02-03 23:12:29.217566,119.9,False,0,False,False,False,True
TCK-05915,onboarding_cliente,team_gamma,2026-07-13 12:57:24.568225,2026-07-17 04:31:34.746582,87.6,False,0,False,False,False,True
TCK-05916,onboarding_cliente,team_gamma,2026-08-10 06:27:03.032722,2026-08-14 22:02:21.866402,111.6,False,0,False,False,False,True
TCK-05917,onboarding_cliente,team_gamma,2026-04-09 22:20:59.534595,2026-04-14 15:39:21.334113,113.3,False,0,False,False,False,True
TCK-05918,onboarding_cliente,team_gamma,2026-04-01 16:03:55.696274,2026-04-06 02:40:35.911226,106.6,False,0,False,False,False,True
TCK-05919,onboarding_cliente,team_gamma,2026-03-17 01:27:51.048153,2026-03-21 07:27:40.343101,102.0,False,0,False,False,False,True
TCK-05920,onboarding_cliente,team_gamma,2026-06-30 18:59:16.551349,2026-07-05 15:35:44.669997,116.6,False,0,False,False,False,True
TCK-05921,onboarding_cliente,team_gamma,2026-04-02 02:35:52.717674,2026-04-05 06:33:48.084711,76.0,False,0,False,False,False,True
TCK-05922,onboarding_cliente,team_gamma,2026-05-15 05:06:36.147909,2026-05-19 01:42:15.100030,92.6,False,0,False,False,False,True
TCK-05923,onboarding_cliente,team_gamma,2026-01-26 07:35:58.118993,2026-01-30 13:44:42.118113,102.1,False,0,False,False,False,True
TCK-05924,onboarding_cliente,team_gamma,2026-03-07 07:00:55.011058,2026-03-11 13:49:54.014951,102.8,False,0,False,False,False,True
TCK-05925,onboarding_cliente,team_gamma,2026-03-29 16:48:41.558627,2026-04-02 10:53:49.316716,90.1,False,0,False,False,False,True
TCK-05926,onboarding_cliente,team_gamma,2026-08-24 16:47:43.488562,,,False,0,False,False,False,True
TCK-05927,onboarding_cliente,team_gamma,2026-06-14 05:40:41.941083,2026-06-19 08:32:59.456738,122.9,False,0,False,False,False,True
TCK-05928,onboarding_cliente,team_gamma,2026-01-14 00:38:05.224948,2026-01-18 07:26:12.093574,102.8,False,0,False,False,False,True
TCK-05929,onboarding_cliente,team_gamma,2026-03-25 00:49:23.660470,2026-03-28 21:11:27.058125,92.4,False,0,False,False,False,True
TCK-05930,onboarding_cliente,team_gamma,2026-05-09 10:09:50.568394,2026-05-13 11:52:47.501812,97.7,False,0,False,False,False,True
TCK-05931,onboarding_cliente,team_gamma,2026-06-23 23:14:26.869994,2026-06-27 18:49:49.587728,91.6,False,0,False,False,False,True
TCK-05932,onboarding_cliente,team_gamma,2026-01-25 11:20:48.577153,2026-01-30 10:11:20.750395,118.8,False,0,False,False,False,True
TCK-05933,onboarding_cliente,team_gamma,2026-06-01 15:28:12.916086,2026-06-05 08:57:15.436940,89.5,False,0,False,False,False,True
TCK-05934,onboarding_cliente,team_gamma,2026-01-02 09:08:09.625140,2026-01-06 01:56:13.911360,88.8,False,0,False,False,False,True
TCK-05935,onboarding_cliente,team_gamma,2026-01-31 12:23:25.130986,2026-02-04 07:17:01.372905,90.9,False,0,False,False,False,True
TCK-05936,onboarding_cliente,team_gamma,2025-12-21 01:36:44.441867,2025-12-25 18:40:44.587169,113.1,False,0,False,False,False,True
TCK-05937,onboarding_cliente,team_gamma,2026-07-03 13:55:08.514784,2026-07-07 05:41:59.660366,87.8,False,0,False,False,False,True
TCK-05938,onboarding_cliente,team_gamma,2026-03-05 03:35:04.117656,2026-03-08 13:24:57.375946,81.8,False,0,False,False,False,True
TCK-05939,onboarding_cliente,team_gamma,2026-03-12 05:04:35.402343,2026-03-17 02:00:49.271043,116.9,False,0,False,False,False,True
TCK-05940,onboarding_cliente,team_gamma,2026-05-28 01:01:22.732356,2026-05-31 05:52:56.843528,76.9,False,0,False,False,False,True
TCK-05941,onboarding_cliente,team_gamma,2026-08-21 19:17:52.112427,2026-08-25 20:04:55.501483,96.8,False,0,False,False,False,True
TCK-05942,onboarding_cliente,team_gamma,2026-02-19 12:29:08.352728,2026-02-22 18:50:55.636595,78.4,False,0,False,False,False,True
TCK-05943,onboarding_cliente,team_gamma,2026-06-21 11:43:54.156261,2026-06-25 22:48:41.409830,107.1,False,0,False,False,False,True
TCK-05944,onboarding_cliente,team_gamma,2026-01-11 07:10:31.866706,2026-01-15 06:39:49.891924,95.5,False,0,False,False,False,True
TCK-05945,onboarding_cliente,team_gamma,2026-06-12 05:08:43.082478,2026-06-16 02:10:38.862462,93.0,False,0,False,False,False,True
TCK-05946,onboarding_cliente,team_gamma,2026-05-03 03:09:15.925991,2026-05-06 13:43:15.546843,82.6,False,0,False,False,False,True
TCK-05947,onboarding_cliente,team_gamma,2026-03-07 22:49:49.535123,2026-03-11 12:32:07.329865,85.7,False,0,False,False,False,True
TCK-05948,onboarding_cliente,team_gamma,2026-06-19 15:40:59.640275,2026-06-23 15:06:22.157209,95.4,False,0,False,False,False,True
TCK-05949,onboarding_cliente,team_gamma,2026-07-08 06:16:57.083304,2026-07-11 15:32:06.319913,81.3,False,0,False,False,False,True
TCK-05950,onboarding_cliente,team_gamma,2026-05-18 13:00:07.092305,2026-05-21 20:01:57.794796,79.0,False,0,False,False,False,True
TCK-05951,onboarding_cliente,team_gamma,2026-04-16 08:19:27.932368,2026-04-20 15:47:04.149174,103.5,False,0,False,False,False,True
TCK-05952,onboarding_cliente,team_gamma,2026-05-20 09:25:24.174708,2026-05-22 22:10:46.760736,60.8,False,0,False,False,False,True
TCK-05953,onboarding_cliente,team_gamma,2026-08-23 17:15:51.881721,2026-08-27 19:24:32.079773,98.1,False,0,False,False,False,True
TCK-05954,onboarding_cliente,team_gamma,2026-02-21 07:40:17.395475,2026-02-25 12:05:29.821254,100.4,False,0,False,False,False,True
TCK-05955,onboarding_cliente,team_gamma,2026-08-22 21:29:06.928356,2026-08-26 23:34:42.826369,98.1,False,0,False,False,False,True
TCK-05956,onboarding_cliente,team_gamma,2026-07-31 00:57:39.732643,2026-08-05 01:06:48.026094,120.2,False,0,False,False,False,True
TCK-05957,onboarding_cliente,team_gamma,2026-05-10 08:33:38.140443,2026-05-14 12:34:41.042566,100.0,False,0,False,False,False,True
TCK-05958,onboarding_cliente,team_gamma,2026-07-25 11:04:29.588669,2026-07-29 00:15:41.357472,85.2,False,0,False,False,False,True
TCK-05959,onboarding_cliente,team_gamma,2026-08-20 03:23:02.979001,2026-08-23 13:53:18.048778,82.5,False,0,False,False,False,True
TCK-05960,onboarding_cliente,team_gamma,2026-07-04 08:47:57.364393,2026-07-08 02:20:05.606205,89.5,False,0,False,False,False,True
TCK-05961,onboarding_cliente,team_gamma,2026-03-18 21:51:22.213480,2026-03-22 11:02:04.333848,85.2,False,0,False,False,False,True
TCK-05962,onboarding_cliente,team_gamma,2026-08-15 18:11:49.144293,2026-08-20 15:17:36.869587,117.1,False,0,False,False,False,True
TCK-05963,onboarding_cliente,team_gamma,2026-05-26 09:08:30.511298,2026-05-30 10:53:25.243033,97.7,False,0,False,False,False,True
TCK-05964,onboarding_cliente,team_gamma,2026-08-08 18:11:37.025258,2026-08-13 19:40:26.849335,121.5,False,0,False,False,False,True
TCK-05965,onboarding_cliente,team_gamma,2025-12-21 00:12:54.445308,2025-12-24 10:19:15.344993,82.1,False,0,False,False,False,True
TCK-05966,onboarding_cliente,team_gamma,2026-04-13 05:51:23.160668,2026-04-16 07:10:21.267638,73.3,False,0,False,False,False,True
TCK-05967,onboarding_cliente,team_gamma,2026-03-01 07:08:44.171070,2026-03-06 02:04:54.822762,114.9,False,0,False,False,False,True
TCK-05968,onboarding_cliente,team_gamma,2026-08-22 08:01:34.688245,2026-08-26 18:11:08.195682,106.2,False,0,False,False,False,True
TCK-05969,onboarding_cliente,team_gamma,2026-08-01 09:36:20.387486,2026-08-04 20:04:00.005604,82.5,False,0,False,False,False,True
TCK-05970,onboarding_cliente,team_gamma,2026-05-18 07:53:20.876146,2026-05-21 19:14:15.306763,83.3,False,0,False,False,False,True
TCK-05971,onboarding_cliente,team_gamma,2025-12-25 14:16:04.191098,2025-12-28 11:22:51.092584,69.1,False,0,False,False,False,True
TCK-05972,onboarding_cliente,team_gamma,2026-03-24 12:26:08.831678,2026-03-29 08:40:05.986768,116.2,False,0,False,False,False,True
TCK-05973,onboarding_cliente,team_gamma,2026-04-29 20:17:27.250284,2026-05-04 03:53:25.708735,103.6,False,0,False,False,False,True
TCK-05974,onboarding_cliente,team_gamma,2026-05-02 13:40:20.541090,2026-05-06 04:26:34.604653,86.8,False,0,False,False,False,True
TCK-05975,onboarding_cliente,team_gamma,2026-07-01 19:27:36.367848,2026-07-06 09:56:50.091804,110.5,False,0,False,False,False,True
TCK-05976,onboarding_cliente,team_gamma,2026-01-04 15:35:46.137716,2026-01-08 16:56:46.378276,97.4,False,0,False,False,False,True
TCK-05977,onboarding_cliente,team_gamma,2026-06-07 01:10:09.145267,2026-06-11 13:04:53.449894,107.9,False,0,False,False,False,True
TCK-05978,onboarding_cliente,team_gamma,2026-07-27 15:43:18.698928,2026-07-31 17:29:53.674481,97.8,False,0,False,False,False,True
TCK-05979,onboarding_cliente,team_gamma,2026-06-07 06:29:45.781740,2026-06-11 11:13:33.770590,100.7,False,0,False,False,False,True
TCK-05980,onboarding_cliente,team_gamma,2026-05-25 18:33:50.770553,2026-05-29 04:09:41.285530,81.6,False,0,False,False,False,True
TCK-05981,onboarding_cliente,team_gamma,2026-08-25 05:44:54.604110,2026-08-28 16:02:05.735193,82.3,False,0,False,False,False,True
TCK-05982,onboarding_cliente,team_gamma,2026-08-10 11:39:24.472378,2026-08-14 06:17:08.141067,90.6,False,0,False,False,False,True
TCK-05983,onboarding_cliente,team_gamma,2026-01-06 11:43:52.059231,2026-01-10 22:18:32.879218,106.6,False,0,False,False,False,True
TCK-05984,onboarding_cliente,team_gamma,2026-01-14 00:45:52.290579,2026-01-18 06:19:15.013626,101.6,False,0,False,False,False,True
TCK-05985,onboarding_cliente,team_gamma,2026-01-28 22:31:05.228830,2026-02-02 09:46:45.497872,107.3,False,0,False,False,False,True
TCK-05986,onboarding_cliente,team_gamma,2026-08-14 12:14:18.819572,2026-08-18 08:41:18.168334,92.4,False,0,False,False,False,True
TCK-05987,onboarding_cliente,team_gamma,2026-01-29 05:44:35.273519,2026-02-01 11:12:17.909485,77.5,False,0,False,False,False,True
TCK-05988,onboarding_cliente,team_gamma,2026-07-26 23:54:27.787580,2026-07-30 14:51:16.877943,86.9,False,0,False,False,False,True
TCK-05989,onboarding_cliente,team_gamma,2026-04-24 11:51:06.101525,2026-04-27 17:22:23.792088,77.5,False,0,False,False,False,True
TCK-05990,onboarding_cliente,team_gamma,2026-07-14 19:57:43.508844,2026-07-18 05:19:48.134046,81.4,False,0,False,False,False,True
TCK-05991,onboarding_cliente,team_gamma,2026-06-05 08:54:22.512998,2026-06-08 21:58:39.003323,85.1,False,0,False,False,False,True
TCK-05992,onboarding_cliente,team_gamma,2026-02-19 23:57:33.026281,2026-02-23 14:01:24.433961,86.1,False,0,False,False,False,True
TCK-05993,onboarding_cliente,team_gamma,2026-03-09 02:17:30.027684,2026-03-12 22:13:00.562688,91.9,False,0,False,False,False,True
TCK-05994,onboarding_cliente,team_gamma,2026-05-16 10:26:04.619916,2026-05-20 11:55:39.553234,97.5,False,0,False,False,False,True
TCK-05995,onboarding_cliente,team_gamma,2026-07-02 01:53:41.194204,2026-07-05 16:39:44.145879,86.8,False,0,False,False,False,True
TCK-05996,onboarding_cliente,team_gamma,2026-07-15 05:22:24.335761,2026-07-19 06:54:01.783141,97.5,False,0,False,False,False,True
TCK-05997,onboarding_cliente,team_gamma,2026-08-26 11:59:43.639815,2026-08-30 08:26:27.429277,92.4,False,0,False,False,False,True
TCK-05998,onboarding_cliente,team_gamma,2026-08-01 01:32:30.207930,2026-08-04 15:01:27.151178,85.5,False,0,False,False,False,True
TCK-05999,onboarding_cliente,team_gamma,2026-07-24 16:28:26.864846,2026-07-27 19:02:44.748811,74.6,False,0,False,False,False,True
TCK-06000,onboarding_cliente,team_gamma,2026-05-13 03:12:41.253817,2026-05-18 10:37:16.699036,127.4,False,0,False,False,False,True
